Index,Hogwarts House,First Name,Last Name,Birthday,Best Hand,Arithmancy,Astronomy,Herbology,Defense Against the Dark Arts,Divination,Muggle Studies,Ancient Runes,History of Magic,Transfiguration,Potions,Care of Magical Creatures,Charms,Flying,Arithmancy_missing,Astronomy_missing,Herbology_missing,Defense Against the Dark Arts_missing,Divination_missing,Muggle Studies_missing,Ancient Runes_missing,History of Magic_missing,Transfiguration_missing,Potions_missing,Care of Magical Creatures_missing
0,Ravenclaw,Tamara,Hsu,0.8,0,0.6398867977050245,0.24148559436684192,0.7313508799119366,0.7585144056331582,0.7169358707820247,0.6234988944148684,0.5386788353677823,0.6790809726454082,0.6923535131916837,0.46548965523964175,0.6325706048190499,0.793213118859273,0.3356494549876232,0,0,0,0,0,0,0,0,0,0,0
1,Slytherin,Erich,Paredes,0.6,1,0.7083571748913599,0.20912252876493503,0.19664539317751056,0.7908774712350651,0.16605362759208914,0.27498291792687884,0.1817678379927306,0.6249143169396459,0.7919543221557792,0.6551532656852214,0.5345732370084205,0.24886232137533257,0.14769618274199853,0,0,0,0,0,0,0,0,0,0,0
2,Ravenclaw,Stephany,Braun,0.6,0,0.3717117980916444,0.302914181247924,0.8225406480067575,0.6970858187520761,0.7925262540647157,0.8038010257817897,0.6905683603505536,0.5983299459444509,0.9434835811039638,0.7363076470337869,0.43928596535315384,0.9462530017590861,0.46009032874451733,0,0,0,0,0,0,0,0,0,0,0
3,Gryffindor,Vesta,Mcmichael,0.8,0,0.4410327389697354,0.8393964889281106,0.17337737761558894,0.16060351107188955,0.6798336798336798,0.2521911868501568,0.5202571610452487,0.19516187825326148,0.07156484470138796,0.30269385972356766,0.5179781153906047,0.11796962334906827,0.8296999174881662,0,0,0,0,0,0,0,0,0,0,0
4,Gryffindor,Gaston,Gibbs,0.4,0,0.6536040703338849,0.7077909123309761,0.11297136558719978,0.49291427683210426,0.584412815182046,0.29475358588770184,0.6835031782949441,0.26096164659949056,0.16017918820898294,0.4940456349054908,0.47872835652225687,0.13086799334545812,0.7370695270769098,0,0,0,1,0,0,0,0,0,0,0
5,Slytherin,Corrine,Hammond,0.6,1,0.3524349318775807,0.17804429896655086,0.274160721489851,0.8219557010334493,0.11381203688895995,0.2962519814729501,0.2433926722066436,0.6862731158098402,0.7602411188089495,0.9020771080754243,0.6849949889941962,0.36785915412295866,0.3187128153906284,0,0,0,0,0,0,0,0,0,0,0
6,Gryffindor,Tom,Guido,0.8,0,0.5686172927330931,0.8042485173510389,0.24801662209402273,0.1957514826489613,0.6333445105435446,0.07325044259957154,0.649741155459634,0.07405312861523908,0.08793311572354927,0.3479249947498167,0.5442036156890848,0.09024086502316905,0.9619577018282885,0,0,0,0,1,0,0,0,0,0,0
7,Hufflepuff,Alicia,Hayward,0.2,1,0.4436849512085737,0.6950006529112573,0.7406920388020013,0.30499934708874277,0.6128258435950744,0.26824517095584777,0.33688589835116073,0.5697747007282028,0.6991317000909038,0.6185764496649503,0.4932279502415736,0.47764254460458144,0.5509184869935294,0,0,0,0,0,0,0,1,0,0,0
8,Gryffindor,Bella,Leatherman,0.4,0,0.3452360700864482,0.7378570595792817,0.23186243667891945,0.26214294042071834,0.7773335465643159,0.21109177387836353,0.6152901826337274,0.128216756995284,0.09685486081846433,0.31720541793552015,0.7002436672366426,0.24629752633154048,0.924089112780649,0,0,0,0,0,0,0,0,0,0,0
9,Hufflepuff,Hayden,Aponte,1.0,1,0.5465722283222244,0.7533887681378066,0.8315411897704005,0.24661123186219341,0.6441174902713365,0.315938979458238,0.12481619806907102,0.6669142013748941,0.7008096935579827,0.37107692778412477,0.4370487343129665,0.46247302838399446,0.39384201155165677,0,0,0,0,0,0,0,0,0,0,0
10,Hufflepuff,Antonio,Denning,0.4,1,0.46385877549757976,0.7925931249651438,0.7202597002602857,0.2074068750348562,0.7508395969934432,0.25503907995221375,0.43551781791108657,0.7016652861078994,0.6741405061649393,0.7672714158306136,0.44223301323264036,0.5153519939765502,0.534329265644678,0,0,0,0,0,0,0,0,0,0,0
11,Hufflepuff,Neville,Hall,1.0,0,0.5483816092665048,0.7086894442148486,0.7127890948808979,0.2913105557851515,0.6258862412708567,0.2606544177553853,0.2885954598037048,0.6583750211739213,0.7286122629584904,0.6073434244846352,0.3758169172189656,0.4529794125788375,0.4388978156077648,0,0,0,0,0,0,0,0,0,0,0
12,Hufflepuff,Rocky,Trask,0.8,1,0.3944837078391043,0.845121187363683,0.5477791725419587,0.15487881263631695,0.8432219201449971,0.3477850940602361,0.32854567954927916,0.730630736777936,0.6780034315280264,0.702401313374894,0.37275490643870623,0.4785209644482806,0.4104529465410171,0,0,0,0,0,0,0,0,0,0,0
13,Slytherin,Fred,Simms,0.2,0,0.4821458948703277,0.21309058073363463,0.13633059656814997,0.7869094192663655,0.13577482808252042,0.3518082885704645,0.23353649595875622,0.5674438215054313,0.9148509499833688,0.8580708372947533,0.7986476471084916,0.27859468546168886,0.21941633734311897,0,0,0,0,0,0,0,0,0,0,0
14,Ravenclaw,Jan,Saylor,0.4,1,0.5347803225956111,0.3879130908930243,0.5951148077965872,0.6120869091069758,0.8172077402846634,0.7406782955115859,0.697080046777561,0.6910836024925021,0.8157558489269694,0.7735427067619164,0.34551806976717275,0.7969864781175487,0.35074043514135583,0,0,0,0,0,0,0,0,0,0,0
15,Ravenclaw,Long,Burks,1.0,0,0.35569027109784573,0.26177668757199063,0.6546478319631927,0.7382233124280095,0.729036729036729,0.8704685792363153,0.718618322125256,0.6030490626858376,0.8798718636054321,0.7853564835036146,0.6092050779284697,0.8889931663484067,0.43095062318148264,0,0,0,0,0,0,0,0,0,0,0
16,Gryffindor,Fran,Jorgensen,0.2,0,0.5124800890772158,0.7248758164380936,0.2180608646061579,0.2751241835619065,0.7011034703342396,0.2993289849748445,0.677621772271299,0.22638375977682404,0.31506428784719664,0.5333315447244622,0.3418591864307877,0.2463584458285309,0.7724410474660183,0,0,0,0,0,0,0,0,0,0,0
17,Gryffindor,Freddie,Ward,1.0,0,0.6430725453505096,0.8159243883041137,0.24989741168847024,0.18407561169588632,0.6974785436323897,0.2837285975574455,0.7421094884416137,0.17602644689600114,0.1505320959815867,0.42561071282246066,0.5474362691508193,0.17196872162821844,0.8551700178051853,0,0,0,0,0,0,0,0,0,0,0
18,Ravenclaw,Tyrone,Cooley,0.8,1,0.3088938032568857,0.41133226471871315,0.7835988210205579,0.588667735281287,0.8866677328215791,0.7948762472564297,0.7010930951912748,0.7314402880291845,0.9589074333575895,0.8997499131254962,0.5610844218669703,0.9623584885002524,0.4184001389672993,0,0,0,0,0,0,0,0,0,0,0
19,Hufflepuff,Elden,Scholl,0.6,1,0.6284815118383001,0.7185586048218289,0.7886074211080127,0.2814413951781712,0.7683245375553068,0.23260894464503568,0.25883248905449696,0.6325600693714045,0.7560299979856849,0.44718069533339067,0.5312030795456854,0.506723322734651,0.4023103313501542,0,0,0,0,0,0,0,0,0,0,0
20,Gryffindor,Mel,Marion,0.4,0,0.5722327315671748,0.8423268358455763,0.29383249727744776,0.15767316415442362,0.7779199317660856,0.29980762761863733,0.7082214826982528,0.1845642686915819,0.19937030272033615,0.4241126550342737,0.5456917047230134,0.23366810047393702,0.8613149780692231,1,0,0,0,0,0,0,0,0,0,0
21,Gryffindor,Pansy,Mosher,0.6,0,0.43496280716947866,0.8351671051329098,0.20688285462314238,0.16483289486709038,0.7819713204328589,0.4910663865927048,0.45908157018511264,0.33180605010111786,0.28329048337137497,0.500675875358525,0.7655079606418737,0.27595577637547586,0.6912754592434969,0,0,0,0,0,0,1,0,0,0,0
22,Ravenclaw,Joseph,Coulter,1.0,0,0.4967523931769327,0.35404894448544366,0.7415190871192874,0.6459510555145566,0.8292552907937524,0.8407796308979802,0.7430854788222113,0.662485958453709,0.8990863771136415,0.7686406302589004,0.5773838184911558,0.9055200363383401,0.39030268814869506,0,0,0,0,0,0,0,0,0,0,0
23,Hufflepuff,Rosie,Tuggle,0.6,0,0.5362958724463758,0.8270030002619055,0.4759409147169514,0.17299699973809454,0.9674289674289674,0.1729326373215977,0.3857353425735406,0.4525976692566225,0.8680763231394115,0.6056466842750887,0.7945478016848356,0.42722955533258916,0.4449776349502758,0,0,0,0,0,0,0,0,0,0,0
24,Ravenclaw,Esther,Li,1.0,0,0.8034501956296491,0.22971508923904216,0.8334116028465327,0.770284910760958,0.7727490804413881,0.6912949173182763,0.821811731867499,0.7686552104699756,0.6696661714903043,0.6573297416471504,0.5572377697417269,0.9042205139808848,0.38014070439049813,0,0,0,0,0,0,0,0,0,0,0
25,Hufflepuff,Lucio,Wray,0.6,0,0.5480336513926047,0.7437907586721821,0.7489679118665129,0.2562092413278179,0.6402793325870249,0.32077907307852616,0.26748258669552943,0.6747918823704829,0.6782744039089997,0.5378143415377221,0.7289718174647597,0.4600471971697425,0.4369435879619577,0,0,0,0,0,0,0,0,0,0,0
26,Slytherin,Araceli,Flint,0.4,0,0.700678904473965,0.2762136078807684,0.16616489132055137,0.7237863921192318,0.1450503758196066,0.350856887519851,0.27031678759551386,0.660132281502234,0.6931605502860952,0.7368839376926098,0.523760121603223,0.22462815244360174,0.19548790550223652,0,0,0,0,0,0,0,0,0,0,0
27,Hufflepuff,Georgianna,Wooten,0.8,1,0.4435380356618159,0.7964555828428694,0.6601072336293321,0.2035444171571305,0.7393251239405085,0.25595072406521135,0.37104064601898745,0.5175740152127861,0.7339513380331292,0.6234517582004853,0.6150952611272902,0.44661121963078915,0.5594953749945717,0,0,0,0,0,0,0,0,0,0,0
28,Gryffindor,Mimi,Baird,0.2,0,0.5008350988973601,0.6069885350875911,0.23816774177165828,0.39301146491240896,0.7593155285462978,0.24863075162308915,0.6938424824066867,0.18814057163971856,0.37055650168012566,0.4976686463286454,0.2766984717978305,0.32736677860507324,0.769813696964433,0,0,0,0,0,0,0,0,0,0,0
29,Hufflepuff,Brandy,Andrus,0.8,1,0.566026939671837,0.7186670349517762,0.6220148712132273,0.28133296504822386,0.7740817740817741,0.33473648444609994,0.09428496021428721,0.8402912163061802,0.7524403156991103,0.4800034453469322,0.5543625487390554,0.48617127418321493,0.17677074738350632,0,0,0,0,0,0,0,0,0,0,0
30,Hufflepuff,David,Mcclelland,0.8,0,0.5672022640458995,0.7901459599607608,0.6280737360117534,0.20985404003923938,0.8320272935657551,0.1872393942227002,0.22396545468210252,0.7010753534533165,0.8454981196779453,0.611344018786936,0.8265792684926925,0.4612341447885195,0.3146957918964694,0,0,0,0,0,0,0,0,0,0,0
31,Gryffindor,Kermit,Craft,0.8,0,0.6377835856672286,0.7469077011989289,0.34067089897302216,0.25309229880107126,0.7719494642571565,0.1841885750001575,0.7249241794173916,0.08940510061282354,0.2623802158939111,0.3526178363145839,0.5764746248596062,0.2446060979012816,0.8799887089069354,0,0,0,0,0,0,0,0,0,0,0
32,Ravenclaw,Carroll,Kersey,0.6,1,0.6234554536597436,0.3354882065088737,0.673995031729705,0.6645117934911264,0.814115891038968,0.905749630559017,0.7945929592223372,0.7030580647545144,0.8759202278778215,0.781389079293889,0.33218929203131153,0.8814821011780203,0.3179094106917966,0,0,0,0,0,0,0,0,0,0,0
33,Hufflepuff,Julie,Connolly,0.4,1,0.609676321853301,0.6960910759720459,0.6939388563664054,0.3039089240279542,0.638946638946639,0.3320047151593436,0.09088268013034626,0.6488629415696004,0.756393910010218,0.3458474414493902,0.5915088069084586,0.41956745472726903,0.28794458678942114,0,0,0,0,0,0,0,0,0,0,0
34,Ravenclaw,Granville,Mulligan,1.0,1,0.7387454958786323,0.10097097435075868,0.697495927179209,0.8990290256492416,0.6333445105435446,0.8064257133740773,0.657962342359648,0.5948220308180184,0.7069640425155176,0.39159265390111025,0.511795171951926,0.8486164536543,0.31137360489859733,0,0,0,0,1,0,0,0,0,0,1
35,Ravenclaw,Hannah,Canady,0.4,1,0.5321435751511684,0.34682598731554215,0.7984897037681937,0.653174012684458,0.8371448371448371,0.6141723899476991,0.6581488708718604,0.5453663189270593,0.7289947471319119,0.5145601708629438,0.5212890922832204,0.8377910309656331,0.5045381508663743,0,0,0,0,0,0,0,0,0,0,0
36,Hufflepuff,Lucien,Burt,0.4,1,0.5225708674203177,0.7745794913383134,0.777519679301834,0.22542050866168672,0.7392718161948931,0.3224327265578736,0.20621205489906308,0.5602147981884391,0.6852902686522864,0.34403084460939953,0.777976333504614,0.4686943969222465,0.46115429712945677,0,0,0,0,0,0,0,0,0,0,0
37,Hufflepuff,Julia,Montez,1.0,1,0.6518178865811979,0.6813646293534028,0.7753391374288833,0.3186353706465973,0.8179540487232796,0.17039687922729949,0.373725914626761,0.6606069898813005,0.7647648863881626,0.5735261236133503,0.6922252552488367,0.5527686367339518,0.4277370043861554,0,0,0,0,0,0,0,0,0,0,0
38,Slytherin,Wendell,Ratcliff,0.2,1,0.5037270154493296,0.17518774483109004,0.06427164504319435,0.8248122551689101,0.09632709632709635,0.375822726687348,0.2007915194725342,0.7562615578392284,0.7774627601732513,0.8997235499928866,0.5126825806294584,0.2716467747197006,0.12179180961480003,0,0,0,0,0,0,0,0,0,0,0
39,Gryffindor,Angela,Han,0.6,1,0.47412739897623063,0.7876306030835448,0.2627146965668329,0.2123693969164552,0.7757343141958526,0.2567844683554039,0.6840936772162467,0.21226763654650296,0.6419646504520408,0.4859657862356603,0.5942845355440599,0.2582464505269122,0.8382550918486994,0,0,0,0,0,0,0,0,1,0,0
40,Gryffindor,Ben,Southard,1.0,0,0.59310579465846,0.7366915000247998,0.24841527256809265,0.2633084999752002,0.7542512927128312,0.30874235024702645,0.6923377777714258,0.17571799609361083,0.19455609951055092,0.3553328013627059,0.2977461229720164,0.2400595944277476,0.8045555217787814,0,0,0,0,0,0,0,0,0,0,0
41,Hufflepuff,Orville,Hebert,0.0,1,0.4149436308244282,0.7328242035587,0.7198542863069887,0.26717579644130013,0.8177941254864333,0.29746990937166534,0.4294279995587463,0.6494444287350589,0.6405507605234061,0.6463461460358219,0.2233848492613552,0.571430777203644,0.5475094454336215,0,0,0,0,0,0,0,0,0,0,0
42,Ravenclaw,Julianne,Forrest,0.6,0,0.5129285681146869,0.18904233390898983,0.7713537194697669,0.8109576660910103,0.6367077136307906,0.6769754316617287,0.6269394791963385,0.7435649979318983,0.7066412534292181,0.6727062279003692,0.4087246185696967,0.8640487378434729,0.39959612628653324,0,0,0,0,0,0,0,0,0,0,0
43,Hufflepuff,Rosanna,Rinaldi,0.2,1,0.5343937027357222,0.7056656449076463,0.6458011022446151,0.2943343550923538,0.58611866304174,0.37209165315566173,0.1439476376308408,0.5697747007282028,0.7015699068321979,0.6032292127808033,0.6368287373197363,0.44345968841782807,0.2535718938637252,0,0,0,0,0,0,0,1,0,0,0
44,Hufflepuff,Jerald,Woodworth,0.4,0,0.5869353416946321,0.7094612032917491,0.7060226752483885,0.290538796708251,0.7073404765712458,0.22273261565453673,0.2191538279764757,0.5942780866736007,0.7949044965244313,0.47772570140531584,0.49757059505183054,0.4504174248851372,0.39132322925261653,0,0,0,0,0,0,0,0,0,0,0
45,Ravenclaw,Letha,Kim,0.8,1,0.7558804880689112,0.27822866184600825,0.801069260727103,0.7217713381539919,0.8338930646622954,0.723121671470849,0.8307664026838466,0.8086788067819813,0.7882324583093054,0.7813080862940948,0.25969668031897125,0.9300234301438658,0.3312198723237938,0,0,0,0,0,0,0,0,0,0,0
46,Ravenclaw,Laverne,Burrow,0.8,0,0.6455159828650078,0.29049025787238253,0.6694994656562977,0.7095097421276177,0.709792632869556,0.7158015422041841,0.6173385848261856,0.7325436911858884,0.7189320717996347,0.6153757382224617,0.7001902028966733,0.7844974197645309,0.30998393190602336,0,0,0,0,0,0,0,0,0,0,0
47,Hufflepuff,Chelsey,Barney,0.2,1,0.5919923294619798,0.7377460657860434,0.6826578921922919,0.2622539342139567,0.7391652007036622,0.2655946272840363,0.15354070724937519,0.6682071381692294,0.7841979324645906,0.44350532701787715,0.686399757952658,0.4490465958353527,0.3094410908932992,0,0,0,0,0,0,0,0,0,0,0
48,Slytherin,Lorna,Graves,0.8,0,0.718648995561604,0.29198668009973217,0.2597634596769637,0.708013319900268,0.09499440268671037,0.306272430496564,0.25966715654546496,0.5098893057876153,0.7900611668131691,0.676476658401734,0.4566792668020697,0.1983288967844057,0.2761323663525427,0,0,0,0,0,0,0,0,0,0,0
49,Gryffindor,Efren,Sotelo,0.8,0,0.5994695575522323,0.811319164157614,0.299612571905438,0.18868083584238612,0.7603816834586066,0.30091322577298873,0.6677582447367945,0.1532365460732949,0.2384052255962365,0.34669148474870964,0.20583662113253975,0.22009568572052599,0.8194727928084423,0,0,0,0,0,0,0,0,0,0,0
50,Gryffindor,Israel,Roach,0.6,1,0.5196634860739526,0.6996479833316622,0.19623707656360045,0.3003520166683379,0.6819659896582972,0.27345442289484195,0.6558598158883464,0.20483503191586794,0.2698112147552739,0.4776409337924141,0.4115228374202584,0.22403552083924066,0.7794979806314327,0,0,0,0,0,0,0,0,0,0,0
51,Slytherin,Gene,Southerland,0.2,1,0.5586656975395512,0.23129368082627172,0.22733333159661767,0.7687063191737284,0.04131350285196436,0.2872234932069437,0.19374922558254953,0.5335726444328895,0.9020271300455989,0.7961415881791184,0.3300624915048057,0.22534711480209024,0.2559169670386937,0,0,0,0,0,0,0,0,0,0,0
52,Slytherin,Adelina,Bivins,0.6,1,0.5054126780384455,0.1551555262712907,0.4065023927028153,0.8448444737287095,0.21717575563729408,0.17387780452524576,0.17003720177362225,0.5606972930226082,0.8316246586928955,0.6336138053426076,0.71298110587298,0.3890209591143152,0.30661831762713343,0,0,0,0,0,0,0,0,0,0,0
53,Ravenclaw,Tabatha,Lu,1.0,1,0.694585775482115,0.22625843010994287,0.6708310305188407,0.7737415698900574,0.7992963377578762,0.6880462402596779,0.7736080911391012,0.5697747007282028,0.723896063098849,0.7532216558434742,0.5109825167984161,0.8795099377385901,0.31324097798236855,0,0,0,0,0,0,0,1,0,0,0
54,Gryffindor,Rena,Conners,0.8,0,0.5306898844779858,0.7106929371069761,0.28006151601181034,0.28930706289302394,0.7725891572045418,0.16585483160968345,0.6184735445900691,0.11372366519765953,0.23220404406992487,0.30197018004379633,0.5850329301871431,0.2407097767089888,0.8447691840013898,0,0,0,0,0,0,0,0,0,0,0
55,Slytherin,Sallie,Olivares,1.0,0,0.7168473470145215,0.36620126437869666,0.083473793465097,0.6337987356213034,0.3023615331307639,0.33227595004931637,0.38631138713505514,0.768403092974277,0.6487583414662679,0.893824316796963,0.4250096719775258,0.24953580466233521,0.17514222434533375,0,0,0,0,0,0,0,0,0,0,0
56,Hufflepuff,Kirby,Toscano,0.4,0,0.4784266118181959,0.8182358638283764,0.6531431194230716,0.1817641361716236,0.6333445105435446,0.23924545592573948,0.4423339798483708,0.6051841485975065,0.7159906282796614,0.7114465206025457,0.6138009124322693,0.48969169119822814,0.535675511356234,0,0,0,0,1,0,0,0,0,0,0
57,Slytherin,Tammi,Dexter,0.2,1,0.6102794488347277,0.28543228138289034,0.28055315363320465,0.7145677186171099,0.2140839063915987,0.27857219962381546,0.26956855970929705,0.5782635520387541,0.7728050902589931,0.7190419941902695,0.4523173517548887,0.290310880334456,0.28525209536630913,0,0,0,0,0,0,0,0,0,0,0
58,Hufflepuff,Santo,Call,0.6,1,0.3344416435983484,0.8304206339377895,0.6867392098855409,0.16957936606221052,0.6246601631217016,0.33264811114344633,0.21057284285142153,0.6816558652771423,0.6843115637000529,0.6428592988913663,0.3110152944080554,0.42736627328205684,0.4837364832587832,0,0,0,0,0,0,0,0,0,0,0
59,Gryffindor,Millicent,Corcoran,0.2,1,0.5391877889983453,0.7796494660983138,0.25026695527840054,0.22035053390168613,0.7631536862306093,0.3669576073600439,0.6683276671969235,0.27125795986122236,0.35085809289762904,0.5219853602220589,0.6146919209019133,0.2739973689514946,0.7204585920875495,0,0,0,0,0,0,0,0,0,0,0
60,Slytherin,Vincenzo,Seaton,0.2,1,0.5882266520266614,0.2548377783687736,0.20121725986428152,0.7451622216312266,0.0990457913534837,0.3452747409770136,0.24190015382150948,0.5959930800928606,0.7843418372186982,0.7735998166843558,0.3462647139892909,0.24130268904835914,0.24464758761453947,0,0,0,0,0,0,0,0,0,0,0
61,Ravenclaw,Patti,Montano,0.4,0,0.5306898844779858,0.3097605308276742,0.7210566984367642,0.6902394691723259,0.8002558771789541,0.846429251901759,0.8030504157795353,0.6379398272432917,0.8863905646675361,0.7924669408156463,0.7619134808123509,0.9049029807881805,0.4100621010118557,0,0,0,0,0,0,0,0,0,0,0
62,Hufflepuff,Bobby,Ezell,0.2,0,0.6684889349396099,0.7055015622795036,0.6872482685642929,0.29449843772049655,0.7628871475025321,0.2952154702960174,0.1078733264121941,0.7166293337174983,0.7799099336080562,0.358368826844093,0.5991314978023903,0.46520458002323317,0.22115342858383638,0,0,0,0,0,0,0,0,0,0,0
63,Hufflepuff,Valentine,Benavidez,0.0,1,0.7336653109196913,0.5841806905830796,0.6850222723304558,0.4158193094169204,0.7645396876166107,0.12683116676733297,0.17222689774156966,0.5636171250298663,0.9256847961614046,0.38195463971601223,0.43204648874091583,0.4769053344704974,0.26950970599730756,0,0,0,0,0,0,0,0,0,0,0
64,Hufflepuff,Dollie,Gibson,0.4,1,0.620215579233874,0.6520389543230453,0.8080309093593254,0.34796104567695474,0.768964230502692,0.22172112945218916,0.276297815294521,0.599149144688196,0.6419646504520408,0.40833942804355816,0.3473660643578559,0.5403668869687862,0.42736787249750297,0,0,0,0,0,0,0,0,1,0,0
65,Hufflepuff,Jessica,Tanner,0.6,0,0.7556330513585822,0.6774372613774026,0.6770397658151799,0.32256273862259754,0.8300015992323685,0.1746301804804593,0.21925713778327413,0.7355062147970127,0.8547712020401461,0.5000536653268938,0.6516324654165073,0.4974026396951444,0.21922091457853823,0,0,0,0,0,0,0,0,0,0,0
66,Hufflepuff,Bart,Burnside,0.8,1,0.6850053353540665,0.6920570634390124,0.6683944515728121,0.3079429365609877,0.7750946212484674,0.08658543259970648,0.3933515716151942,0.6817294163926355,0.8779705234495322,0.7602498078581568,0.5506526535533016,0.489336561411625,0.3799452816259174,0,0,0,0,0,0,0,0,0,0,0
67,Ravenclaw,Sydney,Lamar,0.0,1,0.42397507075143437,0.18083115053509058,0.7908307990220818,0.8191688494649094,0.6716775947545179,0.5494246658934107,0.5561325287995462,0.7433694144377189,0.6867709684575608,0.6442496565864145,0.5846931596186682,0.8742399801464201,0.4328831371867808,0,0,0,0,0,0,0,0,0,0,0
68,Gryffindor,Lesley,Conley,0.8,0,0.49174179979277177,0.7629256917947547,0.233606701136278,0.23707430820524528,0.7443360520283597,0.27917550792266854,0.6500846603888786,0.15612259475447648,0.13272665473557166,0.33287946715161915,0.704429057649472,0.21726924564818667,0.8583402093194946,0,0,0,0,0,0,0,0,0,0,0
69,Hufflepuff,Tia,Shoemaker,0.8,1,0.6420132069344138,0.7694211703221693,0.7985438129255865,0.2305788296778308,0.6658137427368197,0.32202549471050873,0.17956543630787522,0.8594557421359824,0.6794509476392459,0.5297017021237944,0.7294930778337153,0.4802592756250708,0.2914839101923829,0,0,0,0,0,0,0,0,0,0,0
70,Ravenclaw,Milo,Wicks,0.2,1,0.5722327315671748,0.39207722754832863,0.6847451121857103,0.6079227724516715,0.8797377258915721,0.7907504615435578,0.7248606257123427,0.714791912319551,0.8262939007703306,0.7049733162773056,0.7333384888292244,0.8530604888494866,0.31908194727928085,1,0,0,0,0,0,0,0,0,0,0
71,Slytherin,Chauncey,Ambrose,0.2,1,0.6238730031084236,0.25370769048940445,0.35775630225791377,0.7462923095105957,0.27741350818273897,0.27022997739690696,0.35615998130382026,0.5731183741281247,0.6597230046926712,0.6609391506225268,0.47041081988054256,0.3601336074055656,0.3639640422113172,0,0,0,0,0,0,0,0,0,0,0
72,Slytherin,Robbin,Cortez,0.4,1,0.48150410590291204,0.2313325785970143,0.28375413498400254,0.7686674214029859,0.1600298523375447,0.3955723885441402,0.26709310446707124,0.6552143854468263,0.7562188568130783,0.8420728474134302,0.5818822024878509,0.33236975720351997,0.3079428496981804,0,0,0,0,0,1,0,0,0,0,0
73,Hufflepuff,Mellisa,Musgrove,0.6,0,0.5459845661351932,0.7549186757589755,0.768988960571245,0.24508132424102463,0.6330294791833253,0.23407111215124263,0.2571341486300597,0.5000697964834283,0.7557325062545447,0.4687450068884353,0.5916869842245638,0.41681877825246944,0.5191297172884006,0,0,0,0,0,0,0,0,0,0,0
74,Ravenclaw,Alexander,Ashworth,0.4,0,0.6125373088164793,0.3846653782192622,0.6524246832360464,0.6153346217807378,0.8766458766458767,0.8688746131156221,0.7371542142051556,0.7056211031538443,0.9121776632748483,0.7551276395243517,0.522206901705234,0.8665994961368044,0.28221218569505363,0,0,0,0,0,0,0,0,0,0,0
75,Hufflepuff,Jessie,Madden,0.8,0,0.6136121120269706,0.7098427127173239,0.7669007875345609,0.2901572872826762,0.7207740284663362,0.31829153609327415,0.2755427099995891,0.7209757806105714,0.6734863059201398,0.4891286700105536,0.33909153304231504,0.5120979944852416,0.38040126807660574,0,0,0,0,0,0,0,0,0,0,0
76,Ravenclaw,Marcos,Pfeifer,0.8,0,0.7253916459180675,0.2064142908019146,0.8182985654540479,0.7935857091980856,0.7460952076336692,0.7915268091881621,0.7643791489234255,0.6445257778411553,0.7944339863193337,0.586139732577659,0.5413800336756854,0.9047842298793015,0.3740608850479872,0,0,0,0,0,0,0,0,0,0,0
77,Ravenclaw,Bess,Browne,1.0,1,0.5468351298269489,0.3371126028319435,0.7230069459524034,0.6628873971680566,0.8201396662935125,0.697069108743849,0.7830050267204611,0.6581968571917791,0.7360416550196288,0.7365999935074159,0.5429515817515538,0.8624381610958548,0.4651930342641248,0,0,0,0,0,0,0,0,0,0,0
78,Hufflepuff,Marilynn,Maki,1.0,0,0.7364180443221008,0.6638965690889593,0.5732242980591145,0.3361034309110407,0.7110720187643265,0.2374249834407718,0.2890104687783183,0.6610871357766028,0.8216186182770153,0.5715594292521621,0.45907387943355815,0.42323666129714177,0.2756763799018544,0,0,0,0,0,0,0,0,0,0,0
79,Hufflepuff,Seth,Conaway,0.6,1,0.7170174597528726,0.6986659223097991,0.5794260668100206,0.30133407769020093,0.7567034490111413,0.2593925353586755,0.3799139741241833,0.6705597280196918,0.7690740983624684,0.629961520831097,0.6931032484996605,0.4490370508450411,0.332457549832805,0,0,0,0,0,0,0,0,0,0,0
80,Hufflepuff,Concepcion,Wilkinson,0.6,0,0.5447396501863507,0.7267094921718464,0.5988257708688364,0.27329050782815373,0.7147502532117918,0.31295857745702854,0.2640634077675483,0.7236637751254008,0.730700261142571,0.6131208244671289,0.6186157773885597,0.4555807031738215,0.3363442914839102,0,0,0,0,0,0,0,0,0,0,0
81,Slytherin,Antonette,Falcon,0.6,1,0.27372686080138564,0.5075954586018546,0.1576069008926552,0.9078457718502001,0.2918065994989072,0.19600975605949886,0.14558283991057605,0.9018721765766425,0.8253454253907049,0.9969648286998465,0.5925192272693747,0.4701943640762502,0.12209580058192558,0,1,0,0,0,0,0,0,0,0,0
82,Slytherin,Arnold,Kersey,0.4,1,0.4813958523421431,0.22738801200002073,0.17141418034530082,0.7726119879999794,0.06588837358068131,0.27016509456797305,0.18766430562314523,0.5697747007282028,0.907598611362441,0.9245682700989851,0.3288413061442619,0.25049704133373835,0.21466105007165504,0,0,0,0,0,0,0,1,0,0,0
83,Gryffindor,Rosita,Riddick,1.0,1,0.6224889040100212,0.6570015628706417,0.24548724955075152,0.3429984371293584,0.7531851378005224,0.26597077033474453,0.7590077680516666,0.22218752214746107,0.3347980533821501,0.527907238614809,0.7156396740495342,0.29769870283581695,0.7592608676770747,0,0,0,0,0,0,0,0,0,0,0
84,Hufflepuff,German,Bronson,0.8,1,0.641162643242658,0.728171610223675,0.6830898610317009,0.27182838977632506,0.8087851164774242,0.15771766355016714,0.20881866251138329,0.662602939640899,0.8643846206080598,0.5241468810884276,0.32971066272936644,0.47267774596738144,0.30766057237156386,0,0,0,0,0,0,0,0,0,0,0
85,Hufflepuff,Hallie,Slade,1.0,0,0.5873683559377078,0.691580456341091,0.6181979531924027,0.3084195436589091,0.7994562609947226,0.31231746717562997,0.36843534509483444,0.5697747007282028,0.6922091628079561,0.6053553582308508,0.5241552645703392,0.5178581154034252,0.36967472966517567,0,0,0,0,0,0,0,1,0,0,0
86,Hufflepuff,Rufus,Geiger,0.8,1,0.3493265082040734,0.8209236483317798,0.701380175847466,0.17907635166822028,0.7223732608347992,0.3723772398454333,0.33222480526245113,0.6147225809204256,0.599110139330137,0.5814405473352103,0.5293793008873268,0.4805372032841504,0.5649672124028315,0,0,0,0,0,0,0,0,0,0,0
87,Hufflepuff,Shanna,Reuter,0.8,0,0.43967183706292623,0.8874728519071307,0.7261801022980804,0.11252714809286932,0.7305293459139613,0.2538553128619608,0.3130482663989084,0.7696927406160183,0.6999307445632161,0.7641137089785252,0.5587438265084692,0.46439718613685627,0.47153341729274334,0,0,0,0,0,0,0,0,0,0,0
88,Hufflepuff,Marion,Galindo,0.8,0,0.55226327265979,0.7707680725431155,0.750833835535101,0.2292319274568846,0.6650674342982036,0.38531874491203977,0.22219632623230684,0.6317788668906106,0.6318077916860391,0.3952951139673429,0.3865711721813774,0.4456788986653303,0.4312546141486082,0,0,0,0,0,0,0,0,0,0,0
89,Gryffindor,Aisha,Steffen,0.8,1,0.711821288835965,0.6084040431398123,0.31182534565831127,0.3915959568601877,0.7450823604669758,0.2221918147869085,0.8135690061030989,0.07069486446388097,0.29215229993728936,0.3751329439653089,0.28869785504251055,0.2920107308149911,0.8543883267468625,0,0,0,0,0,0,0,0,0,0,0
90,Gryffindor,Tabatha,Bartlett,0.8,1,0.5576527535066421,0.726542879996256,0.23243788093717066,0.2734571200037441,0.7431099738792046,0.22410409840817372,0.681105024438677,0.15115402284902793,0.12953243585952356,0.3365735955818179,0.511795171951926,0.21583862004144805,0.8571459590915014,0,0,0,0,0,0,0,0,0,0,1
91,Gryffindor,Oma,Prosser,0.4,0,0.6549881694322874,0.6431244180074582,0.30517794689827116,0.35687558199254193,0.8321339090569859,0.3926041074586357,0.7631411813475463,0.18890399060522226,0.40361756702223983,0.4212566837162436,0.37660433167200336,0.37121590262762394,0.7147696182741999,0,0,0,0,0,0,0,0,0,0,0
92,Ravenclaw,Florine,Crabtree,0.6,0,0.4847207831371882,0.31309336180313424,0.7876929410977765,0.6869066381968659,0.7776533930380085,0.7122530692303597,0.6699442453572433,0.7039351629114092,0.7338339100258296,0.6687171096093651,0.38342942850856904,0.8840202263959414,0.43479393755157,0,0,0,0,0,0,0,0,0,0,0
93,Hufflepuff,Glenna,Rodman,0.8,1,0.8574532576589394,0.60698717974342,0.6474738531424288,0.3930128202565802,0.6333445105435446,0.34507149909459633,0.2696738610291554,0.55352730348017,0.7380033832183129,0.2441220300214637,0.5450052800905555,0.45419976766370684,0.2689451513440744,0,0,0,0,1,0,0,0,0,0,0
94,Hufflepuff,Sarah,Mccurdy,0.8,1,0.49805143590615963,0.7012120878926889,0.8030086687588464,0.2987879121073112,0.7704035396343089,0.30878422981682624,0.2349298104565037,0.5882848738596302,0.679031297720398,0.35790478111131196,0.739329968713644,0.538266989100183,0.46443305684631087,0,0,0,0,0,0,0,0,0,0,0
95,Hufflepuff,Vesta,Rodman,0.8,0,0.443568965250607,0.8593429752953916,0.6698600735274304,0.14065702470460847,0.753878138493523,0.33658943775304473,0.031091059175824536,0.60261068489662,0.7537364669187118,0.3250149502307031,0.552346608800556,0.3964615597973996,0.34459547487731795,0,0,0,0,0,0,0,0,0,0,0
96,Gryffindor,Gabriella,Snook,0.6,0,0.5006495213646135,0.7543953258131653,0.2971460120480474,0.2456046741868348,0.7809584732661655,0.20244929817352555,0.7176546586915842,0.16270954073675248,0.28090993937575864,0.4858065554273621,0.4423115792024322,0.2746138630316349,0.8725626438528685,0,0,0,0,0,0,0,0,0,0,0
97,Ravenclaw,Billie,Irvine,0.4,0,0.5628102624375609,0.25822260109809325,0.6594615779126244,0.7417773989019069,0.7564902180286796,0.7683673982603946,0.7047162433631261,0.6696563974696905,0.8203519735667612,0.7084577244402217,0.40109810485859154,0.8518575393351858,0.3520649672124028,0,0,0,0,0,0,0,0,0,0,0
98,Slytherin,Allison,Ketchum,0.4,1,0.46522740980158667,0.1534448018467855,0.2671444784781605,0.8465551981532146,0.27640066101604566,0.21187590420656457,0.19620300487297654,0.718227435684682,0.7841263795459809,0.7758176793310592,0.37276155830265906,0.40785771675971166,0.21288053154991965,0,0,0,0,0,0,0,0,0,0,0
99,Hufflepuff,Dovie,Darden,0.2,1,0.7468645129363005,0.6818117178636562,0.7351883621438006,0.31818828213634376,0.6842049149741458,0.265768958553796,0.20642765841452496,0.6040888819075674,0.7776447932346682,0.3631919893791593,0.5731081990315164,0.4363090869992182,0.3227081252442785,0,0,0,0,0,0,0,0,0,0,0
100,Gryffindor,Dianne,Gulley,0.2,0,0.43897592131512614,0.8220328097092314,0.2993215788609761,0.17796719029076874,0.7488672104056721,0.33530146906636765,0.7315143645784137,0.2059693383547346,0.3656064459294062,0.6122951288425723,0.6469940900682153,0.28253059029027466,0.8484822165284231,0,0,0,0,0,0,0,0,0,0,0
101,Hufflepuff,Robbie,Waller,0.8,0,0.46587693116620016,0.77586045606253,0.7877488660333059,0.22413954393747024,0.7140039447731755,0.25660127843953434,0.21830371505524698,0.6450590926961834,0.7214303370381872,0.5103848290085652,0.34845039766506686,0.48653566822512045,0.4648890432969992,0,0,0,0,0,0,0,0,0,0,0
102,Ravenclaw,Mariah,Allison,0.6,0,0.7699611833660671,0.16700669671487178,0.7180288180252414,0.8329933032851284,0.6892691508076123,0.7456729162163386,0.7465388977408577,0.6006397751308012,0.7029436162969969,0.5167516758084345,0.545900934021414,0.8251804143536445,0.376188821817866,0,0,0,0,0,0,0,0,0,0,0
103,Hufflepuff,Eunice,Kimball,0.2,1,0.6250637922768817,0.754452545590934,0.6618639147386765,0.24554745440906608,0.8325070632762941,0.2637130642273429,0.22178103927686507,0.732298853890698,0.7697646627155268,0.5066103466530282,0.3662474331124881,0.4888809284917401,0.2843835497459504,0,0,0,0,0,0,0,0,0,0,0
104,Ravenclaw,Jermaine,Hilton,0.8,1,0.6329972318018032,0.32768427580358217,0.7920386833149756,0.6723157241964179,0.8282957513726744,0.7003160825723562,0.7629127482073084,0.7945637155540674,0.7545733551353875,0.7660566569726719,0.6467819034721609,0.904983832470822,0.37438658965562166,0,0,0,0,0,0,0,0,0,0,0
105,Gryffindor,Darius,Pond,0.6,1,0.5552247807865395,0.7468704384809439,0.1532287663793076,0.25312956151905613,0.6568047337278107,0.36115362877140184,0.6705980253535221,0.3005433367301581,0.2571173290638308,0.55904412704309,0.4337061428440318,0.2024152755779074,0.7139010726538412,0,0,0,0,0,0,0,0,0,0,0
106,Slytherin,Wilma,Marroquin,0.4,1,0.6446035599956699,0.2203315018498012,0.12523801511934543,0.779668498150199,0.17516925209232903,0.30588606239233923,0.19105338901490435,0.7658667225284149,0.7257223097987376,0.7777492553238962,0.797953482839945,0.26241283879802685,0.10303122421505188,0,0,0,0,0,0,0,0,0,0,0
107,Gryffindor,Sylvester,Smallwood,0.2,1,0.6997355520158359,0.5651620227512255,0.1525002161815754,0.4348379772487745,0.7084599392291699,0.3902908958176029,0.6276624968471394,0.2098088431699416,0.6419646504520408,0.2532989290126991,0.39244708789532545,0.2533498704969402,0.6307161158639859,0,0,0,0,0,0,0,0,1,0,0
108,Hufflepuff,Archie,Richardson,0.6,0,0.6990009742820469,0.6987250345590785,0.7092036679910447,0.30127496544092164,0.6761554453862146,0.19048977861881822,0.3346411111206422,0.6648526570771864,0.7980672469658583,0.63125164748233,0.5897255419256312,0.4518789313428849,0.3850697007860338,0,0,0,0,0,0,0,0,0,0,0
109,Slytherin,Caryn,Irvine,0.6,0,0.6922119295423967,0.31582371301476825,0.03294321308059746,0.6841762869852319,0.09254224638840022,0.3883234665977582,0.30400002569894446,0.6850694738851303,0.7628283611697928,0.9135795688084019,0.5492511561599811,0.1595852196386492,0.15138750162852305,0,0,0,0,0,0,0,0,0,0,0
110,Slytherin,Octavia,Hamby,0.2,1,0.6034517421090887,0.20086502102482295,0.2764281458781955,0.7991349789751773,0.08065461911615766,0.24219686017270847,0.14352665983790552,0.4939934850383783,0.938459594526988,0.6808654466795943,0.511795171951926,0.2444098641298706,0.23429018109176186,0,0,0,0,0,0,0,0,0,0,1
111,Ravenclaw,Elmo,Samuel,0.2,1,0.8124275087762708,0.19250154462748553,0.615535597442363,0.8074984553725147,0.7307958846420385,1.0,0.7360268156892481,0.7336961721252824,0.842201002135827,0.6099316816590575,0.7190270730418892,0.8586878221083313,0.1604203760802536,0,0,0,0,0,0,0,0,0,0,0
112,Ravenclaw,Theresa,Bird,0.4,1,0.7228786168287893,0.16373204363573102,0.7759375694525341,0.836267956364269,0.6826056826056826,0.7677090028786409,0.45908157018511264,0.5645209759531379,0.564790632993862,0.33242645290253553,0.511795171951926,0.8273822190305766,0.43355626004255876,0,0,0,0,0,0,1,0,0,0,1
113,Ravenclaw,Lynda,Peace,0.8,0,0.6762367969317848,0.2172404270032736,0.7075144200242012,0.7827595729967266,0.7289301135454981,0.7676581116907957,0.6990268606343341,0.4955411309094179,0.6551718583483541,0.38665288244415846,0.4271842727193631,0.8021211214352972,0.4426325617753073,0,0,0,0,0,0,0,0,0,0,0
114,Ravenclaw,Curt,Sorrell,0.4,1,0.9566985756924362,0.16317711927748976,0.6463319196200478,0.8368228807225104,0.7293032677648063,0.8808334102410369,0.7613314941637243,0.5842003336675727,0.6419646504520408,0.3767825933587882,0.7307624713049122,0.7964036722385086,0.2582620402136622,0,0,0,0,0,0,0,0,1,0,0
115,Gryffindor,Sharyn,Oconnell,0.4,1,0.44172865471753553,0.7696871608470698,0.26636726873166267,0.23031283915293024,0.7547843701689856,0.22643312852032826,0.6105235108847886,0.17323377985090857,0.2894277668379099,0.4340084043259178,0.558044555991803,0.2442546176697989,0.8286793763842446,0,0,0,0,0,0,0,0,0,0,0
116,Ravenclaw,Roman,Stamps,0.4,1,0.5279139538839831,0.17699075478033888,0.71103702671094,0.8230092452196612,0.6429980276134123,0.7522506461182347,0.6229170605304577,0.5775725059023553,0.6390171666505895,0.46739358985926116,0.6604723354584254,0.8163375422997481,0.44408737568940815,0,0,0,0,0,0,0,0,0,0,0
117,Slytherin,Sheri,Tuttle,0.2,1,0.6902169710653697,0.2255298162525653,0.17956077191010028,0.7744701837474348,0.09499440268671037,0.21006015846416531,0.11129359510802357,0.6296183934521673,0.6419646504520408,0.7367119575613483,0.20702936082516402,0.19842546962756027,0.11438745820124205,0,0,0,0,0,0,0,0,1,0,0
118,Hufflepuff,Sharonda,Hansen,1.0,0,0.42319409863445867,0.8476529314816461,0.6434791023735792,0.15234706851835392,0.7715763100378485,0.2762713975715831,0.2825141265240178,0.7666785499224917,0.7172358613142229,0.7292414456631463,0.6837348996631305,0.47044590264446645,0.41199461501715384,0,0,0,0,0,0,0,0,0,0,0
119,Hufflepuff,Rudy,Sigler,0.0,0,0.6040316718989222,0.6904051897774607,0.6310678373098076,0.3095948102225393,0.8986619755850526,0.2124826842822958,0.2423527420010811,0.6721233629912634,0.8218441181896216,0.4920479545989318,0.5703675386046203,0.5269572985206953,0.2912233465062753,0,0,0,0,0,0,0,0,0,0,0
120,Ravenclaw,Ruthie,Hennessey,0.6,0,0.6200763960843141,0.18233994798215755,0.6364984098138772,0.8176600520178426,0.7341009648701957,0.7768270653584836,0.881879474244486,0.6304450072644936,0.7014254164156728,0.7510513034928816,0.6724576893357027,0.87159012239485,0.4472575672037174,0,0,0,0,0,0,0,0,0,0,0
121,Slytherin,Antone,Medina,0.2,0,0.4843341632772992,0.24386032263774335,0.5220189465058446,0.7561396773622567,0.19505304120688735,0.22802607685161974,0.26502092388104503,0.7105958849645075,0.8378555197966704,0.967980508979779,0.4638608334708196,0.31428171982758407,0.22951318017978897,0,0,1,0,0,0,0,0,0,0,0
122,Ravenclaw,Jean,Herron,0.4,1,0.3857770285944048,0.2675261777298153,0.7654783126046154,0.732473822270185,0.724772109387494,0.7382987655289035,0.5288193121766261,0.641898481673736,0.7255030342357344,0.518250436179371,0.5295860356462324,0.8598750504621183,0.4220914578538238,0,0,0,0,0,0,0,0,0,0,0
123,Hufflepuff,Eileen,Santoro,0.4,1,0.8921330590909794,0.512661194310174,0.6557581789375575,0.48733880568982624,0.7292499600191907,0.14639802000875882,0.2939623090658617,0.5496768232888256,0.8956955871328102,0.40180772098067075,0.1558210276056311,0.4712746323915424,0.26162765449255226,0,0,0,0,0,0,0,0,0,0,0
124,Hufflepuff,Jonathan,Kingsbury,0.8,1,0.5000850563691756,0.7776044765992951,0.6650245142204969,0.22239552340070495,0.6333445105435446,0.4989236178297477,0.11404875868686376,0.81839351308919,0.5802145818150383,0.4629625070833518,0.5005014603311828,0.4120207362107176,0.29617405654231993,0,0,0,0,1,0,0,0,0,0,0
125,Slytherin,Brooks,Bettencourt,0.6,0,0.5699704622427045,0.22222144406053732,0.2856965916161756,0.7777785559394628,0.1579508502585426,0.21056950396534835,0.196420719751101,0.6355059656641313,0.8080877854321257,0.7590203054343742,0.7736922694160533,0.2983651677475905,0.24608068788813134,0,0,0,0,0,0,0,0,0,0,0
126,Hufflepuff,Amanda,Anaya,0.6,1,0.5342003928057777,0.6703356670909779,0.7088662566442352,0.32966433290902214,0.6632549709472786,0.34031482923090883,0.42525488191100885,0.633313533303666,0.6283772901450596,0.6133252953420022,0.41128459333469847,0.5094251164629185,0.5148955573891519,0,0,0,0,0,0,0,0,0,0,0
127,Slytherin,Russ,Blais,0.2,1,0.5346179422544577,0.2192872254633555,0.23464445372212134,0.7807127745366446,0.16791939868862943,0.3141563206686581,0.25111011257727867,0.613734348615121,0.7788474772727118,0.769807157351332,0.511795171951926,0.30971388049335263,0.26067225431015767,0,0,0,0,0,0,0,0,0,0,1
128,Slytherin,Wilbur,Burnside,0.6,1,0.5439896076581662,0.24093468755330485,0.24337214300114288,0.7590653124466953,0.6333445105435446,0.2152902572530226,0.24837200929906988,0.6934040320113107,0.7933735498057108,0.7850561060290575,0.43176769376600477,0.3738997293153043,0.21322794979806317,0,0,0,0,1,0,0,0,0,0,0
129,Hufflepuff,Valarie,Valentin,0.2,0,0.5174597528725856,0.8189004286313115,0.8409065379972087,0.18109957136868857,0.674129751052828,0.36333207567874665,0.0763518506370157,0.5632364922936761,0.6749004101450835,0.22004177983258727,0.5760175994984227,0.4285616429511084,0.43355626004255876,0,0,0,0,0,0,0,0,0,0,0
130,Slytherin,Oma,Whitlow,0.8,0,0.5512348638324853,0.283601530072842,0.2381416497809692,0.7163984699271582,0.21946798869875792,0.3504504319511797,0.37433662735788653,0.6182481838322511,0.6889345501449335,0.8212093053861137,0.5335640026860782,0.31939334287458115,0.3325444043948409,0,0,0,0,0,0,0,0,0,0,0
131,Gryffindor,Nelson,Doolittle,0.4,0,0.4370660192072746,0.7039987128364387,0.11434256658851158,0.29600128716356133,0.6943866943866943,0.33229546760365963,0.5383847412572985,0.25682649227361254,0.13435181782362915,0.3460620527586744,0.4542962866133579,0.19834068765479068,0.727537238893473,0,0,0,0,0,0,0,0,0,0,0
132,Slytherin,Angeline,Trice,0.8,1,0.6351313734283903,0.18045089490337915,0.015621779996127384,0.819549105096621,0.15421930806546194,0.2872441842326673,0.1625795783291125,0.884548766142896,0.7386640747717514,0.8947323226075221,0.36732760763308403,0.25036369220438176,0.0023885004559864387,0,0,0,0,0,0,0,0,0,0,0
133,Hufflepuff,Luanne,Frasier,0.8,1,0.7171953048884215,0.6679312646488247,0.6939998132169777,0.3320687353511755,0.7227464150541073,0.3075081174686224,0.04121820845178102,0.7930856098309036,0.7854176235889931,0.3310703049258401,0.5587250016268496,0.4644628781290025,0.13436400746949234,0,0,0,0,0,0,0,0,0,0,0
134,Ravenclaw,Felton,Staley,0.0,0,0.3588141595657486,0.29510262915094143,0.7321727310168414,0.49291427683210426,0.7393251239405085,0.5987693708492011,0.6467439134608348,0.6668510386853888,0.7503047852828587,0.7566331196088383,0.8009238366005258,0.8545520339532157,0.4968080948451818,0,0,0,1,0,0,0,0,0,0,0
135,Ravenclaw,Lloyd,Blair,0.2,1,0.5722327315671748,0.28074155558377195,0.717535270152066,0.7192584444162282,0.7999893384508769,0.7953120661171469,0.717751239472476,0.5903344436055588,0.7423314157505007,0.4605051678126578,0.32042407553662355,0.8186912246166423,0.3391019238285491,1,0,0,0,0,0,0,0,0,0,0
136,Ravenclaw,Reginald,Jordan,0.6,0,0.7471738088242117,0.1596017394406996,0.6922269365100272,0.8403982605593006,0.7218934911242604,0.7363934154464418,0.7447692760802769,0.624962736603351,0.642013558829117,0.49750976483750586,0.31571336557697205,0.8344834110875725,0.37655795370651846,0,0,0,0,0,0,0,0,0,0,0
137,Ravenclaw,Loraine,Cornell,0.6,1,0.6930315636453613,0.20111615307347952,0.5220189465058446,0.7988838469265208,0.7078735540274002,0.7845223215447545,0.6410864693679197,0.6979752554018629,0.7464702936959948,0.5558398250842146,0.5195620620324534,0.8193703226038286,0.27257132930907196,0,0,1,0,0,0,0,0,0,0,0
138,Hufflepuff,Ahmed,Nixon,0.2,0,0.5634829809937677,0.6771759685238036,0.7182546963596995,0.3228240314761966,0.794765179380564,0.20442499543263246,0.30216453561221707,0.5614455275087846,0.7856677780347526,0.4884266564799483,0.45889136622692994,0.5153514325065317,0.44243713901072657,0,0,0,0,0,0,0,0,0,0,0
139,Gryffindor,Rashad,Massie,0.2,0,0.6712648655336128,0.8613829632332165,0.408122685465016,0.13861703676678358,0.88011088011088,0.24163303550238252,0.6799918962690483,0.08870244887261507,0.20758516030655857,0.19457744310972788,0.6070857324165272,0.24977134133502915,0.8702175706778998,0,0,0,0,0,0,0,0,0,0,0
140,Gryffindor,Dave,Naquin,0.2,1,0.6273525818474244,0.7118693188307825,0.22657802072816416,0.2881306811692176,0.707607015299323,0.3955723885441402,0.7483151686646112,0.1678729539241583,0.16120233697327768,0.3826286228887484,0.5857013588865911,0.22729288915065873,0.8212315976896688,0,0,0,0,0,1,0,0,0,0,0
141,Ravenclaw,Ron,Hein,0.8,1,0.548304285294527,0.18664307616306353,0.7174744194308089,0.8133569238369366,0.6838317607548376,0.7075798233760145,0.7116266640740693,0.6495323333151146,0.687933924358601,0.6379340498557192,0.27712089499686715,0.8557808110883597,0.44017892039779394,0,0,0,0,0,0,0,0,0,0,0
142,Gryffindor,Dick,Enos,1.0,0,0.5539180056601147,0.7242465545118948,0.21754414051516158,0.27575344548810526,0.6774348312809851,0.25955850016096454,0.7334705358612698,0.2041649120418126,0.26585015925434674,0.5511127657407922,0.7695292498643408,0.22346619024064104,0.8213184522517046,0,0,0,0,0,0,0,0,0,0,0
143,Hufflepuff,Lawerence,Sorensen,0.6,0,0.6932326059725036,0.6838000340971773,0.7348621926622404,0.31619996590282284,0.6996108534570074,0.2925592736103021,0.306262770372792,0.6834695105532187,0.7120307916308954,0.5001523565194498,0.45904040274592844,0.48478332029787113,0.3657228470925436,0,0,0,0,0,0,0,0,0,0,0
144,Gryffindor,Billy,Le,0.2,0,0.3616287521457402,0.7898957578970003,0.20951441569912643,0.21010424210299974,0.7136307905538675,0.2370478282255363,0.6775995103244027,0.2453999939331741,0.2379955767557028,0.6128738860086641,0.5847374808680977,0.23677948658058579,0.8657662743735616,0,0,0,0,0,0,0,0,0,0,0
145,Gryffindor,Nilda,Brogan,0.2,1,0.6863662372608756,0.7886105102319616,0.3125473677967697,0.2113894897680385,0.8575083959699343,0.45472765538054016,0.45908157018511264,0.22577972689013726,0.2684399831149302,0.3194193551588759,0.23901864328186925,0.3072133737666613,0.7151604638033614,0,0,0,0,0,0,1,0,0,0,0
146,Slytherin,Esteban,Milne,1.0,0,0.5159751326106119,0.20376617395206753,0.19604927022057855,0.7962338260479326,0.18727011034703342,0.2554139751543217,0.1990318095089025,0.7357921353333441,0.7800255395159263,0.8402101710097106,0.4501523593917211,0.3210609088290601,0.18282885308550834,0,0,0,0,0,0,0,0,0,0,0
147,Gryffindor,Wilford,Stewart,1.0,1,0.4655908324698823,0.7345787703702036,0.30319692169513035,0.2654212296297965,0.8121968121968122,0.33811943119800153,0.7443026807510594,0.18644126189640275,0.3413152106122279,0.5132579930455659,0.6862755052383208,0.3412255430678385,0.8308941677161593,0,0,0,0,0,0,0,0,0,0,0
148,Gryffindor,Scarlett,Reyes,1.0,1,0.5066498615900902,0.6383917126090046,0.18746554624780534,0.36160828739099543,0.7478010554933632,0.2872273743029739,0.6099293381059373,0.1480259617865806,0.14408357248821574,0.2476644183957346,0.34299517319697026,0.24884014330960816,0.7917227602379816,0,0,0,0,0,0,0,0,0,0,0
149,Gryffindor,Van,Bearden,0.2,0,0.5828294387826114,0.8421982606451829,0.3014327239916144,0.1578017393548172,0.7528652913268299,0.16884245495888697,0.6819115314841783,0.13292733340603144,0.14046231907095352,0.3532929986839085,0.6160037142186046,0.1768018555461167,0.9089112780648805,0,0,0,0,0,0,0,0,0,0,0
150,Ravenclaw,Bryon,Small,0.2,0,0.48338307842197237,0.25365833267333365,0.655609711658341,0.7463416673266664,0.716616024308332,0.7198389240403633,0.6751942829241031,0.6580028387494948,0.7521692440786643,0.699858809960951,0.5499061906308689,0.8312091986756052,0.40969296912320324,0,0,0,0,0,0,0,0,0,0,0
151,Gryffindor,Dan,Whitt,1.0,0,0.522277036326802,0.823440434008882,0.2965462180711077,0.17655956599111822,0.749720134335519,0.26360914639298727,0.7169601488483185,0.19879267719082427,0.3046180151005489,0.5396735603667465,0.35878853635831426,0.24381610958547248,0.8463108524775265,0,0,0,0,0,0,0,0,0,0,0
152,Gryffindor,Jeff,Ernst,0.4,0,0.4379011181046348,0.8865184098818736,0.35123347854409886,0.11348159011812647,0.8939175862252784,0.24977169267033034,0.5479858143531422,0.12467981537698719,0.16239351429101848,0.18057231839000745,0.5910113388819677,0.2504807587032068,0.874234594172059,0,0,0,0,0,0,0,0,0,0,0
153,Slytherin,Sammie,Zimmerman,1.0,1,0.5252153472619582,0.23302040230491108,0.22389144067556224,0.7669795976950892,0.27570766032304495,0.27970980592311173,0.28546008192174266,0.7519698234735086,0.6845883357145486,0.8254356353681203,0.5907653958774992,0.3660966997353792,0.2324010943674817,0,0,0,0,0,0,0,0,0,0,0
154,Slytherin,Renaldo,Cushing,0.2,0,0.4754264417054575,0.17894726876536116,0.21375822928952015,0.821052731234639,0.10853457007303163,0.17137609836169246,0.085762967589494,0.6835340196389098,0.9544684034135346,0.8659885025294911,0.552321129136053,0.28790189322075493,0.15355886567941981,0,0,0,0,0,0,0,0,0,0,0
155,Hufflepuff,Saundra,Low,0.6,1,0.6832732783817639,0.7100006369055166,0.7511438663304618,0.2899993630944835,0.6563782717628872,0.2860447528042578,0.08309823465762711,0.6625413697646215,0.7887489506169518,0.32891723230152303,0.43809099581651545,0.4244954770782679,0.26927085595170885,0,0,0,0,0,0,0,0,0,0,0
156,Gryffindor,Alberto,Michaels,0.6,0,0.4956543927748481,0.8207944683463506,0.3416107848778608,0.1792055316536494,0.8118769657231196,0.2228183140290642,0.703792895172015,0.16784047805982036,0.3512119596275136,0.5087456349998725,0.36949393690077936,0.2825965630174302,0.8619446736439833,0,0,0,0,0,0,0,0,0,0,0
157,Hufflepuff,Lauren,Provost,0.2,1,0.5315868425529282,0.7290536989493897,0.6192220113953124,0.27094630105061046,0.8499386960925421,0.31511713811866016,0.28064671008344555,0.8010506587984118,0.7111703110311227,0.6077786325230575,0.405957994088047,0.5376196141690328,0.30038650280105966,0,0,0,0,0,0,0,0,0,0,0
158,Ravenclaw,Kristal,Woodley,0.8,0,0.6137435627793328,0.29606460636434134,0.8314071018891681,0.7039353936356588,0.7777600085292393,0.8444409188239185,0.6656770681688094,0.6790790587430496,0.820354128940746,0.5839482928558049,0.511795171951926,0.9035756656648171,0.3491553393842012,0,0,0,0,0,0,0,0,0,1,1
159,Ravenclaw,Mickey,Bratcher,1.0,1,0.5722327315671748,0.21604560141524645,0.6437665142781346,0.7839543985847536,0.7690708459939228,0.9248821394634217,0.7864500487237417,0.6304390198131745,0.7740797233351394,0.6115710262197513,0.5025148773124417,0.8748744412671483,0.32985191297172883,1,0,0,0,0,0,0,0,0,0,0
160,Hufflepuff,Carmel,Olivares,0.2,0,0.6298346813479114,0.7279166325303609,0.6078077120204244,0.2720833674696392,0.8796844181459568,0.20036341120059545,0.349002382233404,0.6411363638496599,0.8093882983241893,0.5966079191769804,0.36281691904577623,0.49798011160901023,0.3570808181699744,0,0,0,0,0,0,0,0,0,0,0
161,Hufflepuff,Fletcher,Wingfield,0.2,1,0.7384361999907211,0.6295553263171434,0.7277047141952714,0.37044467368285666,0.6640545871315102,0.2473167125397866,0.1397256716588825,0.7799653596704069,0.8035324463284121,0.45591200464298337,0.4555294151834756,0.4745988156351438,0.20373908889564427,0,0,0,0,0,0,0,0,0,0,0
162,Hufflepuff,Omer,Carrera,1.0,0,0.5909020614570929,0.6763870639947963,0.7267705509535265,0.3236129360052038,0.7584626046164509,0.18630517324356827,0.2635238967593827,0.9082952793650546,0.7918382727550539,0.7428047979477453,0.49843456602497493,0.5603611150569976,0.27133365180006086,0,0,0,0,0,0,0,0,0,0,0
163,Slytherin,Lucio,Negron,0.6,0,0.7075066111996041,0.23495714995349254,0.2130180597848007,0.7650428500465075,0.1997441228210459,0.43188601251238246,0.33352221110525193,0.669028177041295,0.5305808983872091,0.6150243629190039,0.5755697544136448,0.29231083653979506,0.2420636643939723,0,0,0,0,0,0,0,0,0,0,0
164,Ravenclaw,Patrick,Cox,0.6,0,0.6473872229868703,0.33307570456464725,0.847518593387446,0.6669242954353528,0.7462018231249001,0.6019520915709349,0.587695445882796,0.6672480268086992,0.6214425381393407,0.4480267448457855,0.5731075150194702,0.8020363394625276,0.436096755982108,0,0,0,0,0,0,0,0,0,0,0
165,Hufflepuff,Chong,Woodard,0.8,1,0.4555387161127693,0.8157971952403544,0.7057566137891097,0.18420280475964565,0.7235460312383389,0.3497995885215817,0.20857962985181527,0.597574001592599,0.6850585217140044,0.4448933707182731,0.6933180031585134,0.44198779476474004,0.4533373865462284,0,0,0,0,0,0,0,0,0,0,0
166,Hufflepuff,Nan,Hurley,0.6,0,0.6359355427369593,0.6583937263786337,0.8045041925104751,0.34160627362136636,0.6885228423689962,0.21554949439968388,0.310014938766678,0.5391294436911839,0.7567017725646888,0.44500403071550465,0.6463458392432059,0.4939852524284988,0.478503495896122,0,0,0,0,0,0,0,0,0,0,0
167,Hufflepuff,Jonah,Rosa,0.2,1,0.6113697168396146,0.712348332104165,0.5431550303724507,0.287651667895835,0.8558558558558558,0.21109826256189698,0.23905955268453422,0.794962438604416,0.8515702793792477,0.6635996685763004,0.5671924131167645,0.4917469522003732,0.2091023581013593,0,0,0,0,0,0,0,0,0,0,0
168,Slytherin,Ervin,Shelley,0.4,0,0.5722327315671748,0.3498120474881877,0.16409998199192033,0.6501879525118125,0.18700357161895628,0.36651947194108847,0.45908157018511264,0.6344950480701396,0.590100017436742,0.6167729873765297,0.26609480388826345,0.16140634764314582,0.18584704911625485,1,0,0,0,0,0,1,0,0,0,0
169,Gryffindor,Jayson,Somerville,1.0,0,0.5174288232837945,0.7025847064018185,0.33890819343083123,0.29741529359818164,0.8410363025747641,0.2311161631834284,0.7000279689304507,0.18683565694293944,0.4638532285546876,0.5205248863861187,0.41626332013065254,0.35844161750528825,0.7796934033960136,0,0,0,0,0,0,0,0,0,0,0
170,Ravenclaw,Laura,Everett,0.8,1,0.4917649969843651,0.2943358078567308,0.687704074657767,0.7056641921432694,0.7761074684151609,0.7661356672307814,0.7195228357588899,0.6398542530844421,0.8418438487069919,0.7417884419768713,0.6148628890290581,0.8667482856916671,0.4063273548443132,0,0,0,0,0,0,0,0,0,0,0
171,Gryffindor,Roy,Delossantos,0.8,0,0.6015882343844239,0.7186916838210112,0.2328061846810355,0.2813083161789888,0.6928940775094622,0.28012191849838647,0.7505079806008175,0.21493534869509257,0.2812371039874325,0.5427292517292553,0.6794039446155182,0.2381183118393257,0.7980848569071092,0,0,0,0,0,0,0,0,0,0,0
172,Gryffindor,Clinton,Hemphill,0.8,1,0.48987829206810696,0.7390959080884442,0.2541420436274482,0.26090409191155584,0.838584146276454,0.5180379123246742,0.7908806256844184,0.33866594963134194,0.4139296895503809,0.6592355894398367,0.4460070776068754,0.399277331939391,0.6934685369349026,0,0,0,0,0,0,0,0,0,0,0
173,Ravenclaw,Eldon,Hutson,0.8,1,0.5068045095340458,0.21318402401780445,0.7599957649857494,0.7868159759821958,0.7291433445279599,0.7033367106876981,0.6558238026554765,0.7046908836282139,0.8279828873154841,0.7056215008520654,0.24720684760267295,0.9002624310865737,0.37577626264819564,0,0,0,0,0,0,0,0,0,0,0
174,Hufflepuff,Carmen,Champion,0.8,0,0.7196310100057219,0.7597550513444354,0.6580289662127684,0.24024494865556456,0.7834639373100911,0.20405830964498595,0.23876828924520105,0.6033310968870234,0.835556827427741,0.4691764217338949,0.43416594686555465,0.4196398843596352,0.31897337907673606,0,0,0,0,0,0,0,0,0,0,0
175,Gryffindor,Maggie,Damron,0.4,1,0.668171906654501,0.7276995487902655,0.27054068868644077,0.27230045120973445,0.7745082360466976,0.2297252989511322,0.6261194072494516,0.17272069727733128,0.2544861195212077,0.29270250235096346,0.340465600185987,0.22681760478013113,0.7482954792200461,0,0,0,0,0,0,0,0,0,0,0
176,Ravenclaw,Dovie,Saul,0.8,1,0.5722327315671748,0.16101431158687587,0.6713612889412359,0.8389856884131243,0.6333445105435446,0.6677155739048551,0.6163879472446036,0.6679096227957663,0.7308753870072692,0.6870467883070516,0.26289161806201294,0.82419587667648,0.41696703869370744,1,0,0,0,1,0,0,0,0,0,0
177,Hufflepuff,Raymundo,Cooksey,0.6,1,0.6599214388444705,0.6982591276313883,0.7543906600163426,0.3017408723686117,0.8063862679247294,0.24086287428389178,0.20219293083105058,0.7152730427123304,0.7700548680628266,0.42785601303152854,0.5553097050535837,0.521453207930877,0.29782429322100146,0,0,0,0,0,0,0,0,0,0,0
178,Ravenclaw,Marty,Herrin,0.8,1,0.6332987952925165,0.2154769551323003,0.6178796168764903,0.7845230448676999,0.7402846633615865,0.6156779352522209,0.7701758493683559,0.6868941781695076,0.6321552915944655,0.700370316401733,0.5542189714485948,0.8102686128714751,0.4202023711295436,0,0,0,0,0,0,0,0,0,0,0
179,Ravenclaw,Rose,Torres,0.2,1,0.6165890849481156,0.21139375801222557,0.795860315682779,0.7886062419877747,0.7391118929580468,0.6865297844565921,0.6527001174746045,0.6503436309274586,0.7070841187780279,0.5177119067241119,0.3888608611456859,0.8707717798431143,0.40361314978069224,0,0,0,0,0,0,0,0,0,0,0
180,Slytherin,Teddy,Dodds,0.6,1,0.9470562763868055,0.3505014471233543,0.2894092207888573,0.6494985528766458,0.15827069673223526,0.318711123242567,0.3420408397616467,0.5502217482240856,0.6419646504520408,0.52800661449924,0.6408080209806014,0.16705613970272418,0.2760455117905068,0,0,0,0,0,0,0,0,1,0,0
181,Hufflepuff,Augusta,Blanchard,1.0,1,0.4967601255741305,0.8197025938118677,0.771988172182902,0.1802974061881323,0.6175702329548484,0.2707089519806549,0.20417416403221428,0.49217560567992313,0.7416278325414882,0.43789645817588235,0.4991760806104124,0.3846499150215133,0.5277500325704608,0,0,0,0,0,0,0,0,0,0,0
182,Ravenclaw,Aretha,Trice,0.0,0,0.8026073643350912,0.34560175872802584,0.6956859652839412,0.6543982412719743,0.8161415853723545,0.7362369981966924,0.7029512484059628,0.6738701280252427,0.6739578763551222,0.5035795953325115,0.39977880967772866,0.7827568627076674,0.32377209362921794,0,0,0,0,0,0,0,0,0,0,0
183,Slytherin,Eloy,Connell,1.0,1,0.7671697879776689,0.27741649797656037,0.2617175495594143,0.49291427683210426,0.21083213390905697,0.39298901008776055,0.38009199557443485,0.572634559464463,0.568890304674845,0.5913141793946237,0.4669461928592243,0.27009066056386233,0.304837799105398,0,0,0,1,0,0,0,0,0,0,0
184,Ravenclaw,Lorenzo,Bundy,0.6,0,0.8622241467299693,0.3032190073951737,0.16540813864527326,0.6967809926048265,0.08539900847593157,0.26830648796390877,0.22526658485364032,0.7175801810300414,0.6590069969078332,0.7099976879503925,0.7373768893711729,0.14266925092600496,0.13254006166673904,0,0,0,0,0,0,0,0,0,0,0
185,Hufflepuff,Valentina,Gibson,0.2,0,0.6056786725020491,0.7425401683035519,0.7460510071258261,0.2574598316964482,0.6856975318513779,0.28862941306009643,0.22493214760995303,0.5055699829780025,0.7321009360850218,0.35006971398214826,0.5903527503385533,0.42425179909030697,0.45188257263212755,0,0,0,0,0,0,0,0,0,0,0
186,Hufflepuff,Ali,Battles,0.6,0,0.5293985741459567,0.8033092044045624,0.7171271918035996,0.1966907955954376,0.7483341329495176,0.3457884473076156,0.22303174941255977,0.7751686618407354,0.6655648873579146,0.5370175091601797,0.6577691940054134,0.48363932513549673,0.3559517088635081,0,0,0,0,0,0,0,0,0,0,0
187,Slytherin,Stacey,Wu,0.2,0,0.429766636252571,0.2222800656739713,0.30608363393845883,0.7777199343260289,0.3051868436483821,0.21107648390503012,0.2779528952677794,0.6486478712170499,0.8105943479170163,0.8380099684691221,0.5576079829926383,0.4128997175244345,0.3100490728275503,0,0,0,0,0,0,0,0,0,0,0
188,Hufflepuff,Daron,Kitchens,0.6,0,0.5714164205186892,0.7024825930714454,0.7296039762643004,0.49291427683210426,0.8137427368196599,0.26938779602327945,0.2757818882929334,0.5974395908236937,0.7320311386582585,0.4232100632688168,0.5998404023093975,0.5211932473123837,0.4151213792504452,0,0,0,1,0,0,0,0,0,0,0
189,Gryffindor,Marcia,Doe,0.8,0,0.5570418941280175,0.7514195668761887,0.23390240413730318,0.24858043312381134,0.739378431686124,0.29995714169783144,0.45908157018511264,0.23828969000009625,0.30922701513590495,0.47032170223733477,0.4794295344280125,0.2432327422364138,0.7399357276240934,0,0,0,0,0,0,1,0,0,0,0
190,Slytherin,Johnathon,Odom,0.2,0,0.6407218966023847,0.35033888964761395,0.12789012217478685,0.6496611103523863,0.2109387494002879,0.3373028612552282,0.35969041158576537,0.74890518175015,0.6640691590239931,0.9227538452835312,0.5007232343638057,0.245071275811479,0.2233030789942242,0,0,0,0,0,0,0,0,0,0,0
191,Hufflepuff,Geoffrey,Joyce,0.4,0,0.6711643443700416,0.7374505088424047,0.6599638522857144,0.26254949115759524,0.7661922277306893,0.21580434353728153,0.239975121991681,0.6313452508294838,0.8133483328860535,0.4979804748059393,0.20949677595352434,0.43908471403489807,0.32865766274373565,0,0,0,0,0,0,0,0,0,0,0
192,Ravenclaw,Charlotte,Evans,0.8,0,0.6177953389109692,0.2189203623964826,0.6650557444932745,0.7810796376035174,0.7702969241430779,0.3955723885441402,0.740627450292485,0.7210867801258782,0.8140495912764318,0.713473023829278,0.6241175203843772,0.8915683485875383,0.3047075172623442,0,0,0,0,0,1,0,0,0,0,0
193,Hufflepuff,Winnie,Wentworth,1.0,0,0.37145662898411763,0.769108035926708,0.7015109985535809,0.23089196407329213,0.7629404552481476,0.21588102138348156,0.20136539425615851,0.8566171094527341,0.7624380172544405,0.7479789595721685,0.6279692234412568,0.5345750429945674,0.3585573457245842,0,0,0,0,0,0,0,0,0,0,0
194,Slytherin,Vickie,Candelaria,0.2,1,0.39378779209130416,0.11248113667211586,0.23139347316364325,0.8875188633278843,0.26483288021749557,0.17807523971988376,0.14946407318339194,0.7529722359057412,0.8610342832872511,0.8517836638780529,0.754200977373299,0.4239696604060893,0.17125548269422855,0,0,0,0,0,0,0,0,0,0,0
195,Hufflepuff,Fern,Cummings,0.6,1,0.45630422343534943,0.8280156928460953,0.5220189465058446,0.17198430715390475,0.7296764219841143,0.31407214550688883,0.3170167806906551,0.5981077800926966,0.6808039990205933,0.5780463468702994,0.511795171951926,0.44604216976719796,0.5105528292873583,0,0,1,0,0,0,0,0,0,0,1
196,Hufflepuff,Julianna,Doran,0.8,1,0.40867265669702924,0.9038252300401224,0.861271850192601,0.09617476995987766,0.6142651527266911,0.43042855618133063,0.08623261166577573,0.48290277656762554,0.5943069858822932,0.19775998916910015,0.3499758565572407,0.38253934922256067,0.5573022973031658,0,0,0,0,0,0,0,0,0,0,0
197,Ravenclaw,Velma,Coles,0.4,1,0.6608802560969952,0.18656209762033452,0.6460749266602864,0.8134379023796656,0.7570766032304493,0.774857743439387,0.7445880049030014,0.6710763330186104,0.7694665657768636,0.6486287388276805,0.4908063909609125,0.8637000649620812,0.3276371216398141,0,0,0,0,0,0,0,0,0,0,0
198,Gryffindor,Shayne,Slayton,0.6,1,0.5481496373505714,0.59888265641351,0.11964984092656093,0.4011173435864901,0.6238072391918545,0.11528675136128073,0.5649544451389922,0.13604800740016065,0.09118213379005546,0.27310719423914437,0.5893712855295958,0.14137029003856813,0.8102879228731489,0,0,0,0,0,0,0,0,0,0,0
199,Slytherin,Lacy,Mcgowan,0.4,1,0.3175463557212007,0.18280166979035126,0.31718749822923337,0.817198330209649,0.2020896636281252,0.30798829751760987,0.31713378742512344,0.644984893191577,0.7328516840544463,0.8822273291622587,0.6021303073779042,0.42933562937139524,0.38830503322187004,0,0,0,0,0,0,0,0,0,0,0
200,Ravenclaw,Janelle,Salazar,1.0,1,0.5345174210908866,0.7741090728413208,0.819477792313448,0.22589092715867926,0.6783943707020631,0.2554116195787412,0.23238934438377615,0.5890917923928941,0.7233898076452543,0.4579254594548988,0.528510519254523,0.4617768055612489,0.4868415338515656,0,0,0,0,0,0,0,0,0,0,0
201,Gryffindor,Marty,Canady,0.0,1,0.6140915206532329,0.5075954586018546,0.11644295001690748,0.29923344990011763,0.568953568953569,0.22566616051380683,0.6375108090555192,0.2021023011970599,0.1213073789802321,0.4206216275552745,0.4659988459672543,0.10299437575482666,0.7861206409866678,0,1,0,0,0,0,0,0,0,0,0
202,Ravenclaw,Alisha,Avila,0.8,1,0.3007283918160308,0.23756978920099903,0.7914609722262024,0.7624302107990011,0.6890559198251506,0.6777413975554267,0.5548163659867124,0.7260094260296382,0.8024096674973275,0.7254706417359531,0.511795171951926,0.9065492108819627,0.43186259608285926,0,0,0,0,0,0,0,0,0,0,1
203,Ravenclaw,Patty,Prince,0.6,0,0.6445262360236921,0.24560463650429729,0.794780845764768,0.7543953634957028,0.7652859960552268,0.7284337451636118,0.6748947953223445,0.6985433968847742,0.7468603017611906,0.5764604077551851,0.6851669567428778,0.8833731321998005,0.36242237373518044,0,0,0,0,0,0,0,0,0,0,0
204,Gryffindor,Angie,Ladner,1.0,1,0.5175216120501678,0.7636914890354753,0.21764239019376633,0.23630851096452477,0.6763686763686764,0.11608117684649795,0.6584880110132444,0.1365016604801309,0.10445832661057501,0.39711180920472905,0.4287541143391065,0.1487426721144237,0.9165327658835282,0,0,0,0,0,0,0,0,0,0,0
205,Hufflepuff,Renato,Sneed,0.8,1,0.6508358721370799,0.7207502000307243,0.7348475298703816,0.2792497999692757,0.7240258009488779,0.1646140731619781,0.32751610042193785,0.666038117546542,0.8069510290972087,0.63641201258443,0.472170692947533,0.4768750150895068,0.40617535936075044,0,0,0,0,0,0,0,0,0,0,0
206,Gryffindor,Jung,Kim,0.6,0,0.4667120300635603,0.8170339157925893,0.5220189465058446,0.1829660842074108,0.8279759048989818,0.43632588146184664,0.7151654343803543,0.15974933051333062,0.1496658481822264,0.32730305697099593,0.2897905916367323,0.2905382756918854,0.868089633908021,0,0,1,0,0,0,0,0,0,0,0
207,Hufflepuff,Marjorie,Boyer,1.0,1,0.4235265917139632,0.8258572263574205,0.6703737328132455,0.17414277364257955,0.824830747907671,0.2747442656256474,0.2301966422006565,0.6978017816114334,0.7353751808238915,0.584117569941065,0.599326543154936,0.4902102087601675,0.4060667911582056,0,0,0,0,0,0,0,0,0,0,0
208,Hufflepuff,Miles,Aguayo,0.6,0,0.7070813293537263,0.7333202448649868,0.7495236705897154,0.26667975513501324,0.7278639586331894,0.20519151931693436,0.20588850057604355,0.6893497540771647,0.808458706215075,0.4830906069601537,0.4056738386189237,0.455394014392723,0.3116124549441959,0,0,0,0,0,0,0,0,0,0,0
209,Ravenclaw,Jonas,Rauch,0.8,1,0.39155312930114594,0.20515564385318938,0.7053543099872153,0.7948443561468108,0.6642145103683565,0.7913549542720499,0.5516062659169743,0.6379756256941779,0.7832233763273322,0.5832860130671412,0.7045002761327738,0.8564265016094543,0.3843314370087289,0,0,0,0,0,0,0,0,0,0,0
210,Hufflepuff,Neville,Barrow,1.0,1,0.5992917124166834,0.6348176423402522,0.6608656445330716,0.3651823576597479,0.6963057732288502,0.21733131962604535,0.34220544188988367,0.7077181019384541,0.7764084962945607,0.678290152858887,0.5788137834258821,0.5038067667243677,0.37553741260259693,0,0,0,0,0,0,0,0,0,0,0
211,Gryffindor,Charmaine,Renfro,0.6,1,0.5197717396347216,0.828781157681922,0.137312392469977,0.17121884231807827,0.6036036036036037,0.20010767300006896,0.547668108920076,0.20252420852569097,0.043566120025230984,0.3507071276450873,0.30442028470680815,0.058151169064798926,0.8314152950883745,0,0,0,0,0,0,0,0,0,0,0
212,Slytherin,Chantal,Goldman,0.2,1,0.23428390269551366,0.10282466378663413,0.36597653588327506,0.897175336213366,0.32155232155232155,0.2832015837794153,0.27865484998900986,0.6913787501466916,0.7095905052721811,0.8023578658114399,0.5059755449126329,0.5472558433588488,0.36941416597906807,0,0,0,0,0,0,0,0,0,0,0
213,Slytherin,Steve,Vick,0.6,1,0.6026321080061241,0.5075954586018546,0.06611558517048255,0.7470716304837189,0.2212804520496828,0.315554636081488,0.2590760886876372,0.7503845532625146,0.7842559170060451,0.8974876385984897,0.19681278639930372,0.26869653050831566,0.11879532722456247,0,1,0,0,0,0,0,0,0,0,0
214,Ravenclaw,Wilfred,Giordano,0.6,0,0.42082025269474044,0.25915679852016593,0.7358597279361199,0.7408432014798342,0.7168825630364092,0.7983612942897819,0.6662418030809135,0.6637119157626176,0.8315830549799003,0.72296860904405,0.6684579676459188,0.8903508008527607,0.4120597559386807,0,0,0,0,0,0,0,0,0,0,0
215,Hufflepuff,Tom,Haskins,0.6,1,0.6827242781807216,0.6156210839348847,0.7501392020236889,0.49291427683210426,0.6247667786129325,0.33107630745585587,0.3658790541404522,0.6131323046470526,0.6533914791350951,0.47054209717930423,0.48445317010244915,0.49005720818016907,0.44334911191210324,0,0,0,1,0,0,0,0,0,0,0
216,Gryffindor,Lindy,Gracia,0.4,1,0.4479609668589456,0.8644622238669487,0.07517660479811848,0.13553777613305135,0.542193080654619,0.2804556127951418,0.6340441062949626,0.3343444401576983,0.11074877834856815,0.6636801563241335,0.899498669908187,0.06859254626091929,0.8035566943153689,0,0,0,0,0,0,0,0,0,0,0
217,Ravenclaw,Trista,Gantt,1.0,0,0.645121630607921,0.30556508622831285,0.694047461686586,0.6944349137716873,0.7991897222666454,0.9265812715165173,0.8375969479393321,0.6214303873868278,0.849791555857018,0.7172337896295008,0.4829465702949857,0.8839876611348775,0.37256264385286836,0,0,0,0,0,0,0,0,0,0,0
218,Gryffindor,Jung,Layman,1.0,1,0.7431529622813665,0.7694954015779386,0.2357499935479496,0.23050459842206147,0.6475291859907244,0.1845798150057983,0.6942572770476264,0.13072626652457403,0.1257336656375035,0.32523488975571857,0.4438082893243659,0.11222522359139778,0.8406218786641769,0,0,0,0,0,0,0,0,0,0,0
219,Gryffindor,Amelia,Sharp,0.8,0,0.41667568779673075,0.8431157591875328,0.1862606180443067,0.15688424081246719,0.7117117117117117,0.2574105361554384,0.5790996540218988,0.24690235951494752,0.13198244754065802,0.4357941516472176,0.5087800792714657,0.16689190972235932,0.8248577756546663,0,0,0,0,0,0,0,0,0,0,0
220,Hufflepuff,Shanon,Warfield,0.6,1,0.5346952662264355,0.76623386505589,0.7724020727271167,0.23376613494411014,0.6287115517884749,0.43607840662311204,0.171771194886219,0.44135624573664495,0.6195498112792277,0.1800057968083931,0.6106847625152941,0.4027379523974492,0.5025404959395493,0,0,0,0,0,0,0,0,0,0,0
221,Hufflepuff,Natalia,Newberry,0.2,1,0.5920619210367598,0.7660380834872639,0.5220189465058446,0.23396191651273612,0.7782930859853936,0.3614242610292321,0.22018546086711877,0.6193095514017753,0.7073682137231793,0.3946740190942592,0.450135407596406,0.44390268826230106,0.345920006948365,0,0,1,0,0,0,0,0,0,0,0
222,Gryffindor,Jessie,Erwin,0.6,1,0.42373536643830323,0.729098860879764,0.11635805551438197,0.270901139120236,0.6903353057199211,0.3927113379256934,0.5709175834567967,0.2751456476998215,0.15810175944078597,0.40598659633671497,0.6383578921148709,0.20936599366998743,0.7255830112476658,0,0,0,0,0,0,0,0,0,0,0
223,Slytherin,Dudley,Cleary,1.0,1,0.352318945919614,0.13160812906052244,0.3357203784767901,0.8683918709394778,0.23689962151500613,0.3297681663632803,0.279184269395271,0.6632909733945221,0.670024673990485,0.5839482928558049,0.483934011955968,0.46120326393751115,0.34991531680201504,0,0,0,0,0,0,0,0,0,1,0
224,Gryffindor,Leilani,Stamps,0.2,0,0.4423859084793468,0.7482224851315925,0.2264108956281907,0.2517775148684076,0.7957247188016419,0.45134322478365296,0.7192156451692554,0.26781947904211467,0.2704528586995533,0.5152875729192106,0.4298887098974986,0.3260262689362786,0.7660355235158727,0,0,0,0,0,0,0,0,0,0,0
225,Ravenclaw,Cecil,Tovar,0.8,1,0.7036017506147256,0.2427411979192698,0.5569020193819446,0.7572588020807304,0.7971640279332587,0.8345521654011272,0.7963767065580242,0.7727902734596659,0.8389623466701255,0.8166877311781734,0.6091877731191033,0.8573576996348761,0.2324662352890086,0,0,0,0,0,0,0,0,0,0,0
226,Hufflepuff,Reva,Stewart,0.4,0,0.7293506332833305,0.6172777493723977,0.6403572755391606,0.38272225062760235,0.8338930646622954,0.28446944231099947,0.2890664715035471,0.8437258843286919,0.7395189803254256,0.5483932155025297,0.4178285048500211,0.5584173058534939,0.19709471489990013,0,0,0,0,0,0,0,0,0,0,0
227,Gryffindor,Emil,Harr,1.0,0,0.6276773425297311,0.6423103465814177,0.22289204259060874,0.35768965341858233,0.7314355775894237,0.40218659402851215,0.718254478582972,0.21151926982214064,0.3281471119897285,0.4330704010127391,0.5195153496144752,0.2956886401701485,0.7058887393060321,0,0,0,0,0,0,0,0,0,0,0
228,Hufflepuff,Juan,Daniel,0.4,0,0.8706601920727464,0.5804747468004895,0.5583812714126498,0.41952525319951073,0.7992963377578762,0.3024981526109973,0.24076471523670231,0.6975441670169722,0.8061094548437328,0.3791577904432583,0.12386550694755387,0.4714652514627698,0.13518912580883313,0,0,0,0,0,0,0,0,0,0,0
229,Hufflepuff,Leandro,Mcdaniels,0.2,1,0.629850146142307,0.7934515919967596,0.6863656040303583,0.20654840800324042,0.7992430300122608,0.29723717563134067,0.18742728766682312,0.7970909268742521,0.7435061971926186,0.5158007059848169,0.4289653810396962,0.47502160255895637,0.2585008902592609,0,0,0,0,0,0,0,0,0,0,0
230,Hufflepuff,Lyman,Behrens,0.2,0,0.6322239920820253,0.76266444851833,0.6452565943618753,0.2373355514816701,0.8046804200650354,0.08718817882549051,0.30390835118950343,0.6586994449975254,0.9009846896919108,0.7028306354840144,0.6608729950943403,0.45226859153561516,0.36107612802362443,0,0,0,0,0,0,0,0,0,0,0
231,Gryffindor,Micaela,Valdes,0.4,1,0.5204135286021372,0.6888003626425838,0.21661530654045597,0.3111996373574163,0.7441761287915134,0.31709858179600786,0.6993886496347684,0.2692396997085973,0.35422413822641535,0.5700982224766292,0.5953245139572698,0.29745109455772717,0.7296217483823338,0,0,0,0,0,0,0,0,0,0,0
232,Hufflepuff,Una,Linville,0.6,0,0.5992762476222878,0.7657931939486899,0.5220189465058446,0.23420680605131014,0.7805320113012421,0.1320180708296414,0.29146423351607265,0.491858125218374,0.8650003796109362,0.5304482148292753,0.20325725081984744,0.43112980681501084,0.4605897424762236,0,0,1,0,0,0,0,0,0,0,0
233,Ravenclaw,Tamra,Elrod,0.6,0,0.6276618777353355,0.30337960533084213,0.7477948917119108,0.696620394669158,0.8223252838637454,0.813986226407897,0.7664641731885216,0.6197910374277734,0.830772535369935,0.6464294021349527,0.5661367593707696,0.8867770441860063,0.38962956529291704,0,0,0,0,0,0,0,0,0,0,0
234,Hufflepuff,Wes,Dillon,0.6,0,0.6688910195938945,0.5998975321310105,0.7562792235886043,0.4001024678689896,0.5571725571725572,0.22508733540481676,0.29646129289073475,0.6206646283661671,0.7676034407579297,0.5495226017204131,0.5733766285682145,0.4588035410791117,0.41674990228861775,0,0,0,0,0,0,0,0,0,0,0
235,Hufflepuff,Kendall,Pacheco,1.0,0,0.20216352473593863,0.5075954586018546,0.6177535725983264,0.13298858548222722,0.7403379711072019,0.49886283568265866,0.17913012899755965,0.8710524994989131,0.5442037714568657,0.6479335654363675,0.5459240466791543,0.5032590527214732,0.39735962131410957,0,1,0,0,0,0,0,0,0,0,0
236,Slytherin,Roosevelt,Cruz,1.0,1,0.5376490419559872,0.3001075540265457,0.24428445604851057,0.6998924459734545,0.1748494056186364,0.2647349783280817,0.26792991446216186,0.581636477544257,0.8562624379999868,0.8508853350483444,0.6912518148458076,0.27483059045871555,0.28957310982759377,0,0,0,0,0,0,0,0,0,0,0
237,Ravenclaw,Kurtis,Gilbert,0.6,1,0.8064194361535963,0.3045759147323396,0.6979127386004518,0.6954240852676605,0.8202995895303589,0.8015438147714926,0.6227289396932085,0.6459202956632679,0.7467450075241725,0.3982418749393799,0.42481216479509076,0.7994527351731214,0.2515090980153733,0,0,0,0,0,0,0,0,0,0,0
238,Hufflepuff,Lenore,Trinidad,0.8,0,0.5722327315671748,0.7763790461848078,0.6817173980452703,0.22362095381519234,0.8883735806812729,0.3547821645661173,0.25429225438233,0.7650242919222769,0.6639254148030289,0.48072676304589673,0.6730658990834459,0.5435981469243518,0.32765883528032314,1,0,0,0,0,0,0,0,0,0,0
239,Hufflepuff,Olivia,Murry,1.0,0,0.5424508606158082,0.7624598954759713,0.6539991480327586,0.23754010452402893,0.8046271123194201,0.30808913539587984,0.23098170814826047,0.6165990480978594,0.7347940237555697,0.443399761673733,0.625518156671095,0.4689518309256564,0.3756242671646329,0,0,0,0,0,0,0,0,0,0,0
240,Hufflepuff,Anton,Bouchard,0.2,0,0.5054822696132255,0.7401316837065793,0.8092522919641726,0.2598683162934208,0.698598006290314,0.2825409003677071,0.25147284817372784,0.5572732414617025,0.6969268279285177,0.41911025127127177,0.6091255511188854,0.48625858277106787,0.5083814652364615,0,0,0,0,0,0,0,0,0,0,0
241,Gryffindor,Dorothea,Horton,0.2,0,0.5938713019810402,0.680333306869919,0.20956890188664484,0.31966669313008117,0.7028093181939337,0.38880994248190487,0.7698403605101014,0.24040990374504081,0.3208277714248301,0.5614330338111984,0.3894712237615607,0.2810045147804169,0.7451687149867547,0,0,0,0,0,0,0,0,0,0,0
242,Hufflepuff,Aline,Underhill,0.8,0,0.48891947481558234,0.7732288909950973,0.6043136728946569,0.2267711090049027,0.7982834905911828,0.36403155561232947,0.1668278011034268,0.7017090965853447,0.7133322955413552,0.4582965767602983,0.7831041670894017,0.4655299518988642,0.3074651496069831,0,0,0,0,0,0,0,0,0,0,0
243,Hufflepuff,Jana,Chitwood,0.4,0,0.6080525184417673,0.5798499467422265,0.7694440538691751,0.4201500532577736,0.6653872807718961,0.28827659438582576,0.13656558531305615,0.6485161890010409,0.7516989102752429,0.3267293549231321,0.513385528281978,0.5141451141721214,0.31836539714248496,0,0,0,0,0,0,0,0,0,0,0
244,Hufflepuff,Karon,Mark,0.6,0,0.7031455391800566,0.6700718071775289,0.6732397217613697,0.3299281928224711,0.7210405671944133,0.10081030559997411,0.3659924700759462,0.806380993273248,0.8588721012433347,0.8257977337228938,0.25864900745477404,0.4962651014379814,0.31415295088374523,0,0,0,0,0,0,0,0,0,0,0
245,Hufflepuff,Dennis,Seidel,1.0,0,0.6909670135935543,0.6314925596551628,0.6457442797795717,0.3685074403448373,0.7210938749400289,0.23959776808646646,0.24994976879909359,0.6380451675534009,0.8045564591439709,0.48027511979981063,0.6387707531094309,0.465845778784182,0.30318756242671646,0,0,0,0,0,0,0,0,0,0,0
246,Gryffindor,Sammie,Lawton,0.2,0,0.5343086463665465,0.7764412029636165,0.21486026583051349,0.22355879703638354,0.7144837144837145,0.36947013035610915,0.673201488100065,0.27896324922618276,0.3136270501352592,0.5473895573023044,0.5142015085963527,0.24253006250845763,0.7288617709645199,0,0,0,0,0,0,0,0,0,0,0
247,Hufflepuff,Fay,Wentz,0.2,1,0.5602585713622937,0.7799372529230784,0.5852436469574915,0.22006274707692175,0.6209819286742364,0.26016875041432136,0.17354625798064563,0.834104432846239,0.7964332592759288,0.734755478638821,0.4058637167839168,0.3888892943950134,0.2561123898032744,0,0,0,0,0,0,0,0,0,0,0
248,Gryffindor,Lisa,Paz,1.0,1,0.5722327315671748,0.7857783283909379,0.2653283234514425,0.2142216716090622,0.7539314462391385,0.33638191675721796,0.6893615216191433,0.1564867137914713,0.14490806005847812,0.2677380893867786,0.3414921734586598,0.20126033175017502,0.8018413167151605,1,0,0,0,0,0,0,0,0,0,0
249,Ravenclaw,Sanford,Garrett,0.8,1,0.7150998252478233,0.28750041032470336,0.7456301521305054,0.7124995896752969,0.8253638253638254,0.6724201139293317,0.8202423744535505,0.7403218567066976,0.777446175440072,0.7710180830445404,0.8623922380182752,0.8853469800492855,0.3731054848655926,0,0,0,0,0,0,0,0,0,0,0
250,Ravenclaw,Verda,Stephenson,0.8,1,0.4813958523421431,0.22129995220955598,0.6754371841871866,0.7787000477904442,0.7326083479929634,0.7774643493180373,0.6587873535510547,0.5979291486953854,0.7856233348877585,0.6081170064019504,0.6134986117598095,0.8568285141425872,0.4027880314413515,0,0,0,0,0,0,0,0,0,0,0
251,Slytherin,Kristine,Jacob,0.2,0,0.8430555340766744,0.34004110075277105,0.29723875995028337,0.659958899247229,0.14750253211791675,0.3251587298666744,0.32074434144378927,0.5589662679049767,0.6127597699819332,0.5799562929101114,0.7867183767733683,0.19372708851406412,0.2930038650280106,0,0,0,0,0,0,0,0,0,0,0
252,Slytherin,Mirna,Billingsley,1.0,0,0.5469897777709045,0.2245693271956511,0.1768055389604832,0.7754306728043491,0.34532757609680687,0.3110640671362721,0.3290443005010538,0.7957785778942542,0.6272537279981582,0.8234001675507309,0.3737549195271308,0.39242823992063064,0.20421678898684154,0,0,0,0,0,0,0,0,0,0,0
253,Gryffindor,Brandy,Fielder,0.2,0,0.5050724525617432,0.7047504664447777,0.1636571963815885,0.29524953355522243,0.6624020470174317,0.13414118444029913,0.5525373945865274,0.189795775797344,0.17206213535030127,0.37283325469944967,0.7736033090654673,0.15292871183618104,0.7968254657575891,0,0,0,0,0,0,0,0,0,0,0
254,Hufflepuff,Perla,Calvin,0.2,1,0.8018573218069066,0.6914216204567519,0.7253026261415382,0.308578379543248,0.7263180340103417,0.22004184066561688,0.16680354964129143,0.5798965178006628,0.836232500799192,0.31348933533030743,0.4052971509852091,0.42075215646597347,0.27810830763885874,0,0,0,0,0,0,0,0,0,0,0
255,Slytherin,Geraldo,Seaton,0.6,0,0.44554845893323847,0.3126759613208868,0.9399259527252836,0.6873240386791132,0.7897542512927128,0.6824351143062624,0.6703505351879361,0.8822062420433192,0.8745038629307986,0.8778973586250493,0.5939396932526783,1.0,0.3839405914795675,0,0,0,0,0,0,0,0,0,0,0
256,Ravenclaw,Gwendolyn,Rosales,0.6,0,0.3681471629834681,0.32003778441953495,0.7027049519118865,0.6799622155804652,0.7551575243882936,0.8194140125459185,0.7270749160215559,0.6647688182607262,0.8854071726979426,0.5839482928558049,0.5035719487856151,0.8956625879612969,0.43507621487818654,0,0,0,0,0,0,0,0,0,1,0
257,Slytherin,Keenan,Kozlowski,0.4,0,0.7581383480506627,0.29862868684986227,0.16305570093064875,0.701371313150138,0.2438829361906285,0.3326949185240793,0.33147814787999513,0.7486200641567654,0.5811024388035158,0.7376092080874993,0.6839260053402676,0.25796234669763046,0.1838493941894298,0,0,0,0,0,0,0,0,0,0,0
258,Gryffindor,Marcia,Maes,1.0,0,0.5604828108810294,0.7530155537607857,0.24459833435259273,0.24698444623921428,0.7673649981342288,0.425225218259358,0.6789278419318332,0.3015790174895907,0.4164003864998061,0.5584172176894718,0.6012363674047824,0.30427856998078084,0.6637859903591437,0,0,0,0,0,0,0,0,0,0,0
259,Ravenclaw,Renae,Galindo,0.8,0,0.6506270974127399,0.3014207210141828,0.6706352537971031,0.6985792789858174,0.8137427368196599,0.8465950370871108,0.7153125398106526,0.6007233554707354,0.8106332220360861,0.5693250529421032,0.5901485094404756,0.8400119256231902,0.33927563295262086,0,0,0,0,0,0,0,0,0,0,0
260,Slytherin,Willy,Swearingen,0.4,1,0.3951409616009155,0.1818936772610747,0.37364091420321327,0.8181063227389256,0.2795991257529719,0.20009594496005123,0.2604971666547482,0.5916227463662762,0.8230457121494305,0.5839482928558049,0.5384245070680325,0.4383163423147949,0.35766708646371653,0,0,0,0,0,0,0,0,0,1,0
261,Hufflepuff,Son,Campos,1.0,0,0.3940893555820175,0.7883735193165051,0.6648077860189199,0.21162648068349477,0.7866624020470175,0.4514589997299537,0.2731708578574844,0.9508765481075059,0.5496438014390552,0.6745020655736773,0.2788417273988113,0.5639373983388353,0.33430320927606727,0,0,0,0,0,0,0,0,0,0,0
262,Ravenclaw,Jung,Pullen,0.4,1,0.47238760960673026,0.21462902134074535,0.7812000100387833,0.7853709786592548,0.7130977130977131,0.6011337614266066,0.6695742197521238,0.6587281913737176,0.6827622198606608,0.6457370407580632,0.4230973745114024,0.8726265960487111,0.4914013983584488,0,0,0,0,0,0,0,0,0,0,0
263,Gryffindor,Rosanne,Bradshaw,0.6,1,0.5431777059523993,0.6073018165696892,0.24701080734550132,0.3926981834303109,0.7644863798709953,0.1786969850611362,0.7009907469826954,0.09108890870211105,0.17586757818289345,0.3018684743396374,0.47163670351507164,0.27696614167348443,0.873604898597299,0,0,0,0,0,0,0,0,0,0,0
264,Slytherin,Haydee,Stern,0.8,1,0.3689745294836305,0.18782518713033156,0.5220189465058446,0.8121748128696686,0.2719228103843489,0.18202206926453693,0.17816412340716847,0.7142578047856837,0.9537627537080315,0.9582961519046134,0.4300215163754418,0.3876461997744019,0.1847179398097885,0,0,1,0,0,0,0,0,0,0,0
265,Slytherin,Aurelia,Root,0.2,0,0.6409074741351314,0.2632228379883938,0.28964122689469746,0.7367771620116065,0.1293245908630524,0.29654676535352636,0.240016847793672,0.526973609744797,0.7896264134289088,0.6704524019744925,0.38331938070183114,0.25129011773464693,0.2881400095540018,0,0,0,0,0,0,0,0,0,0,0
266,Slytherin,Gena,Mcdaniels,0.6,0,0.34450922474985696,0.17529590853383062,0.2518497319946789,0.8247040914661697,0.3065195372887681,0.32408637920113614,0.3475715921447093,0.630164735620379,0.7757796369043839,0.8732932736283358,0.4693270935624645,0.4542744431761463,0.3407521605072307,0,0,0,0,0,0,0,0,0,0,0
267,Ravenclaw,Landon,Holcomb,1.0,1,0.6525215347261958,0.18852983375637106,0.5552512604941896,0.8114701662436291,0.7067540913694761,0.9246996953926532,0.8494325571479051,0.6516137288002551,0.7863468689362445,0.7619712917161285,0.42209361966585046,0.8482579550475874,0.3314587223693925,0,0,0,0,0,0,0,0,0,0,0
268,Hufflepuff,Jarrett,Underhill,0.0,1,0.5177690487604967,0.726848082089405,0.696888630514292,0.2731519179105951,0.7457220534143612,0.3065106203979376,0.265313789978868,0.5948226164408381,0.713296493182773,0.4658236045739194,0.5337889977550027,0.48201050061228307,0.43594476049854525,0,0,0,0,0,0,0,0,0,0,0
269,Ravenclaw,Randi,Pence,0.8,1,0.7556562485501755,0.11521455313435258,0.6744220587027788,0.8847854468656476,0.7053147822378592,0.8971424019774356,0.7524889950871677,0.5601515757751261,0.7098244899520532,0.43245153740731795,0.7760159201859761,0.857708618396341,0.3373431189473228,0,0,0,0,0,0,0,0,0,0,0
270,Gryffindor,Jarvis,Mcnutt,0.2,1,0.5154647943955585,0.7553582066656683,0.31348351543155867,0.24464179333433175,0.795618103310411,0.285192289960239,0.752166321749771,0.19259573994615845,0.3662160012359546,0.5517348979916668,0.6038559112755898,0.3158055494573677,0.829135362834933,0,0,0,0,0,0,0,0,0,0,0
271,Ravenclaw,Lane,Rodrigues,0.4,0,0.6340797674094923,0.1927824999348171,0.6590063883156101,0.8072175000651831,0.7237059544751853,0.8430959338227184,0.7552911424568653,0.5774802662995835,0.8005945451592297,0.6080500497961288,0.5679886601659396,0.8532443702804942,0.37152038910843793,0,0,0,0,0,0,0,0,0,0,0
272,Hufflepuff,Tera,Cochrane,0.8,1,0.5176607951997279,0.701511010940974,0.8614204625293695,0.29848898905902604,0.6870302254917641,0.428368830932756,0.11553374723092165,0.7818080632108086,0.5826385341369426,0.2995146512993544,0.48863232370863485,0.5483947852910581,0.3466365570851609,0,0,0,0,0,0,0,0,0,0,0
273,Hufflepuff,Elvis,Haddad,0.4,1,0.7047616101943924,0.6022222796926822,0.7638068129359425,0.397777720307318,0.6822858361319899,0.2677421095377969,0.2869697024218335,0.8012350648005874,0.7152455536777407,0.5507963219819006,0.3006242939893989,0.541066478611642,0.3010813392973466,0,0,0,0,0,0,0,0,0,0,0
274,Ravenclaw,Britt,Duckett,0.8,0,0.4436849512085737,0.2609555500599827,0.7018116631262726,0.7390444499400175,0.6894290740444586,0.5528425509757697,0.4876618031926849,0.7433976158115373,0.6764177078810617,0.6023922650468786,0.666722922666559,0.7940542009467508,0.37838189950927176,0,0,0,0,0,0,0,0,0,0,0
275,Ravenclaw,Dan,Minnick,0.8,0,0.5266845027295363,0.20624617559123698,0.6151357402311542,0.7937538244087631,0.6333445105435446,0.6816579662892768,0.6323544569691042,0.6132223482009687,0.7416519702755664,0.6289094463408673,0.5147320009422642,0.7834348377548166,0.3926477613236636,0,0,0,0,1,0,0,0,0,0,0
276,Ravenclaw,Pearlie,Rousseau,0.6,0,0.38304749238358876,0.37900851611778913,0.8099802152177503,0.620991483882211,0.80217495602111,0.7359161794938507,0.616760382968248,0.6756123078664084,0.8518059382269708,0.7076720492382554,0.5735679062943635,0.8919754143508372,0.43674816519737697,0,0,0,0,0,0,0,0,0,0,0
277,Hufflepuff,Erna,Metzler,0.6,0,0.5197485424431282,0.7786245069356321,0.706428211815768,0.22137549306436788,0.6122394583933045,0.35236220377936944,0.2940333739132018,0.5815193627534653,0.6551671141834639,0.5191017904861899,0.5681205254989646,0.4104590073546957,0.5,0,0,0,0,0,0,0,0,0,0,0
278,Hufflepuff,Eunice,Bishop,0.6,1,0.5055131992020166,0.8376765277649627,0.5626526644507402,0.16232347223503735,0.8682765605842528,0.3047254691634115,0.2892289278565279,0.5965510281177161,0.7429740347385109,0.535684562495726,0.4952626484138253,0.440231235812355,0.39885786250922833,0,0,0,0,0,0,0,0,0,0,0
279,Gryffindor,Ralph,Bostick,0.4,0,0.5722327315671748,0.8106157826235931,0.2860813811492441,0.18938421737640698,0.754837677914601,0.2867194246654679,0.7868060319358534,0.19754438522647683,0.24216193156581725,0.5644537289861484,0.506198494080907,0.2595097580681841,0.8890650106396839,1,0,0,0,0,0,0,0,0,0,0
280,Hufflepuff,Ike,Curtis,0.4,1,0.5990210785147612,0.795720231215325,0.6087980983797255,0.20427976878467502,0.8083586545125008,0.16325963945796812,0.30283384763837023,0.5758955519402497,0.8616878569405386,0.6191509853615222,0.45462544330137666,0.42189727456838416,0.3972727667520737,0,0,0,0,0,0,0,0,0,0,0
281,Ravenclaw,Adela,Marshall,1.0,0,0.48907412275953793,0.2901567627701842,0.7033046457230349,0.7098432372298159,0.777973239511701,0.7819083511196112,0.7643281507431758,0.6966084942807157,0.8332555046595995,0.8181720829883843,0.4020944495398466,0.897165923935411,0.4062839275632953,0,0,0,0,0,0,0,0,0,0,0
282,Hufflepuff,Alejandra,Cardwell,0.2,1,0.7474521751233317,0.7529545425497561,0.6737425968786173,0.247045457450244,0.7651260728183806,0.26769452951872097,0.17325243169982477,0.5801013180321245,0.8131291503725492,0.33217805921670274,0.19928646882751985,0.40603518508016956,0.2852738090068181,0,0,0,0,0,0,0,0,0,0,0
283,Hufflepuff,Sol,Rendon,0.6,0,0.529390841748759,0.7354293986983539,0.6365886853146392,0.2645706013016462,0.7361799669491977,0.31772061631665394,0.2342745366282005,0.75112357526534,0.7132864649171744,0.5774981505981396,0.37459036808992735,0.4770103293639274,0.3287879445867894,0,0,0,0,0,0,0,0,0,0,0
284,Ravenclaw,Benton,Spalding,0.2,0,0.6737160354453088,0.29161317647287704,0.8034528255172573,0.708386823527123,0.8431686123993817,0.7264027489377988,0.751593027201952,0.6085538237451781,0.7183115030818379,0.5261889909161881,0.6042555023502256,0.8839559380788407,0.4335779736830678,0,0,0,0,0,0,0,0,0,0,0
285,Ravenclaw,Leisa,Lawrence,0.6,0,0.3903778049270835,0.0,0.5945800323086783,1.0,0.5226824457593688,0.6422639610720962,0.6245038341758686,0.5883309992627929,0.655928946107602,0.6301713955526391,0.39400686369263943,0.8207425553286594,0.46573587527684895,0,0,0,0,0,0,0,0,0,0,0
286,Gryffindor,Kayla,Jameson,0.2,0,0.5057297063235544,0.8160762892272293,0.27289579872327,0.18392371077277078,0.7568633722479876,0.26961929886889735,0.7007440878913429,0.17208609431338218,0.1845590299396679,0.43033834050152975,0.5330756952744355,0.2258257679927282,0.8786641768358883,0,0,0,0,0,0,0,0,0,0,0
287,Hufflepuff,Jody,Ricci,0.6,0,0.5587120919227379,0.730054899980616,0.6466222082365592,0.2699451000193841,0.7554773708619863,0.30193640591860105,0.2056406751232067,0.811156491899987,0.7353472211842565,0.5860988492607596,0.568610880446386,0.49199540268348996,0.2728970339167065,0,0,0,0,0,0,0,0,0,0,0
288,Hufflepuff,Jessie,Chung,0.2,0,0.5925954564434066,0.8068111932068212,0.6127392631633803,0.19318880679317887,0.8121968121968122,0.1613474363822685,0.3181988902134916,0.5061163262865664,0.854654643335183,0.5789128969548659,0.5214422786177095,0.4087451201237032,0.4433056846310853,0,0,0,0,0,0,0,0,0,0,0
289,Gryffindor,Calvin,Stauffer,0.6,1,0.47041584832129657,0.8052939887264987,0.19583786725196706,0.1947060112735015,0.703715549869396,0.29686024851665666,0.5959315457621931,0.2460359157860943,0.21094383096003066,0.4513523137008918,0.5062222957214372,0.18969292643226815,0.7783905849654754,0,0,0,0,0,0,0,0,0,0,0
290,Gryffindor,Carmen,Fulcher,0.2,0,0.5726458716731361,0.8368883237377168,0.28562567412622936,0.1631116762622831,0.7634202249586864,0.3030384019973719,0.6762639478938786,0.12094053534944572,0.08541630636646436,0.2556732765400506,0.47821674016293175,0.19070806422543257,0.8908238155209103,0,0,0,0,0,0,0,0,0,0,0
291,Hufflepuff,Matilda,Steiner,0.0,0,0.6270974127398976,0.6768540146510758,0.8304040044251179,0.32314598534892425,0.7090463244309398,0.2585445306964824,0.20939499861343902,0.5697747007282028,0.7391512546559728,0.3783371995170215,0.2961926353863291,0.5109893719340229,0.3939288661136926,0,0,0,0,0,0,0,1,0,0,0
292,Hufflepuff,Neil,Briseno,0.4,1,0.5680450953404574,0.7457103802226128,0.6689722618918592,0.2542896197773874,0.7783997014766245,0.3247523451206238,0.2885976559218301,0.8168827782962044,0.6863242678501349,0.6214979855898513,0.5489080985481231,0.5157318284439595,0.32110131584661483,0,0,0,0,0,0,0,0,0,0,0
293,Hufflepuff,Anibal,Abraham,0.2,0,0.7041275536241746,0.6126984223543094,0.6998529079169882,0.3873015776456906,0.765552534783304,0.19490017876822552,0.38349133147116726,0.7157939882515906,0.7728263485119964,0.6274599769607926,0.35645117346101035,0.5411464880892558,0.35269466278716294,0,0,0,0,0,0,0,0,0,0,0
294,Gryffindor,Wilburn,Okeefe,1.0,1,0.4265035646351082,0.8618551328003499,0.20168227580951428,0.13814486719965022,0.7048350125273203,0.21474558206752076,0.5986281368870349,0.31962191786550515,0.28216928878596437,0.6284759546977872,0.511795171951926,0.1854813398246753,0.7760455117905068,0,0,0,0,0,0,0,0,0,0,1
295,Gryffindor,Alvina,Gragg,1.0,0,0.5529823855991834,0.6991886755558104,0.15366137156015913,0.3008113244441896,0.6404925635694867,0.11934022020598348,0.5647606412836303,0.15293348993768782,0.08475315985491721,0.2958725259167336,0.4500397931505572,0.1172835069866521,0.8290050809918791,0,0,0,0,0,0,0,0,0,0,0
296,Hufflepuff,Otto,Bruno,0.0,0,0.4893602214558557,0.7605733551510695,0.8024053647957616,0.23942664484893056,0.7061677061677062,0.22437288005678896,0.24467955711573267,0.5697747007282028,0.7510482837712448,0.4272264393744408,0.6888720608474841,0.4624345676877377,0.5396056802883572,0,0,0,0,0,0,0,1,0,0,0
297,Gryffindor,Lilly,Jackman,0.2,0,0.47996535886055397,0.7131539492094905,0.21493480119226138,0.28684605079050957,0.7130444053520977,0.2249176482457201,0.6000433590325643,0.14969134716464388,0.17244610568854052,0.3294476155763508,0.47273009220999707,0.20806731351755903,0.8335215182177445,0,0,0,0,0,0,0,0,0,0,0
298,Ravenclaw,Marietta,Mireles,0.2,0,0.8646443870528742,0.2677653031524182,0.7765695336205346,0.7322346968475819,0.8029745722053414,0.729768103718056,0.7086796090369946,0.6530171930659048,0.7164677324107454,0.44578647709070335,0.3448275570637481,0.830821503627939,0.3145220827723976,0,0,0,0,0,0,0,0,0,0,0
299,Hufflepuff,Randal,Bays,0.2,0,0.642005474537216,0.6861441756692787,0.7115247576486109,0.3138558243307214,0.7212004904312597,0.19429021314933953,0.3847668675062465,0.5902040069653778,0.7754023261058334,0.605360879181146,0.8865500936948858,0.4809605516779815,0.4591783558431407,0,0,0,0,0,0,0,0,0,0,0
300,Gryffindor,Glenda,Madigan,0.2,1,0.5944666965652692,0.6628988194901881,0.18066481482181204,0.3371011805098118,0.725625033317341,0.3371836638199888,0.6338597969466226,0.23096216499595076,0.23236462035243366,0.36080790883212155,0.511795171951926,0.24483545840377502,0.703261388804447,0,0,0,0,0,0,0,0,0,0,1
301,Hufflepuff,Luann,Lemke,0.6,1,0.45185036264942857,0.7747838918756494,0.6270351685418369,0.2252161081243506,0.8051068820299591,0.3615567084889132,0.29535967187172046,0.7893493849249253,0.6491669673117263,0.6335056544287219,0.5104133002410409,0.5187609591929212,0.36989186607026536,0,0,0,0,0,0,0,0,0,0,0
302,Slytherin,Diego,Yee,0.6,1,0.648067673940275,0.23019265962224353,0.24671636943606368,0.7698073403777567,0.26429980276134124,0.27637361206134353,0.26498176020786923,0.7440020011896576,0.6234299062478363,0.6992134421111186,0.45554500824911887,0.3346105840467281,0.20606244843010382,0,0,0,0,0,0,0,0,0,0,0
303,Hufflepuff,Marlon,Carmack,0.2,1,0.5111269195676044,0.8285369920004558,0.5240068426937603,0.17146300799954436,0.8684897915667147,0.27282984049291037,0.26966451351578713,0.6162774392342384,0.7961222514305687,0.5826442132346875,0.4801436145423414,0.4295694816340344,0.3569722499674296,0,0,0,0,0,0,0,0,0,0,0
304,Hufflepuff,Oliver,Sawyer,1.0,1,0.41700818087623526,0.7562547025256403,0.6201003586275563,0.24374529747435972,0.7894344048190204,0.24443108302425015,0.27274644577005963,0.7180181007348372,0.760771709559541,0.685784249021401,0.81925147305852,0.49995424019350526,0.39755504407869025,0,0,0,0,0,0,0,0,0,0,0
305,Gryffindor,Brain,Kellum,0.8,1,0.5722327315671748,0.8102802858524625,0.13737994650155264,0.18971971414753763,0.698598006290314,0.3704599204851546,0.5077666755440325,0.2936839481832951,0.18455640478185914,0.41174122714025085,0.4370595339023409,0.18105892122519543,0.7172449732922223,1,0,0,0,0,0,0,0,0,0,0
306,Slytherin,Tracie,Sturgeon,1.0,1,0.5155730479563274,0.20240325489918956,0.18165550256870167,0.7975967451008108,0.13721413721413725,0.2872059502268119,0.22609787430993886,0.672080146234448,0.8149834320514721,0.8596200577543328,0.45666188230310006,0.29562996655323137,0.21201198592956097,0,0,0,0,0,0,0,0,0,0,0
307,Ravenclaw,Rene,Upshaw,0.2,1,0.3693998113295084,0.13038809553234643,0.820299808808096,0.8696119044676537,0.582600351831121,0.696979285434136,0.6197535951521271,0.6874418230914492,0.732023484370351,0.687954292589085,0.6829137585527093,0.9092712175308914,0.47841664133408607,0,0,0,0,0,0,0,0,0,0,0
308,Hufflepuff,Jovita,Regalado,0.6,1,0.294627530426983,0.9770068814363183,0.7339082150731139,0.02299311856368181,0.8242976704515167,0.17294571951497434,0.23994593768268466,0.7791458914893711,0.7719146530387352,0.8173253125598876,0.45465637217583166,0.4777085173317378,0.487883788595996,0,0,0,0,0,0,0,0,0,0,0
309,Slytherin,Stacey,Crouse,0.6,1,0.47664816046270664,0.17786201734248014,0.24606108485457787,0.82213798265752,0.21371075217229066,0.2667082960983627,0.21779219843216582,0.7216710017493014,0.7395327025959313,0.7974290679550212,0.6880926416977963,0.3691317259195338,0.22745038433143702,0,0,0,0,0,0,0,0,0,0,0
310,Ravenclaw,Jimmie,Brantley,0.6,1,0.54672687626618,0.5075954586018546,0.7401370776823541,0.8566009503362824,0.681326296710912,0.8674346916452529,0.6855492351564073,0.6996099153995105,0.8243965452742956,0.6589517514301997,0.5452806683883616,0.9252178082568663,0.3284839536196639,0,1,0,0,0,0,0,0,0,0,0
311,Hufflepuff,Gene,Castleberry,0.6,0,0.3993937800596941,0.8368752552585875,0.6990756224088234,0.1631247447414126,0.6992910069833147,0.38742137711125313,0.22035109998301391,0.8486823523597473,0.618166863434263,0.6540794784328215,0.5697526937560297,0.4841365068367403,0.3855908281582491,0,0,0,0,0,0,0,0,0,0,0
312,Slytherin,Joesph,Crider,0.8,1,0.5566784714597219,0.21705081503124535,0.13122104396252438,0.7829491849687549,0.0670078362386055,0.31514863737149673,0.2036331385054886,0.5948617155001935,0.903036476219457,0.859341375478925,0.46469495765214763,0.22512000017967093,0.18899552699005515,0,0,0,0,0,0,0,0,0,0,0
313,Hufflepuff,Lynn,Tovar,0.8,1,0.36087870961755564,0.8835239704400986,0.7811286771799679,0.11647602955990145,0.6996641612026228,0.2978490502181198,0.35322451834066154,0.564823636309287,0.6388672918592025,0.6204533000213039,0.6658448442709862,0.4565396939651513,0.6415512224779607,0,0,0,0,0,0,0,0,0,0,0
314,Gryffindor,Yolanda,Crenshaw,0.6,1,0.5480104542010114,0.5424091881895741,0.1682825725123694,0.457590811810426,0.6893224585532278,0.28043641816484527,0.6605093838795869,0.1723635581997485,0.2976019730574807,0.4050958493986698,0.3368294512392754,0.28093517323315265,0.7344638902158337,0,0,0,0,0,0,0,0,0,0,0
315,Gryffindor,Jimmie,Mckeown,0.4,0,0.5310919691322704,0.901430542805361,0.2110555440432976,0.0985694571946391,0.6669865131403593,0.20340776273725103,0.6249084244554509,0.18024387927250982,0.030713262844185296,0.36938240881299544,0.2479830703311426,0.08494592201518375,0.9026143223172798,0,0,0,0,0,0,0,0,0,0,0
316,Ravenclaw,Darwin,Kyle,0.6,1,0.30655861930315637,0.24067483798863684,0.7487480729136424,0.7593251620113634,0.6789807559038328,0.726999593512158,0.6666667106996855,0.5819681808773683,0.7536909124850957,0.6964099081512634,0.45953926340900725,0.8772109987484841,0.5389976983541062,0,0,0,0,0,0,0,0,0,0,0
317,Slytherin,Deon,Wilhelm,1.0,0,0.633847795493559,0.22118362787151935,0.15062500498180834,0.7788163721284808,0.1280452049682819,0.2521582909943912,0.15783952735950563,0.7159438598779578,0.8118154182800817,0.7991970959793738,0.48839735192192457,0.23842431299932254,0.1191861727537239,0,0,0,0,0,0,0,0,0,0,0
318,Slytherin,Pete,Ireland,0.8,1,0.6158622396115244,0.26382587520737705,0.3944607868542112,0.7361741247926231,0.26605895836665067,0.28465544044316565,0.35156049467010614,0.5452259021629673,0.6451643905018889,0.6207737728484177,0.27240415636620996,0.360506423497745,0.39371172970860296,0,0,0,0,0,0,0,0,0,0,0
319,Hufflepuff,Jarod,Wolff,0.0,0,0.6432039961028718,0.6944790292584289,0.6889025927553227,0.30552097074157114,0.7131510208433285,0.23901638172067627,0.2498896715624341,0.6936260315624339,0.7806415795691187,0.5464350247979222,0.657594912644662,0.46869158957215473,0.3312415859643028,0,0,0,0,0,0,0,0,0,0,0
320,Hufflepuff,Marci,Mckinley,0.6,1,0.40634520514049766,0.7693012170415641,0.8729396560945689,0.23069878295843588,0.6273255504024735,0.32478028908605944,0.22843521529799846,0.6069476988349044,0.6324128796191006,0.45370943636039784,0.4556250206457267,0.4941017574573045,0.5610153298301994,0,0,0,0,0,0,0,0,0,0,0
321,Slytherin,Albert,Hudgins,0.6,0,0.7977978132780724,0.3240086455273684,0.12868635246349883,0.6759913544726318,0.17591556053094512,0.3014777446460919,0.2948922141272423,0.6739312658477834,0.7164055411055676,0.7743981343832222,0.6669143621137503,0.18347408450909863,0.16094150345246885,0,0,0,0,0,0,0,0,0,0,0
322,Slytherin,Dick,Lash,0.0,0,0.6076349689930872,0.3345852602164309,0.18090023289373747,0.6654147397835692,0.25641025641025644,0.4185722396049428,0.44500324198276764,0.7161905781264911,0.5390628903247714,0.8459331153739946,0.5277114539994842,0.30678216479257325,0.3125027142050637,0,0,0,0,0,0,0,0,0,0,0
323,Gryffindor,Lidia,Redmond,1.0,1,0.4215780276201228,0.8312313829230189,0.18002445732790864,0.1687686170769811,0.7420971267125113,0.5057006178489011,0.6709482466046305,0.3946004211991506,0.3592504361558706,0.6879397305373371,0.3370892609897077,0.28602798703453486,0.6684978503495896,0,0,0,0,0,0,0,0,0,0,0
324,Hufflepuff,Arlen,Keller,0.4,1,0.6470238003185748,0.8167918218013753,0.5720588633681765,0.18320817819862467,0.7829308598539368,0.23356745973555562,0.2885485236066532,0.6992140564992142,0.8097822788844109,0.5839482928558049,0.5388834586316591,0.4061814480199473,0.31263299604811745,0,0,0,0,0,0,0,0,0,1,0
325,Ravenclaw,Bret,Blanco,0.8,1,0.6783168117779874,0.3184383964178504,0.8029101892097044,0.6815616035821498,0.7901807132576364,0.3955723885441402,0.6970015075404221,0.8214227913694854,0.7274961158073842,0.6761665682023802,0.39583124466901465,0.8860176559861971,0.31916880184131674,0,0,0,0,0,1,0,0,0,0,0
326,Ravenclaw,Shante,Lieberman,0.2,1,0.5471676229064535,0.1778685439334331,0.7604842758464354,0.822131456066567,0.6810064502372195,0.5925437756366364,0.6876667935904025,0.6952362721538597,0.7163019856497853,0.694508596809213,0.39691056109691375,0.8659299431399314,0.4404829113649195,0,0,0,0,0,0,0,0,0,0,0
327,Slytherin,Susan,Keenan,0.6,0,0.748565640319812,0.2658493726125552,0.2981383483559489,0.734150627387445,0.2545444853137161,0.2899653566239939,0.3136160239740223,0.711025137676433,0.5286127277381906,0.6134831288645132,0.6324641719526507,0.3082428290452932,0.2547010031701915,0,0,0,0,0,0,0,0,0,0,0
328,Gryffindor,Dottie,Bui,0.8,0,0.6325410203671342,0.7297803023000654,0.23202318058151059,0.27021969769993465,0.6333445105435446,0.38577456935414967,0.7642335182456825,0.3001438270882468,0.4145070966515515,0.6505238480567661,0.5785184659197796,0.2839275276959124,0.6896686498458332,0,0,0,0,1,0,0,0,0,0,0
329,Ravenclaw,Evangeline,Pickett,1.0,1,0.707545273185593,0.2416869825786986,0.6060794856144366,0.7583130174213015,0.8035076496614958,0.6829331837268516,0.7281366626747728,0.5513891891391473,0.7159280613843433,0.5191241301546969,0.559405856191689,0.7867160685420147,0.3810961045728927,0,0,0,0,0,0,0,0,0,0,0
330,Slytherin,Addie,Almanza,1.0,0,0.39303774956311954,0.15255306411154537,0.2762551602305256,0.8474469358884549,0.2697371928141159,0.28709723980787477,0.23367270641738358,0.6066291380905374,0.8364943713453112,0.765797194027253,0.6603693028126213,0.42365804454590883,0.2795631215529596,0,0,0,0,0,0,0,0,0,0,0
331,Hufflepuff,Ivette,Bueno,0.0,1,0.5722327315671748,0.750914397407211,0.8239500994938092,0.24908560259278895,0.7119249426941735,0.25524215158110425,0.20498011176115932,0.5221993940709617,0.7326873629851784,0.3828125665362708,0.6601829768548574,0.48335550204122435,0.5156989620879837,1,0,0,0,0,0,0,0,0,0,0
332,Hufflepuff,Lela,Tuttle,0.4,0,0.47072514420920775,0.6778205613112411,0.8057084031358207,0.3221794386887589,0.6694386694386694,0.3946761721012845,0.03491384413927204,0.5697747007282028,0.6535757775286745,0.29682760422531457,0.762510690282907,0.5239340632069265,0.3027315759760282,0,0,0,0,0,0,0,1,0,0,0
333,Hufflepuff,Hal,Sawyers,1.0,1,0.6448587291031965,0.6043847111624222,0.7132779215276994,0.3956152888375779,0.7443360520283597,0.2762138314496499,0.3648852869294015,0.6455495743453944,0.7081968684907124,0.5116389376883685,0.46212574607985457,0.5415788200033801,0.40313544968949494,0,0,0,0,0,0,0,0,0,0,0
334,Ravenclaw,Caridad,Saldivar,0.2,0,0.6806983901149034,0.2200415030801983,0.667421695708365,0.7799584969198019,0.6999306999307,0.672146240166085,0.6559940673742988,0.6743898127864747,0.719975198039571,0.5894585032002696,0.5052091944191048,0.7937465153766992,0.33860251009684283,0,0,0,0,0,0,0,0,0,0,0
335,Ravenclaw,Federico,Mccollum,0.8,0,0.6565655784606343,0.19206315811528402,0.864888820306546,0.8079368418847163,0.7635268404499174,0.834261550508705,0.7175078136021551,0.6663331681389941,0.762643202693657,0.5206359069975208,0.2867882230522709,0.9494463624884127,0.3751465670734356,0,0,0,0,0,0,0,0,0,0,0
336,Slytherin,Mohamed,Bechtel,0.8,0,0.8465196480212795,0.3595924906675777,0.2143017024277425,0.6404075093324225,0.11530465376619224,0.4522628985192369,0.4477538753669182,0.5264404221039547,0.5530723335837191,0.6542061178769631,0.5259753529253554,0.16903560225239359,0.33827680548920835,0,0,0,0,0,0,0,0,0,0,0
337,Ravenclaw,Mirna,Hubbard,0.4,1,0.7742913257968236,0.2043993206151218,0.7562898917727041,0.7956006793848782,0.7697105389413083,0.867145361031223,0.7718639681220911,0.6418954117904564,0.7505452577986189,0.5196608986405618,0.37496816048000836,0.8897797858441056,0.3298736266122378,0,0,0,0,0,0,0,0,0,0,0
338,Gryffindor,Cathrine,Robey,0.4,1,0.33586440468273976,0.8096710029271463,0.27911141127368577,0.19032899707285375,0.871954795031718,0.4441850227072541,0.7646542629168709,0.3014874003084936,0.340304434650047,0.6531994604633746,0.2566298119122415,0.39131849442937566,0.8096582272983889,0,0,0,0,0,0,0,0,0,0,0
339,Ravenclaw,Christin,Curran,0.8,1,0.5019408316966426,0.8250337273252206,0.6475889817720892,0.17496627267477938,0.7416173570019723,0.25566573392130687,0.28919278902442,0.6795354992681018,0.7487268523403088,0.6628541862748496,0.49483190305659747,0.4373099073069151,0.422656012507057,0,0,0,0,0,0,0,0,0,0,0
340,Slytherin,Essie,Rudd,0.8,0,0.4054946414487419,0.13877884665516232,0.37532698259847813,0.8612211533448377,0.37917799456261,0.15691709938242074,0.2099753343329185,0.7494004757219989,0.7205044992209607,0.7276194113925819,0.33498569246135657,0.5046652543824142,0.2706822425847918,0,0,0,0,0,0,0,0,0,0,0
341,Slytherin,Garry,Sonnier,0.2,1,0.5595162612313069,0.23023995773045014,0.1543927957408718,0.7697600422695501,0.6333445105435446,0.327751169151337,0.2953172094438228,0.7097368447285146,0.7218266249989667,0.8621935731994154,0.5096594970429842,0.30060009915560576,0.2162244321883007,0,0,0,0,1,0,0,0,0,0,0
342,Ravenclaw,Alisha,Paterson,0.4,0,0.6212130584723876,0.21819584027111028,0.6342585766137658,0.7818041597288897,0.7538248307479076,0.7180131234840658,0.7536039592370735,0.5559043615257986,0.7277793702428108,0.5945993686895817,0.6498027682247456,0.81731955336183,0.4267381769227429,0,0,0,0,0,0,0,0,0,0,0
343,Hufflepuff,Dinah,Chu,0.8,0,0.6126069003912593,0.650888612593939,0.7241991030872356,0.34911138740606096,0.6333445105435446,0.23232588181100275,0.33361976307666685,0.6236299297759743,0.7519438272077409,0.5268983369445756,0.4905695245124177,0.5232151008484379,0.4184652798888262,0,0,0,0,1,0,0,0,0,0,0
344,Slytherin,Lynwood,Maple,0.8,0,0.8235003015634907,0.2847443214537383,0.16801267352879834,0.7152556785462619,0.2793858947705101,0.21708126281276255,0.2378905124945439,0.7986044108709988,0.6420974750850807,0.7026869460308782,0.3713076371336007,0.24935304617136392,0.09345550875059712,0,0,0,0,0,0,0,0,0,0,0
345,Ravenclaw,Constance,Romeo,0.8,1,0.5643954038631056,0.22290236077018513,0.6448444142103509,0.777097639229815,0.717468948238179,0.3955723885441402,0.6651974898828779,0.601230927505244,0.7185441881947763,0.568130530942385,0.511795171951926,0.8112938571249705,0.39438485256438094,0,0,0,0,0,1,0,0,0,0,1
346,Slytherin,Gayla,Baker,0.8,0,0.5722327315671748,0.2667881255206268,0.3337793053423277,0.7332118744793733,0.2783197398582014,0.22933215200383392,0.31720261365909413,0.634655560710889,0.7128784592026614,0.7647755461304993,0.5255713355779283,0.36497011014357417,0.3353454640204977,1,0,0,0,0,0,0,0,0,0,0
347,Ravenclaw,Bob,Christmas,0.4,1,0.8455840279603483,0.2202582355540318,0.6223136290690839,0.7797417644459683,0.7751479289940828,0.7810291929120311,0.8465711924151891,0.7372288692111104,0.7417505272410171,0.7146010102133603,0.4210469480881024,0.8392140767271241,0.2791939896643071,0,0,0,0,0,0,0,0,0,0,0
348,Hufflepuff,Marvin,Dobbs,0.2,0,0.6528540278057003,0.6135670610752778,0.7172075954080013,0.3864329389247223,0.6739698278159817,0.1678084198858522,0.29324253644292314,0.689327656793297,0.815875689705122,0.6154420943929655,0.7471567880102369,0.49849245300074907,0.3582099274764407,0,0,0,0,0,0,0,0,0,0,0
349,Hufflepuff,Merlin,Travers,0.2,1,0.4729366098077726,0.6958095602412894,0.6092894980326901,0.30419043975871074,0.7955647955647955,0.2780923724515587,0.36408873452323715,0.7399663487574495,0.7137315483882689,0.7103005401998591,0.5206896675485135,0.5364146995096688,0.39946584444347943,0,0,0,0,0,0,0,0,0,0,0
350,Gryffindor,Socorro,Shrader,0.4,1,0.5180706122512101,0.6306389897346693,0.15896200555234782,0.36936101026533086,0.6975318513780052,0.3047254581376907,0.6335848982887538,0.2574079353767576,0.3185068636111565,0.4950916980311843,0.5208937396303391,0.26429741291459646,0.6962478829200504,0,0,0,0,0,0,0,0,0,0,0
351,Ravenclaw,Bernardo,Arce,0.6,1,0.8277608524194671,0.21764354245374545,0.6517351945218454,0.7823564575462547,0.7658190735113811,0.7630410814977269,0.7007572849834159,0.6860108829747523,0.706858829081921,0.5045828285871281,0.4397708165486984,0.808431482971457,0.26271333651800066,0,0,0,0,0,0,0,0,0,0,0
352,Gryffindor,Ines,Bess,0.6,0,0.4946646459335323,0.7435295445878944,0.2743740115604572,0.2564704554121057,0.7452955914494376,0.24048204107400453,0.7086271186969428,0.18474457081052317,0.30563667945974277,0.5214049145506215,0.47856943066957763,0.2683936174334199,0.8423155426238763,0,0,0,0,0,0,0,0,0,0,0
353,Gryffindor,Keven,Gore,0.4,1,0.570898349906438,0.6840657717935521,0.28212541578788275,0.31593422820644795,0.7182152566767952,0.15391386230961251,0.7310339560208329,0.1209357350973583,0.2986143244865248,0.4749210657160438,0.6038223535000162,0.24966438129653593,0.8710426890172407,0,0,0,0,0,0,0,0,0,0,0
354,Hufflepuff,Gina,Dooley,1.0,1,0.6809844888112212,0.6740232031772008,0.7317552174813278,0.3259767968227993,0.6799936030705261,0.22347254226689212,0.22421623239456817,0.5102098796449083,0.8098591586110789,0.37350929754500506,0.528233430875933,0.4311999905673037,0.3973813349546185,0,0,0,0,0,0,0,0,0,0,0
355,Gryffindor,Jefferson,Ham,0.8,1,0.4174875895024976,0.7180184426231583,0.2726020381755212,0.2819815573768418,0.8150754304600458,0.182157685278785,0.6766412449130309,0.15639689471248172,0.20226937741155268,0.40894532365342506,0.4148490305554313,0.2940236008307506,0.8925174794806097,0,0,0,0,0,0,0,0,0,0,0
356,Slytherin,Zenaida,Schramm,1.0,0,0.7871193727479393,0.2949488963400972,0.033438550931776403,0.705051103659903,0.1118396503011888,0.3608275909314788,0.28822567589490933,0.680945558318548,0.7524010866290494,0.8337914551637299,0.5697485009828371,0.14912924422205284,0.11106527120336998,0,0,0,0,0,0,0,0,0,0,0
357,Hufflepuff,Colby,Loper,1.0,0,0.4736093283639794,0.7304933515626433,0.6906197369691836,0.2695066484373569,0.740231355615971,0.3457694467125793,0.29161513321854354,0.9088192506847521,0.6399649473616557,0.7144799282175124,0.5642997879042527,0.5527318604477498,0.33714769618274204,0,0,0,0,0,0,0,0,0,0,0
358,Ravenclaw,Freddie,Gabbard,0.4,1,0.49514405455979466,0.16678060725788016,0.6065946236525358,0.83321939274212,0.6577109654032731,0.7017985855653587,0.6833096272708109,0.6388248332924951,0.7429237092214668,0.7035056821221048,0.3285186717828516,0.8202147735114167,0.4034394406566205,0,0,0,0,0,0,0,0,0,0,0
359,Gryffindor,Newton,Bush,1.0,1,0.40884276943538034,0.8426533871392267,0.19804641534028558,0.49291427683210426,0.7122447891678662,0.2692559594034048,0.582375757972947,0.19631204217845985,0.09536761053248846,0.36996553982474056,0.7077964399835027,0.16190998624959918,0.8629435011073956,0,0,0,1,0,0,0,0,0,0,0
360,Hufflepuff,Fran,Mcfall,0.8,0,0.5227564449530644,0.8217986190607814,0.7284119537881019,0.17820138093921864,0.7972706434244895,0.2927342152051795,0.1945710305746464,0.5697747007282028,0.7139311663277125,0.5407023593415407,0.33662662051313424,0.4933311398571288,0.339167064750076,0,0,0,0,0,0,0,1,0,0,0
361,Hufflepuff,Connie,Altman,0.2,0,0.6097227162364877,0.8054847848716166,0.6892847783785394,0.19451521512838355,0.8650780958473266,0.2995941712192219,0.22823319312789048,0.6451267064846832,0.7317557250756058,0.40506495581920593,0.6034015150344938,0.47724783118168695,0.3466365570851609,0,0,0,0,0,0,0,0,0,0,0
362,Ravenclaw,Shannon,Penny,0.2,1,0.5838733124043116,0.23794934880063004,0.8461576752130128,0.7620506511993702,0.7452955914494376,0.6118787404049837,0.7170003913563279,0.6053059719319789,0.6606523129273475,0.5530386099091164,0.6137288754187052,0.8739499808819464,0.5181526034654971,0,0,0,0,0,0,0,0,0,0,0
363,Ravenclaw,Everett,Ezell,0.8,0,0.7313533241575553,0.22319909051686146,0.7196150813113781,0.7768009094831387,0.7444959752652061,0.7321660633477031,0.7360321827063342,0.6976659144544028,0.7404872225538068,0.6217371716738032,0.552320502998272,0.8499168182167824,0.33610544143831156,0,0,0,0,0,0,0,0,0,0,0
364,Slytherin,Ben,Winstead,0.2,0,0.37230719267587337,0.18769125557510688,0.2795513901841637,0.8123087444248933,0.3243776320699398,0.20801081780454966,0.27341526361489454,0.7219965196183898,0.7872632865127671,0.8911732535569915,0.5080354468900716,0.45000783250675586,0.28544751813088987,0,0,0,0,0,0,0,0,0,0,0
365,Ravenclaw,Edgar,Lemus,1.0,1,0.28845707746315513,0.3593555212037059,0.841262682901193,0.6406444787962943,0.8155018924249694,0.7529854355683608,0.6110463912205654,0.6274750460510405,0.8777212751401922,0.6929546788573188,0.5085137202027035,0.9316853813981618,0.4834976332131846,0,0,0,0,0,0,0,0,0,0,0
366,Slytherin,Cornell,Anthony,0.4,1,0.49848445014923526,0.20812752241787738,0.5220189465058446,0.7918724775821228,0.13183005490697802,0.3351504851180671,0.2695026222879524,0.5237991179391528,0.8354295889870025,0.7718515276533606,0.41750926411583705,0.30742813604867714,0.3128718460937161,0,0,1,0,0,0,0,0,0,0,0
367,Hufflepuff,Latrice,Camacho,0.6,1,0.5722327315671748,0.7682737431613423,0.7972219655263912,0.2317262568386578,0.5678341062956448,0.311729782680755,0.3580283279153496,0.7064377203723994,0.6223520212590822,0.7110205448052648,0.28067116182492235,0.47574449520757295,0.5601467842098408,1,0,0,0,0,0,0,0,0,0,0
368,Slytherin,Adele,Lapointe,0.8,1,0.5317569552912794,0.20147091672103784,0.3301369859850468,0.7985290832789623,0.6333445105435446,0.1858595764980719,0.2677574389589318,0.723885456696526,0.6928519878321051,0.7384523673405251,0.64413832518967,0.4247694744472194,0.2680983193642246,0,0,0,0,1,0,0,0,0,0,0
369,Hufflepuff,Alpha,Gipson,0.8,1,0.5175448092417612,0.8637655787920944,0.6869553727836406,0.1362344212079056,0.7872487872487872,0.16471140270914036,0.2139220160901363,0.5541962537985816,0.8513365204664667,0.5493266199459305,0.5955505295397476,0.4067215821775942,0.43976636122812357,0,0,0,0,0,0,0,0,0,0,0
370,Ravenclaw,Marquita,Bowling,0.2,1,0.5972116975704808,0.24067797845351657,0.6070638102824629,0.7593220215464835,0.7402846633615865,0.7036585796909145,0.7404010221506091,0.6536466972387217,0.7709241010178058,0.7282450156384367,0.5030112320884014,0.8156065083358653,0.37581968992921355,0,0,0,0,0,0,0,0,0,0,0
371,Hufflepuff,Alfonzo,Lacey,0.8,1,0.713955430462552,0.643372727417242,0.7612231205299003,0.3566272725827581,0.7647529185990725,0.23515547424698674,0.3168131932045068,0.5456204342273808,0.7652700208466834,0.38627792721159504,0.7342552666673199,0.5060464706275389,0.41040951925999913,0,0,0,0,0,0,0,0,0,0,0
372,Hufflepuff,Ernesto,Pitcher,0.8,0,0.567465165550624,0.8470656818050334,0.7415008475369119,0.15293431819496664,0.8397569166799936,0.16666854663302472,0.25302651290302847,0.5651970496550197,0.8182337700637294,0.5026614720952829,0.42137476818060915,0.45284802859454576,0.4473227081252443,0,0,0,0,0,0,0,0,0,0,0
373,Hufflepuff,Sammy,Steffen,0.2,1,0.5102454262870575,0.6845333084492564,0.711591131895434,0.3154666915507437,0.7267978037208807,0.2735453559496346,0.22222806629354722,0.6581470982492903,0.7412370796156441,0.49453906750095283,0.5491307491118369,0.5037323719469369,0.3897381334954619,0,0,0,0,0,0,0,0,0,0,0
374,Hufflepuff,Francisca,Chester,0.6,1,0.5475310455747491,0.7055088115695064,0.6147770097498512,0.2944911884304937,0.7944986406524868,0.27579406638483617,0.23322797106513835,0.7137788346296158,0.7699222224419887,0.5534718123090112,0.5287300646929206,0.4940447682504429,0.30770399965258177,0,0,0,0,0,0,0,0,0,0,0
375,Ravenclaw,Corrie,Mcdermott,0.6,1,0.6298656109367026,0.3019697739896847,0.7609261068251696,0.49291427683210426,0.6333445105435446,0.6602097093905835,0.6483161592590423,0.6818995770441527,0.7241479899218208,0.5666871695826228,0.4572351720218822,0.8398833489889886,0.37953272245624703,0,0,0,1,1,0,0,0,0,0,0
376,Ravenclaw,Irma,Putnam,1.0,0,0.5558588373567573,0.23387354086924453,0.6321504967444342,0.7661264591307557,0.7143770989924836,0.6413662633397087,0.6808871709614194,0.6693410583762924,0.6827049543687254,0.6664790452339732,0.4615294314743486,0.8010725761760411,0.4071090459026361,0,0,0,0,0,0,0,0,0,0,0
377,Hufflepuff,Armand,Bolling,0.4,0,0.23797998855605215,0.8775623170528115,0.7474342789329725,0.12243768294718867,0.8507916200223893,0.31815206187565087,0.23326222956469056,0.6973225210696796,0.650961963957357,0.5848253066087814,0.24249296851927812,0.5430554861516231,0.521561645025405,0,0,0,0,0,0,0,0,0,0,0
378,Slytherin,Logan,Harlow,0.2,1,0.6564418601054699,0.29040749489141504,0.14430448218076358,0.7095925051085851,0.19164134548749928,0.25131273618412503,0.2545667227122732,0.7565426082909756,0.7423276188381557,0.8737775099692381,0.5995842285267198,0.24488093747526088,0.15844443479393755,0,0,0,0,0,0,0,0,0,0,0
379,Ravenclaw,Rusty,Galbraith,0.8,1,0.7928026846883071,0.22720351866108196,0.7983355287588011,0.7727964813389182,0.8096913481528867,0.8022186964838609,0.7157316425870316,0.4898095067875741,0.6848794590352355,0.28256747240915125,0.39938964609870986,0.8507048413875276,0.40708733226212707,0,0,0,0,0,0,0,0,0,0,0
380,Hufflepuff,Carol,Wilson,0.4,1,0.5009356200609313,0.8674963578507154,0.7570911031957505,0.13250364214928462,0.6364944826483289,0.4055686548486929,0.0,0.6182696477011759,0.6855078762788199,0.24739099083059973,0.3629820684977417,0.3670674813970948,0.3557562860989274,0,0,0,0,0,0,0,0,0,0,0
381,Gryffindor,Amelia,Daniels,0.6,0,0.5770069436926836,0.7148475133245988,0.24242398785867006,0.2851524866754013,0.6931606162375393,0.12496326948516558,0.7072406101366496,0.5697747007282028,0.23319669353440647,0.48476740264769713,0.3023403505082668,0.2023664276863112,0.863421201198593,0,0,0,0,0,0,0,1,0,0,0
382,Slytherin,Cesar,Hogg,0.8,0,0.4344679337488208,0.13793458307287257,0.27347383256262275,0.8620654169271277,0.31062423370115677,0.27274056180358347,0.25433836486092354,0.7285385076294639,0.69872480867931,0.7576626101479557,0.511795171951926,0.4513185842645785,0.25005428410127245,0,0,0,0,0,0,0,0,0,0,1
383,Hufflepuff,Nelda,Day,0.6,0,0.5316564341277082,0.8310450216131178,0.5751070139112343,0.16895497838688237,0.8205128205128205,0.3464300887353362,0.240821501061241,0.7951869247207506,0.71093979748475,0.6165515862923039,0.6269577135795997,0.45805454007464186,0.28822686411603776,0,0,0,0,0,0,0,0,0,0,0
384,Gryffindor,Rachael,Coyle,0.8,1,0.6272211310950621,0.9124166044605281,0.285121872679264,0.08758339553947185,0.6741830587984434,0.14429694154347478,0.7434275642506467,0.1881587407030755,0.17698470072173653,0.5489093227851749,0.3248998252007222,0.11930676419775181,0.9170104659747254,0,0,0,0,0,0,0,0,0,0,0
385,Hufflepuff,Jay,Bacon,0.2,0,0.6902169710653697,0.6854207084973324,0.615380742110061,0.31457929150266767,0.6500346500346501,0.22030247222485347,0.3843614698899188,0.6309787432861502,0.7893587728377432,0.683709344080141,0.49827422873360827,0.4193773971260602,0.395731098275937,0,0,0,0,0,0,0,0,0,0,0
386,Ravenclaw,Rochelle,Hefner,0.8,0,0.9364783570202434,0.30435027819769034,0.727752558690884,0.6956497218023099,0.8552161629084706,0.6943874511702233,0.7359336318612709,0.7052603952189459,0.6232014878843405,0.43743095110642866,0.4866116261862504,0.8040031689367843,0.29332956963564516,0,0,0,0,0,0,0,0,0,0,0
387,Hufflepuff,Shirley,Doty,0.0,1,0.5079102423333282,0.7566148807933664,0.6658692372486499,0.24338511920663372,0.7803720880643958,0.23720315528082847,0.19307105445738146,0.854844455056703,0.7766405668686899,0.5839482928558049,0.6838130102711898,0.5086528144526881,0.2770009119729014,0,0,0,0,0,0,0,0,0,1,0
388,Ravenclaw,Kelli,Corbitt,0.2,0,0.4802823871456629,0.17936258091187893,0.6538630989943973,0.8206374190881214,0.6777013700090624,0.7920120705433528,0.45908157018511264,0.748942091397958,0.8257634951279998,0.8609547715908462,0.7212670784710664,0.8976007824646177,0.35712424545099236,0,0,0,0,0,0,1,0,0,0,0
389,Hufflepuff,Karyn,Taft,0.2,0,0.6170530287799824,0.7611096349752077,0.5915696938805427,0.2388903650247925,0.8438616130923823,0.2773391357221798,0.2921842833889369,0.6791406331639498,0.7638573611651106,0.5524337858762982,0.6587880629324518,0.4689619373859866,0.32047162027185483,0,0,0,0,0,0,0,0,0,0,0
390,Hufflepuff,Beatrice,Dorsey,0.8,0,0.6426240663130384,0.7652877245433756,0.7030510153803307,0.2347122754566246,0.7616610693533771,0.2587825132212517,0.24666442295978758,0.6728736082670175,0.7622321515217124,0.5028459835425786,0.4118953792679879,0.457748538914645,0.34856907109045904,0,0,0,0,0,0,0,0,0,0,0
391,Slytherin,Scotty,Francis,0.6,1,0.7555789245781978,0.26565499500120227,0.2886849784192359,0.7343450049987978,0.2485207100591716,0.23534576973026086,0.24848746189671533,0.6704104910281206,0.6571028420671352,0.6160469867717615,0.5217190103427296,0.2847141471916112,0.21342337256264385,0,0,0,0,0,0,0,0,0,0,0
392,Hufflepuff,Ernesto,Pike,0.2,1,0.5501059338416096,0.7255592744982475,0.775658088678282,0.2744407255017525,0.7427368196598966,0.14616347359890755,0.2841255260066181,0.6298342647023346,0.8129851193794209,0.5972639918962301,0.4253072357869287,0.5009151961298999,0.45253398184739657,0,0,0,0,0,0,0,0,0,0,0
393,Hufflepuff,Santo,Farley,0.6,0,0.5653542211156303,0.8029570017293449,0.5703047629134991,0.19704299827065508,0.8481262327416174,0.21974991843589087,0.26951896749323284,0.7007110312614592,0.8204472638764829,0.6471540416179604,0.42948249507257585,0.451142563413827,0.3180614061753594,0,0,0,0,0,0,0,0,0,0,0
394,Ravenclaw,Nicki,Jeter,0.2,0,0.6415415307053492,0.3103556871104818,0.8135879218606108,0.6896443128895183,0.7943387174156404,0.6106468138246667,0.7731482019181726,0.7562486516605808,0.6869882193069167,0.7362515197982623,0.5497168233727159,0.8800113304649709,0.4435662483171929,0,0,0,0,0,0,0,0,0,0,0
395,Ravenclaw,Daryl,Matheson,0.6,0,0.45882498492182544,0.37668209344570086,0.7973866917072422,0.6233179065542993,0.8196598965829736,0.6784486372734813,0.690207433833083,0.6567715077278825,0.8319625487523524,0.7370896479208113,0.3823542389939051,0.8791612648571991,0.46326052025882664,0,0,0,0,0,0,0,0,0,0,0
396,Gryffindor,Vickie,Goldstein,0.8,0,0.5776255354685059,0.8600081686489544,0.2046245390698747,0.13999183135104565,0.6224212378058532,0.14893817515694907,0.6871950700543921,0.17614966750831682,0.05287993198243731,0.45556550435488824,0.622059052381337,0.0783958127811919,0.9221565987753507,0,0,0,0,0,0,0,0,0,0,0
397,Slytherin,Penny,Allan,0.6,0,0.6511142384362,0.2554886571826288,0.1902324172054984,0.7445113428173714,0.14307798923183554,0.2511099325515042,0.2075266790140187,0.6507728341924008,0.8174986945667482,0.7871884321069836,0.18362136174132995,0.23626939106892103,0.18070091631562948,0,0,0,0,0,0,0,0,0,0,0
398,Ravenclaw,Titus,Griffis,0.8,1,0.6303914139461516,0.24324284653943057,0.7760225213482971,0.7567571534605696,0.8047870355562664,0.7769299349848049,0.7366183271789715,0.6384652331967644,0.7672176540071695,0.5794602524664856,0.34256571335566527,0.9043951311565891,0.39301689321231603,0,0,0,0,0,0,0,0,0,0,0
399,Gryffindor,Fritz,Penny,0.8,1,0.7111717674713515,0.8075039905000054,0.15701273824580422,0.19249600949999462,0.6363878671570979,0.44881760184403324,0.7230010013966426,0.34309958899526727,0.25575908875171677,0.5756692883314394,0.31257408922399976,0.16659376914261856,0.6576410300951058,0,0,0,0,0,0,0,0,0,0,0
400,Ravenclaw,Clementine,Mcmillan,0.8,0,0.44830892473284567,0.20574801396670042,0.5155861302688135,0.7942519860332997,0.6791406791406791,0.3955723885441402,0.6480119081719049,0.5697747007282028,0.8251235618904751,0.8214895191836539,0.6233161786616002,0.8023827664638444,0.32433664828245107,0,0,0,0,0,1,0,1,0,0,0
401,Hufflepuff,Dennis,Freed,0.8,0,0.49356664553144763,0.8150271299626731,0.6436702131514249,0.184972870037327,0.802068340529879,0.298638548853502,0.19690762927067557,0.980223170464147,0.6419646504520408,0.7467458248215535,0.541092298227005,0.5158241902619768,0.22857949363790334,0,0,0,0,0,0,0,0,1,0,0
402,Slytherin,Lincoln,Crowder,1.0,0,0.5657253761811236,0.18642129786668363,0.25178183353694905,0.8135787021333166,0.21872168026014183,0.3017557166711487,0.24346947924766507,0.6630890789370371,0.7118246399774488,0.7035852066662702,0.5456078798204524,0.34637534607608306,0.23396447648412735,0,0,0,0,0,0,0,0,0,0,0
403,Hufflepuff,Carla,Tafoya,0.6,1,0.44513864188175617,0.7836046626433657,0.7243944709922758,0.2163953373566344,0.7644863798709953,0.13397708339856837,0.341669591901329,0.8022300429896325,0.7904472884639253,0.8639457418616171,0.6062393630193201,0.527121528501061,0.44413080297042606,0,0,0,0,0,0,0,0,0,0,0
404,Ravenclaw,Nicholas,Macpherson,0.6,1,0.7615560676120811,0.2260549442439803,0.6633531464146578,0.7739450557560199,0.7922597153366384,0.8677979520142999,0.8113127507496986,0.7663510837032879,0.8707287595920299,0.7709740761275546,0.477667924880071,0.900567028571525,0.23498501758804882,0,0,0,0,0,0,0,0,0,0,0
405,Hufflepuff,Bettie,Jett,0.8,0,0.4800658800241251,0.8721586589570393,0.681823644737379,0.12784134104296083,0.8722213337597954,0.2732958109708934,0.2818563880841619,0.6176483732559174,0.7312306762881357,0.5333430755461697,0.2503464490664231,0.47344359107240214,0.4501671950319191,0,0,0,0,0,0,0,0,0,0,0
406,Slytherin,Minh,Fisher,0.2,1,0.46830490388630286,0.25123861274037135,0.20972533916455435,0.7487613872596287,0.6333445105435446,0.2580771695344817,0.3100473781869312,0.7127994028266111,0.7748149643407278,0.9031615306340632,0.5075814233414258,0.381211753364188,0.2548747122942633,0,0,0,0,1,0,0,0,0,0,0
407,Ravenclaw,Sun,Fiore,0.6,0,0.3638324853471073,0.25921452523396704,0.7112795659991975,0.7407854747660331,0.6945999253691562,0.6223272645517147,0.568002005792348,0.6608440818785613,0.7155673028252568,0.652114176271179,0.4886418853535134,0.8284714708661636,0.45859208754939856,0,0,0,0,0,0,0,0,0,0,0
408,Slytherin,Theron,Donley,0.6,0,0.3765136167514653,0.16168376419261704,0.30026332703026276,0.838316235807383,0.30763899994669225,0.23269258902335727,0.2462294382524233,0.8621200479324319,0.6106895614514742,0.8445964348255258,0.62952173278305,0.47292507351046276,0.25698093542363315,0,0,0,0,0,0,0,0,0,0,0
409,Gryffindor,Harry,Potter,0.4,0,0.5648516152977746,0.7665152959097162,0.1664019771407835,0.23348470409028382,0.6605895836665067,0.2583336091870915,0.6947047533798573,0.2340841285280119,0.11694441042641207,0.47491551112785413,0.18073612866377345,0.1605298929445115,0.8227515525252964,0,0,0,0,0,0,0,0,0,0,0
410,Slytherin,Angelique,Lim,0.2,0,0.42088211187232266,0.1359197144032493,0.29429895139613393,0.864080285596751,0.301881763420225,0.20466159509362206,0.2041031245813409,0.7322541451465391,0.7672271339613733,0.7793909911248168,0.40386907369449326,0.44735629034513014,0.23402961740565426,0,0,0,0,0,0,0,0,0,0,0
411,Gryffindor,Tessie,Talbot,0.8,1,0.6898380836026785,0.6083479558431338,0.2787546105642761,0.3916520441568663,0.6333445105435446,0.19892041838387137,0.7255799109454802,0.1300293248591412,0.32938577160249777,0.37968774133590794,0.44081748384426894,0.28238601176055167,0.7772614756590092,0,0,0,0,1,0,0,0,0,0,0
412,Gryffindor,Jeremy,Littlefield,0.4,0,0.5621452762785519,0.7447080623781509,0.1303407366450375,0.2552919376218492,0.6528599605522682,0.24774684379142575,0.6137016334682064,0.27801402406327397,0.14926049570214775,0.45751183357596314,0.48196918249249954,0.15007335605789665,0.7441264602423243,0,0,0,0,0,0,0,0,0,0,0
413,Ravenclaw,Debbie,Ellison,1.0,1,0.4288387485888375,0.20423226024544675,0.7268702967879103,0.7957677397545534,0.7273841889226504,0.6961227207934714,0.6585461067847722,0.6978725534856025,0.7885240294214256,0.7252072841619907,0.4259170895514976,0.9014850320515155,0.4108003647891606,0,0,0,0,0,0,0,0,0,0,0
414,Hufflepuff,Rene,Cushing,0.6,1,0.4525462783972287,0.7921129196821713,0.744961619539762,0.2078870803178288,0.6583506583506584,0.42047608537920583,0.14557268534466844,0.7737210681331326,0.6069598170207338,0.46021395384892033,0.4962753213302836,0.4692322851998193,0.3713466799843662,0,0,0,0,0,0,0,0,0,0,0
415,Ravenclaw,Stacy,Oaks,0.6,1,0.6958538886225507,0.21361369390927448,0.5589522023663159,0.7863863060907256,0.7092595554134016,0.7127083787308963,0.7199913308460552,0.593644420777873,0.6419646504520408,0.5804064063218749,0.3735889378419077,0.7550471943623923,0.3602075824032657,0,0,0,0,0,0,0,0,1,0,0
416,Slytherin,Cortez,Crider,0.2,0,0.62771600451572,0.2967947624049986,0.23508113688846966,0.7032052375950015,0.07564369102830644,0.3146710258728745,0.30317432504471364,0.521769189894342,0.8100850346864317,0.8051908301017723,0.46181665610559136,0.2109746052725407,0.3159551830459895,0,0,0,0,0,0,0,0,0,0,0
417,Hufflepuff,Suzanne,Wood,0.6,1,0.7051173004654903,0.6734400644803515,0.8122358170324221,0.32655993551964846,0.7065941681326297,0.15499852099559766,0.20354230234127088,0.5443692695230951,0.8473127340808324,0.37641377912170765,0.6660257509212956,0.4644946011850386,0.3888478742345942,0,0,0,0,0,0,0,0,0,0,0
418,Slytherin,Della,Baer,0.6,0,0.43804030125419485,0.15088430632924438,0.415906590760042,0.8491156936707558,0.2974572205341436,0.24447490832762825,0.22006645185893348,0.5892113463815971,0.739364944609179,0.6090871525833083,0.66641452284164,0.45789311744436884,0.33949276935771056,0,0,0,0,0,0,0,0,0,0,0
419,Hufflepuff,Jodi,Collett,1.0,0,0.3224641603389883,0.8271519283797203,0.7404268276255024,0.1728480716202797,0.6211418519110827,0.36164573855833293,0.21976994512022227,0.7141143230906838,0.6347724207637758,0.6259333739235898,0.5628973497836977,0.4580817713705322,0.5024536413775134,0,0,0,0,0,0,0,0,0,0,0
420,Hufflepuff,Stephenie,Lawler,0.4,0,0.5379506054467006,0.5075954586018546,0.687400978647474,0.22085754903561952,0.6552055013593475,0.31363149935291496,0.30498991281104276,0.5795855007404106,0.6982236359696852,0.5453622598051758,0.5621190603510153,0.41687127569918525,0.48193425109653887,0,1,0,0,0,0,0,0,0,0,0
421,Slytherin,Meagan,Benavides,1.0,0,0.6864512936300512,0.23923371902587534,0.25506587732962777,0.7607662809741248,0.17165094088171004,0.18290977093191071,0.45908157018511264,0.6383411920786979,0.824674832252523,0.7152727383397816,0.6033034327931082,0.25529929440062826,0.18389282147044775,0,0,0,0,0,0,1,0,0,0,0
422,Hufflepuff,Wallace,Mccune,0.8,1,0.47231028563475247,0.7596279880940034,0.7094296984618923,0.24037201190599658,0.7077669385361693,0.2597233083864048,0.33802880019865894,0.6071517952748291,0.7184512943017032,0.6237693163270369,0.531906320451917,0.4748054366018942,0.5107048247709212,0,0,0,0,0,0,0,0,0,0,0
423,Hufflepuff,Morton,Driscoll,1.0,0,0.6560011134651965,0.6586732568805567,0.7644288245700352,0.3413267431194434,0.6283383975691669,0.20789061519062665,0.25261889945143623,0.7125648624571456,0.7775509228720979,0.5765622721806323,0.4902716129487194,0.47585229745109475,0.36105441438311553,0,0,0,0,0,0,0,0,0,0,0
424,Slytherin,Lou,Schulze,0.6,1,0.584035692745465,0.21614369032730182,0.11042309539061157,0.7838563096726984,0.1818327202942588,0.24402991721915673,0.16587768297559838,0.7805352876215856,0.6419646504520408,0.8737788844805638,0.5914733650595332,0.27207517634369605,0.08867850783862424,0,0,0,0,0,0,0,0,1,0,0
425,Gryffindor,Delilah,Cade,1.0,0,0.35293753769543634,0.8843842405867179,0.24481818701899227,0.11561575941328216,0.8134761980915828,0.39481370509456204,0.6083135544693238,0.2632779509033848,0.18173625229214002,0.4337216052840854,0.5080831748806226,0.25816419516922434,0.8160637512485345,0,0,0,0,0,0,0,0,0,0,0
426,Hufflepuff,Daisy,Swenson,0.4,1,0.8432875059926078,0.6718871822497257,0.6794959904257798,0.32811281775027445,0.6699184391492083,0.14925842452850666,0.22488113270716756,0.5697747007282028,0.9052996620833091,0.4347847666334395,0.4034427049599033,0.3801859476406748,0.2965431884309723,0,0,0,0,0,0,0,1,0,0,0
427,Hufflepuff,Sandy,Calloway,0.4,0,0.570511730046549,0.7666167237074271,0.877438015170028,0.233383276292573,0.6344687883149422,0.2831163229587274,0.2134681303407331,0.5548104687079768,0.6948633175604302,0.5839482928558049,0.4644193374063956,0.45267649950394173,0.50610153298302,0,0,0,0,0,0,0,0,0,1,0
428,Hufflepuff,Cecil,Mattos,0.2,0,0.5358241962173113,0.8111739757118014,0.7440348907764374,0.1888260242881987,0.7619809158270697,0.12985583046022153,0.21409776895348911,0.6537250659134871,0.8574331165967856,0.6142744856114762,0.5230620992128264,0.45426882847596267,0.40786902332044994,0,0,0,0,0,0,0,0,0,0,0
429,Ravenclaw,Fawn,Mcneill,0.2,1,0.7880859223976617,0.2156090781850413,0.6783073498195618,0.7843909218149588,0.7341542726158111,0.7727327968486483,0.712325231056411,0.7417308136425057,0.7103354949136035,0.5873994251919024,0.5634451071242751,0.8298032777496736,0.2696617014808703,0,0,0,0,0,0,0,0,0,0,0
430,Gryffindor,Fran,Low,1.0,1,0.4947960966858946,0.5334909827809198,0.13580574484639021,0.4665090172190803,0.7618743003358389,0.5195960760931022,0.6688823912905486,0.27527230716164935,0.31009484840270646,0.4114732098419548,0.5599175829762354,0.37219482560460493,0.6263733877621923,0,0,0,0,0,0,0,0,0,0,0
431,Ravenclaw,Elvis,Reis,0.6,1,0.6799328827923232,0.18540144258701619,0.7790714825175642,0.814598557412984,0.7119249426941735,0.8154286285874908,0.6718410897456424,0.5985962123978605,0.7458153850434945,0.45482170346482026,0.47200719698822907,0.8676814488621529,0.3650280105962566,0,0,0,0,0,0,0,0,0,0,0
432,Hufflepuff,Jerome,Rosenberg,0.4,0,0.7121847115042605,0.7358442488904801,0.7142921242837135,0.26415575110952005,0.8112905805213498,0.23182507176189787,0.3295221831249258,0.6759644119646887,0.7603999473330727,0.5284497325765017,0.5943262297985153,0.49324635788435917,0.35577799973943636,0,0,0,0,0,0,0,0,0,0,0
433,Gryffindor,Otis,Billingsley,0.4,0,0.6060962219507292,0.7469722480349978,0.24559699282296246,0.25302775196500227,0.7039820885974731,0.3955723885441402,0.7461552927594112,0.13492029374400397,0.1339655520636204,0.3926853496186483,0.662217576640099,0.19629581384798425,0.8889998697181569,0,0,0,0,0,1,0,0,0,0,0
434,Hufflepuff,Raymon,Novotny,0.2,0,0.38270726690688645,0.8427986217157112,0.6847656765919071,0.15720137828428885,0.6527000373154219,0.4095186821079749,0.1494552396778877,0.750305973029868,0.6332493261538067,0.5399729148770381,0.32181236565826316,0.4319439383416084,0.39755504407869025,0,0,0,0,0,0,0,0,0,0,0
435,Hufflepuff,Eve,Marroquin,0.6,1,0.6475341385336282,0.6789049275920507,0.6624514374084748,0.3210950724079493,0.8419425342502266,0.21721412277470925,0.2102191587359812,0.73794090566438,0.8158284728499356,0.5015159988390729,0.3853670115392297,0.5197033866187103,0.24916402484040476,0,0,0,0,0,0,0,0,0,0,0
436,Ravenclaw,Desmond,Keister,0.2,0,0.5064874812489368,0.12360112345533128,0.7640505117170647,0.8763988765446687,0.5966735966735968,0.7784706691161664,0.6100409982616241,0.7267558659858635,0.7511872889069403,0.6355186769050014,0.3822940345324483,0.8888620630991243,0.3572111000130282,0,0,0,0,0,0,0,0,0,0,0
437,Ravenclaw,Abbie,Rutter,0.6,0,0.5002860986963178,0.06670114962488173,0.6149612655205066,0.9332988503751184,0.553014553014553,0.7556868185301087,0.6373979893540058,0.7736347991977988,0.7478584061222455,0.7619976575139641,0.6533369094414272,0.8531188817313945,0.3084856907109046,0,0,0,0,0,0,0,0,0,0,0
438,Slytherin,Will,Chau,0.4,0,0.4745913428080974,0.2757815150440666,0.2566778989969158,0.7242184849559336,0.14265152726691188,0.37980027496931185,0.34903137117792554,0.5779923415988881,0.7262931055492279,0.843559433172285,0.4619538102939596,0.3091588673802205,0.36928388413601426,0,0,0,0,0,0,0,0,0,0,0
439,Ravenclaw,Prince,Cardoza,0.6,0,0.7281134497316858,0.25942686680438787,0.7309435673193699,0.7405731331956122,0.7636867636867637,0.6686407943228473,0.6868991211064503,0.6319835339392087,0.5856564356822701,0.4407897458161516,0.947774497809544,0.7998541862362366,0.4084118643331741,0,0,0,0,0,0,0,0,0,0,0
440,Hufflepuff,Merry,Martinson,1.0,0,0.41469619411409925,0.8065947793982855,0.8515989576881235,0.19340522060171464,0.6065355296124527,0.3664568032474148,0.16153694642239866,0.6039645979034658,0.6272421025117124,0.3892734862491265,0.8018501359359976,0.4514811298348886,0.5229296043774699,0,0,0,0,0,0,0,0,0,0,0
441,Ravenclaw,Marcella,Wakefield,0.6,1,0.4362077231183211,0.24779035992865817,0.6374917155143116,0.752209640071342,0.7272775734314196,0.7128039404127315,0.6641238841221764,0.7409920883908933,0.8467511689916862,0.8385647959273846,0.5598632936977016,0.8638828234530525,0.35147869891866074,0,0,0,0,0,0,0,0,0,0,0
442,Ravenclaw,Belle,Noe,1.0,1,0.3387795184263025,0.22164535479061656,0.7536313970033399,0.7783546452093836,0.7311690388613465,0.7580131775322194,0.6783681276308519,0.5882636303748555,0.8589738776663532,0.7182455258553097,0.6370091823317661,0.9204032028495729,0.48006687801276765,0,0,0,0,0,0,0,0,0,0,0
443,Gryffindor,Aldo,Strain,0.8,0,0.5375562531896139,0.7347445582662387,0.5220189465058446,0.49291427683210426,0.721733567887414,0.16725000086561215,0.5829994114216931,0.22478045125523663,0.267251316674827,0.43126235707094124,0.4623636888938891,0.2011547753867265,0.7582837538541713,0,0,1,1,0,0,0,0,0,0,0
444,Ravenclaw,Maureen,Friedman,0.4,0,0.4685059462134451,0.22511963505042037,0.6130365151841632,0.7748803649495797,0.6993443147289301,0.8180170691783863,0.7073621760596228,0.6319125374306129,0.7891720669673055,0.7204484665222953,0.5919528056694031,0.8426123740131464,0.39303860685282493,0,0,0,0,0,0,0,0,0,0,0
445,Ravenclaw,Evangelina,Steadman,0.4,1,0.7251519416049363,0.7449444771232986,0.5904032883450556,0.25505552287670163,0.778826163441548,0.18435947394417168,0.13924570359931795,0.6302763730932278,0.9157096000724686,0.4592971973950967,0.2497303794812436,0.38991285423845246,0.21524731836539715,0,0,0,0,0,0,0,0,0,0,0
446,Hufflepuff,Reinaldo,Cabrera,0.8,1,0.6412786292006247,0.7798132992211723,0.5383496099662378,0.2201867007788278,0.7899141745295593,0.1876943587178505,0.26816470981285023,0.7186599026418288,0.8594201880298111,0.6943084450445485,0.6865610081566802,0.4127298728438852,0.2738524340991011,0,0,0,0,0,0,0,0,0,0,0
447,Gryffindor,Isabel,Day,0.6,0,0.6110449561573079,0.8011486108457356,0.3114145641104941,0.19885138915426456,0.7534516765285996,0.2646687729506903,0.7666145953721162,0.18369880456308266,0.29709059502666707,0.5185212416976229,0.34251666159914834,0.24844037665654775,0.8446823294393538,0,0,0,0,0,0,0,0,0,0,0
448,Ravenclaw,Marianna,Marcus,0.6,1,0.6043023058008444,0.22301092575168724,0.5642717450670415,0.776989074248313,0.727810650887574,0.7669957206817908,0.7703886940974811,0.6115437449373483,0.6815158124169955,0.6563668886928455,0.7616944360812489,0.7987761638010177,0.40189777218048384,0,0,0,0,0,0,0,0,0,0,0
449,Gryffindor,Tad,Book,0.6,0,0.6855620679523066,0.6982155646393887,0.21385084648387725,0.30178443536061145,0.6806866037635269,0.2557429602726683,0.6727544555611046,0.1668892057361823,0.18699069546513214,0.33482757373874344,0.4206037192587598,0.1818034304695187,0.7743518478308073,0,0,0,0,0,0,0,0,0,0,0
450,Hufflepuff,Max,Ashford,0.8,1,0.6346906267881168,0.774948591564982,0.744118159950099,0.22505140843501803,0.7756810064502372,0.3060437592088449,0.21645739397651284,0.5697747007282028,0.7101032248098812,0.4517370648400019,0.5789230402260904,0.48411741685611615,0.3278108307638859,0,0,0,0,0,0,0,1,0,0,0
451,Hufflepuff,Shawn,Roe,0.2,1,0.29483630515132303,0.8306240431365045,0.6557815330424418,0.16937595686349544,0.617037155498694,0.4221777429048975,0.2581629078350472,1.0,0.5673579236649541,0.8771575594268596,0.6783422217860212,0.4966137743193723,0.3838537369175316,0,0,0,0,0,0,0,0,0,0,0
452,Slytherin,Jesse,Delgado,1.0,0,0.44619024790065415,0.20438064073772913,0.32510382250757724,0.795619359262271,0.2169092169092169,0.24082075905726463,0.24629847401401575,0.6215920226399853,0.7897631878569575,0.7854116503678215,0.5408948502501976,0.3799130732117596,0.31903851999826294,0,0,0,0,0,0,0,0,0,0,0
453,Hufflepuff,Elissa,Little,0.2,1,0.6646072715463248,0.7158621385361504,0.6927993959596608,0.28413786146384956,0.7583026813796043,0.3195542773908032,0.21516839230606494,0.6541498656044097,0.7261229119020207,0.38531057086238196,0.5538361952748064,0.46671886466270596,0.3165631649802406,0,0,0,0,0,0,0,0,0,0,0
454,Slytherin,Henry,Wheaton,0.8,1,0.6106506039002212,0.2553764676562521,0.34228281853847636,0.7446235323437481,0.17852764006610167,0.2728045012900969,0.27292769724299243,0.5697747007282028,0.6711133813978634,0.6819775443997009,0.6709475502451138,0.31167172644731533,0.3186693881096105,0,0,0,0,0,0,0,1,0,0,0
455,Slytherin,Wendy,Norris,1.0,0,0.2978983344416436,0.1576033811853281,0.22779240987428007,0.8423966188146722,0.17532917532917536,0.13998199337996955,0.09266416947553087,0.7768199761706603,0.9511716631375282,0.9933362542788507,0.34875428441033013,0.38220190574153695,0.17870326138880446,0,0,0,0,0,0,0,0,0,0,0
456,Slytherin,Valeria,Goode,0.8,0,0.5234059663176778,0.5075954586018546,0.7029507457040433,0.8723324156270131,0.6682658990351299,0.7077006371036716,0.6904900453485237,0.7397309901977082,0.7263512220926047,0.5839482928558049,0.511795171951926,0.8944020877701169,0.3752768489164893,0,1,0,0,0,0,0,0,0,1,1
457,Ravenclaw,Sallie,Leon,0.2,1,0.4646629448061488,0.1782809162159214,0.5818921399294866,0.8217190837840788,0.6719974412282105,0.7060198108418371,0.5637116769752202,0.6757997298244571,0.7815465245135172,0.6477299771428912,0.5250298640653694,0.8077226270732987,0.320341338428801,0,0,0,0,0,0,0,0,0,0,0
458,Hufflepuff,Jodi,Blanchette,0.8,0,0.42726133956049056,0.8477068572579806,0.5220189465058446,0.15229314274201922,0.6868703022549177,0.36341617085859423,0.16203451744876682,0.6319728893578068,0.6320201013153413,0.39072989809241915,0.26543166776514643,0.45902082997621085,0.48953402527467754,0,0,1,0,0,0,0,0,0,0,0
459,Gryffindor,Kyle,Page,0.4,1,0.49830660501368634,0.7903436168893946,0.20201621143600146,0.2096563831106054,0.6854843008689162,0.19634153815366714,0.6258757392117005,0.17615631423722178,0.11922520582786446,0.3936680273178157,0.14964255451042513,0.15356850692208357,0.8656794198115256,0,0,0,0,0,0,0,0,0,0,0
460,Hufflepuff,Brooks,Fishman,0.4,1,0.6486398713329107,0.8564556771595058,0.6348653276161298,0.14354432284049423,0.8616664001279386,0.2656920507196896,0.37846003448192733,0.5608941211112509,0.7455126769782052,0.5380086681251955,0.511795171951926,0.43029181281263407,0.4398532157901594,0,0,0,0,0,0,0,0,0,0,1
461,Gryffindor,Benjamin,Mcfarlane,0.8,0,0.5984179515333343,0.810380376667804,0.210798797144484,0.18961962333219606,0.6618156618156619,0.276123013197688,0.687268099941149,0.1655020556880644,0.08007672609143071,0.3668324363287018,0.44162177668458436,0.1344684198380835,0.865462283406436,0,0,0,0,0,0,0,0,0,0,0
462,Ravenclaw,Krystle,Monahan,0.4,0,0.5929124847285155,0.22114484264087386,0.5220189465058446,0.7788551573591262,0.7626206087744549,0.8118857096323062,0.8489088539336023,0.642361268817248,0.7992996440475355,0.7915129245653052,0.636752116444206,0.8765243209160501,0.39811959873192343,0,0,1,0,0,0,0,0,0,0,0
463,Ravenclaw,Donovan,Peterman,0.6,0,0.49949739418214434,0.25408195867919214,0.5358985643740949,0.745918041320808,0.7158697158697158,0.6636803471408524,0.6801419517826873,0.6597770135052554,0.7789652375591017,0.7753531302737874,0.5316892231250342,0.7777676401246688,0.37330090763017326,0,0,0,0,0,0,0,0,0,0,0
464,Hufflepuff,Sammie,Tyner,1.0,0,0.5481651021449669,0.720880615423828,0.5305988523436999,0.2791193845761721,0.8096380404072712,0.24035742990761264,0.3483891342111882,0.6352726196337678,0.7924500561088114,0.6641186574109558,0.24108308771995865,0.46307660865371353,0.37373518044035264,0,0,0,0,0,0,0,0,0,0,0
465,Gryffindor,Kisha,Cagle,0.6,0,0.7122697678734361,0.7370699485297351,0.24208520163190958,0.262930051470265,0.601951063489525,0.10900073052569924,0.7088357326166659,0.020621831755021226,0.02164378602928548,0.23743577049999376,0.5690489100266661,0.07650955425456674,0.9602857515090981,0,0,0,0,0,0,0,0,0,0,0
466,Gryffindor,Marlys,Shepherd,0.4,1,0.46164730989901487,0.7869545057691069,0.3069628488373742,0.2130454942308932,0.7858627858627859,0.11263489774062309,0.6580275605081776,0.09793686112820572,0.1754488075212467,0.3592273728780086,0.5618897608636904,0.2261887583595874,0.9469752898771009,0,0,0,0,0,0,0,0,0,0,0
467,Hufflepuff,Vera,Goodwin,0.2,0,0.5042837480475697,0.7071829186371394,0.6221951740564856,0.2928170813628606,0.8197665120742044,0.27996172052591484,0.28986873655769785,0.7836275039452412,0.7414885404042248,0.6558228074639334,0.415102176726931,0.5378385874761868,0.3254006166673905,0,0,0,0,0,0,0,0,0,0,0
468,Slytherin,Erin,Fenton,0.2,0,0.7911866136739713,0.28850059553506563,0.5220189465058446,0.7114994044649345,0.21781544858467936,0.3054957764172332,0.29209251581876283,0.6346696077340604,0.6639870621216291,0.6434134272496191,0.45397150419596743,0.2391356955125626,0.2063447257567204,0,0,1,0,0,0,0,0,0,0,0
469,Gryffindor,Edmund,Moseley,0.4,0,0.5396749300218053,0.820065449424461,0.19376152173871422,0.1799345505755389,0.6788208326669865,0.17590318120289297,0.5931877353540251,0.20893641947385416,0.11720085158196351,0.3892580792922692,0.5284623915361685,0.12312981355265153,0.8294827810830764,0,0,0,0,0,0,0,0,0,0,0
470,Ravenclaw,Earle,Voigt,0.2,1,0.39580594775992456,0.11807457982752037,0.6083520445542333,0.88192542017248,0.6137853830161522,0.8230842275150657,0.7038202534570817,0.6340065084750056,0.8119527818149482,0.7735448202801118,0.4861322722740789,0.8726372639790597,0.4046771181656317,0,0,0,0,0,0,0,0,0,0,0
471,Gryffindor,Wilton,Magana,0.4,0,0.694655367056895,0.6081481192326921,0.18784904054394982,0.39185188076730804,0.6833519910442987,0.2695761112169665,0.7564345543616628,0.21005463201293717,0.26735586577167486,0.4749818019621601,0.5432234845254204,0.24632559983245778,0.7398054457810398,0,0,0,0,0,0,0,0,0,0,0
472,Hufflepuff,Gary,Adam,0.8,0,0.4892674326894824,0.7924587550686821,0.8562750588611424,0.2075412449313179,0.7016898555360094,0.4019707503972874,0.1439402024390475,0.7814846319770403,0.5912868440685397,0.3853496155642094,0.6335984054747276,0.5184451323076027,0.3887175923915404,0,0,0,0,0,0,0,0,0,0,0
473,Hufflepuff,Whitney,Jeter,0.2,1,0.6174937754202557,0.7578573362498092,0.5220189465058446,0.24214266375019086,0.6317500932885549,0.31272364052725743,0.04050210719947427,0.7116784988368037,0.7747353983425833,0.3767619078695666,0.7814897761321721,0.3986417478786266,0.25359360750423415,0,0,1,0,0,0,0,0,0,0,0
474,Hufflepuff,Leroy,Armijo,0.2,0,0.40213878106490575,0.8527439458132476,0.81114473994139,0.1472560541867523,0.6676262060877446,0.34535643597254984,0.06897673366025528,0.609668485532571,0.682914038476083,0.3412298701676207,0.48525394927139504,0.42897965737976596,0.45390194119946153,0,0,0,0,0,0,0,0,0,0,0
475,Ravenclaw,Earle,Branson,0.2,0,0.6260844687069885,0.2559738517908368,0.719411602598072,0.7440261482091632,0.7146969454661762,0.7465963399666141,0.6515043886031174,0.7620642984459929,0.7366268070460651,0.6537498637196149,0.4371247884143091,0.8436651302975398,0.31654145133973166,0,0,0,0,0,0,0,0,0,0,0
476,Hufflepuff,Luanne,Crisp,0.4,1,0.702743454525772,0.6250282136283449,0.6308991369097977,0.3749717863716552,0.7363398901860441,0.32356922114483544,0.24720647753389766,0.7043472592769704,0.7351817521132356,0.4447452205907412,0.8691047950255727,0.48593742192057576,0.2584791766187519,0,0,0,0,0,0,0,0,0,0,0
477,Hufflepuff,Brady,Hopkins,0.6,1,0.5593925428761425,0.7773126397008268,0.6819976703781947,0.22268736029917333,0.7510528279759049,0.2780332652992919,0.24097853308995493,0.6354025769498025,0.7500854893673766,0.5076180222544803,0.6532028087815243,0.4499443863946837,0.39084552916141924,0,0,0,0,0,0,0,0,0,0,0
478,Gryffindor,Sabina,Hare,0.6,1,0.6066452221517715,0.6279540734638134,0.18332164410300889,0.3720459265361867,0.737565968335199,0.36241594492589924,0.6062213174178633,0.17940674536706944,0.20079934910989036,0.23416935397800862,0.4740576601736634,0.24946955120016961,0.702588265948669,0,0,0,0,0,0,0,0,0,0,0
479,Ravenclaw,Laurie,Liddell,0.8,1,0.4059895148693998,0.3495827073017427,0.8124893020816826,0.6504172926982573,0.8135828135828136,0.7686906143993393,0.6494787305743459,0.6578057974253202,0.7811752284269479,0.6424019505984944,0.4976308549551653,0.90693999401473,0.4566378599035915,0,0,0,0,0,0,0,0,0,0,0
480,Hufflepuff,Elissa,Breeden,1.0,0,0.5047786214682276,0.7710612340050812,0.7607927568416476,0.22893876599491897,0.6909749986673064,0.40291028664464407,0.24403201212894432,0.702684435490211,0.6073325265301055,0.4593266365848664,0.43209517862907976,0.4884121010264239,0.4293003865028011,0,0,0,0,0,0,0,0,0,0,0
481,Hufflepuff,Rogelio,Draper,0.4,1,0.4024480769528169,0.7939484657830177,0.6611283748927066,0.20605153421698233,0.5897435897435898,0.36208785644713376,0.15176674934815165,0.8379730446402546,0.6758093066754833,0.6723312421700316,0.5838877321920362,0.4310935919988282,0.3467016980066878,0,0,0,0,0,0,0,0,0,0,0
482,Gryffindor,Bradly,Mcmillen,1.0,0,0.7625535468505946,0.6774559563606417,0.20863364890414068,0.32254404363935835,0.6649075110613573,0.22367450115523546,0.6729521414704459,0.17069144495364538,0.21510227039002797,0.3341247368694995,0.6097659839188403,0.16590372249007515,0.7404351413557998,0,0,0,0,0,0,0,0,0,0,0
483,Slytherin,Huey,Sparks,0.8,1,0.6752083881044801,0.3470015154703784,0.15101285409450127,0.6529984845296217,0.17015832400447786,0.2995615939843586,0.3151457318269871,0.6623176764783513,0.762679997013113,0.8790683917521802,0.6114343675961282,0.2094106305364455,0.22286880618404484,0,0,0,0,0,0,0,0,0,0,0
484,Hufflepuff,Manual,Rider,0.4,1,0.3816092665048018,0.5075954586018546,0.8485866310683174,0.2003540539483652,0.5270003731542193,0.44412311835705387,0.15021912514306857,0.6393513127899565,0.5637639434937811,0.3939572317145039,0.511795171951926,0.43836378653134556,0.5270334824336649,0,1,0,0,0,0,0,0,0,0,1
485,Hufflepuff,Cyril,Tanaka,0.4,0,0.6786725020490852,0.8492433418613762,0.7066387498148491,0.15075665813862385,0.7182685644224106,0.3315805410903207,0.11301943432131734,0.5674723468978315,0.754344623335416,0.27944140372321086,0.34328313512068437,0.3593099308886556,0.32791939896643074,0,0,0,0,0,0,0,0,0,0,0
486,Ravenclaw,Sammy,Brooks,0.4,0,0.5787158034733928,0.10491149434406406,0.8190275388756166,0.8950885056559361,0.6298843221920145,0.7787089789439475,0.7215427509514987,0.7084596555954605,0.7392769356356593,0.6556687449835368,0.510784161968756,0.9325051276249431,0.40239718591219004,0,0,0,0,0,0,0,0,0,0,0
487,Gryffindor,Addie,Pedroza,0.6,1,0.43613039914634333,0.969879509286408,0.2765582306892988,0.030120490713592032,0.7777600085292393,0.3444112866837346,0.6943078219998973,0.2622597448707633,0.1624840873264991,0.5323243496007944,0.5921972751842778,0.20537394183956703,0.8779041994180745,0,0,0,0,0,0,0,0,0,0,0
488,Hufflepuff,Chantel,Alexander,0.6,0,0.63394831665713,0.84551521387652,0.7260153018255603,0.15448478612348,0.7122447891678662,0.24389927266202305,0.09716951148899483,0.8168038472988292,0.7979457001393998,0.5413430458890918,0.2201931735041808,0.4144168095139967,0.24167281886481087,0,0,0,0,0,0,0,0,0,0,0
489,Hufflepuff,Antwan,Swanson,0.2,1,0.6596121429565593,0.7904192283551078,0.5480212361148858,0.20958077164489222,0.894237432698971,0.14949363346162292,0.45908157018511264,0.7314629155697735,0.9001039321446882,0.6447103384847889,0.2992052155730399,0.4452055794398667,0.22721153428583837,0,0,0,0,0,0,1,0,0,0,0
490,Gryffindor,Winfred,Love,0.2,0,0.5609776843016873,0.6982007228748143,0.2143850115366888,0.30179927712518584,0.6854843008689162,0.22946989166851042,0.6832655909370906,0.19256666159498373,0.261648837319875,0.4800437404903538,0.8935619793948127,0.2198138277713184,0.8000173709124072,0,0,0,0,0,0,0,0,0,0,0
491,Hufflepuff,Alvina,Fountain,0.6,1,0.5118460325069978,0.6947013717945797,0.6405676080679031,0.30529862820542025,0.7706167706167706,0.27794442667865177,0.2816717169704713,0.8567472156251922,0.7253604856454522,0.7093461930264572,0.6068504728550799,0.5405095003534459,0.3040778216875841,0,0,0,0,0,0,0,0,0,0,0
492,Slytherin,Tiffany,Kirby,0.0,0,0.41018047415059616,0.17214948338763578,0.11959925890925939,0.8278505166123644,0.19436004051388667,0.228202903464913,0.16032383486814666,0.8463603270594653,0.8310170865925136,0.9897879966476031,0.511795171951926,0.3477023804644372,0.11553828114821733,0,0,0,0,0,0,0,0,0,0,1
493,Slytherin,Gregorio,Rouse,0.4,1,0.6659449762615406,0.17330409157691984,0.3836284071623104,0.8266959084230803,0.17586225278532971,0.16319709390860765,0.45908157018511264,0.6320536184575003,0.7387260006240295,0.5486379117287983,0.24397779359699515,0.31840038314714114,0.2249750293134147,0,0,0,0,0,0,1,0,0,0,0
494,Hufflepuff,Reuben,Battle,0.2,0,0.6500703648144998,0.8436753821014641,0.6169632459843587,0.15632461789853597,0.8118236579775042,0.3165350938334881,0.32577121551613386,0.5230946247275129,0.7331004965722835,0.45193363261210245,0.5191954494546581,0.39765440285136944,0.4235245581274157,0,0,0,0,0,0,0,0,0,0,0
495,Hufflepuff,Delma,Rosas,0.6,0,0.6300279912778559,0.715743725835081,0.7273999700373,0.28425627416491916,0.6089343781651474,0.28935372730709036,0.24358829087201578,0.6273222182564154,0.7378762878993627,0.4983181100077196,0.45001962062505746,0.4220890165796486,0.3996178399270422,0,0,0,0,0,0,0,0,0,0,0
496,Slytherin,Robin,Townes,1.0,0,0.5602663037594915,0.1164403243197388,0.3331870233768965,0.8835596756802613,0.2475611706380937,0.1890974018206293,0.13386383547336783,0.6527487752447728,0.7848002294263621,0.6010159854883264,0.6700488716129818,0.39051278495305275,0.1999609154470839,0,0,0,0,0,0,0,0,0,0,0
497,Gryffindor,Nathan,Matson,0.8,1,0.6029568686884308,0.8072667615508118,0.11032549059633501,0.19273323844918838,0.48808571885494967,0.15253747510382012,0.6393598138473483,0.18644454557880935,0.04410384507459717,0.47722192591943047,0.396336121647553,0.0,0.8723889347287966,0,0,0,0,0,0,0,0,0,0,0
498,Ravenclaw,Clara,Broughton,0.8,1,0.6971993257349643,0.25560154448604405,0.7684732683752853,0.7443984555139561,0.7722160029852337,0.7946641731986375,0.7232907723153138,0.6821353231938362,0.7797434725673047,0.5954060718675486,0.5123854310126673,0.8791132591706308,0.34036131497806926,0,0,0,0,0,0,0,0,0,0,0
499,Ravenclaw,Tisha,Kohl,0.6,0,0.36985602276417734,0.32877491418001553,0.677875666622136,0.6712250858199846,0.7711498480729251,0.6625664048668028,0.6334095320929397,0.5694560240837173,0.8128882114918701,0.6876430238978044,0.9829675814220814,0.8221577405098934,0.4797846006861511,0,0,0,0,0,0,0,0,0,0,0
500,Gryffindor,Maryanne,Nix,0.6,0,0.5565470207073597,0.7589568651670956,0.16500578477253855,0.24104313483290454,0.6459832613678768,0.24578394266035536,0.5899371310913872,0.21985626916015116,0.1711917705282139,0.4002621893145787,0.5141962569976963,0.14045172508855747,0.7700091197290139,0,0,0,0,0,0,0,0,0,0,0
501,Hufflepuff,Ruthie,Wallin,0.4,0,0.5482192289253515,0.750467030809828,0.8107167521651739,0.24953296919017204,0.6497681113065729,0.178452929634769,0.2775617331754579,0.571318713265273,0.7887406507378565,0.5646772941884244,0.46110912492346723,0.45425451099049435,0.5095105745429279,0,0,0,0,0,0,0,0,0,0,0
502,Hufflepuff,Flora,Tyler,1.0,0,0.696758579094691,0.7585077616202868,0.6870579315630144,0.2414922383797133,0.6996108534570074,0.17697673826175075,0.24282879328004525,0.5780708152928637,0.8512372934562235,0.5192895680261335,0.19415886617807313,0.39455873790523444,0.3683501975941286,0,0,0,0,0,0,0,0,0,0,0
503,Hufflepuff,Celina,Sperry,0.2,0,0.6575398605075545,0.7175094073520837,0.7624544815082647,0.49291427683210426,0.6247667786129325,0.22148000178263683,0.24993189765629736,0.5550082884690425,0.7875926033353955,0.47090284561474344,0.643094296157831,0.4164251877696112,0.4348156511920789,0,0,0,1,0,0,0,0,0,0,0
504,Ravenclaw,Warren,Corrigan,0.2,0,0.6837372222136306,0.7549467541982012,0.2425065660535951,0.24505324580179882,0.6394264086571779,0.23056632167382007,0.7452077327426336,0.17363726644974317,0.26090476145147756,0.5091231879350497,0.6899709299407495,0.1677692066260206,0.8207756112389804,0,0,0,0,0,0,0,0,0,0,0
505,Gryffindor,Aaron,Limon,0.2,1,0.500525803009449,0.7046088543061753,0.22713531364394463,0.29539114569382474,0.7130444053520977,0.23204328235629243,0.634861660130185,0.1595325590418549,0.23538472742414054,0.3956310622975401,0.5085200864678859,0.22767749611322385,0.8209493203630522,0,0,0,0,0,0,0,0,0,0,0
506,Slytherin,Amos,Toth,0.2,1,0.48362278273510356,0.2023368738057784,0.28809674390977463,0.7976631261942217,0.6333445105435446,0.15437654098079961,0.21108557248839763,0.6869932990187737,0.8419033517180353,0.8392842367224467,0.6718775883920236,0.3734662744611438,0.24514700134624573,0,0,0,0,1,0,0,0,0,0,0
507,Ravenclaw,Adam,Henning,0.4,1,0.08094273386635324,0.3087737823070441,0.6921382261778973,0.6912262176929561,0.6662402047017432,0.6479481859754437,0.5443518297081659,0.5957985070859884,0.7615533418325736,0.7669485247246729,0.15950806462541797,0.8351973202158968,0.5742172232596517,0,0,0,0,0,0,0,0,0,0,0
508,Hufflepuff,Sharron,Pinson,0.2,1,0.544871100938713,0.8706501655428306,0.6493775152788754,0.12934983445716947,0.9015939015939016,0.20372371171118986,0.24358363395703506,0.6353006891208038,0.8186610771901028,0.5515525165689821,0.4832218652973356,0.45527863230395355,0.3746037260607114,0,0,0,0,0,0,0,0,0,0,0
509,Hufflepuff,Selina,Mccune,1.0,0,0.5499280887060607,0.7781944222020584,0.7439357931227679,0.2218055777979417,0.597313289620982,0.4054173085402335,0.13795514246242124,0.6744387164419956,0.6441172723136392,0.38320172155846166,0.557683107951823,0.4098694638354357,0.37662309462804533,0,0,0,0,0,0,0,0,0,0,0
510,Ravenclaw,Jacquelyn,Luckett,0.2,1,0.5481109753645825,0.17734213521196668,0.620030264104427,0.8226578647880335,0.6517404978943441,0.6911932750095189,0.5803066985085972,0.7419866375171684,0.7190917985732953,0.6437258252693903,0.45416542083467526,0.8057162139627491,0.30414296260911106,0,0,0,0,0,0,0,0,0,0,0
511,Hufflepuff,Felicia,Huffman,0.4,0,0.48625953017954626,0.8243625175018907,0.6404987566666419,0.17563748249810937,0.7765872381256997,0.1592569143734073,0.22678292150115892,0.8460928561054156,0.8373643332958912,0.8136514892978611,0.7704314427317829,0.4693827591647352,0.3130455552177879,0,0,0,0,0,0,0,0,0,0,0
512,Gryffindor,Terri,Ibarra,1.0,0,0.4311430029537757,0.7267842170052067,0.19235365323940734,0.27321578299479343,0.7106455567994029,0.13296461185373476,0.5670291054665492,0.17837525850897332,0.1595265892744777,0.3790940044415256,0.5861014271262658,0.18747062809966483,0.8449211794849525,0,0,0,0,0,0,0,0,0,0,0
513,Hufflepuff,Allen,Baron,0.2,1,0.5795972967539397,0.6667481997099308,0.7561388589880056,0.3332518002900693,0.6541926541926542,0.33402905581676334,0.2654847537416035,0.5697747007282028,0.6550624365288211,0.585078967837541,0.5609939017027968,0.5277217399506697,0.34468232943935384,0,0,0,0,0,0,0,1,0,0,0
514,Hufflepuff,Patricia,Monroe,0.4,0,0.6510987736418045,0.6686613633622791,0.7041810432916107,0.33133863663772106,0.7886347886347886,0.2917085527467187,0.24954507077009808,0.7727598660682982,0.7264401903215814,0.49745604369430557,0.3477918285718092,0.5344501159154854,0.2805402353758631,0,0,0,0,0,0,0,0,0,0,0
515,Gryffindor,Derrick,Martins,0.2,0,0.3610024279727201,0.3567372541050157,0.7413828440548067,0.6432627458949844,0.7789860866783943,0.6219872004689077,0.648609051657014,0.6397894520512637,0.8215829334874336,0.7712496133407405,0.6179729182108467,0.8502991792992742,0.49061970730012594,0,0,0,0,0,0,0,0,0,0,0
516,Ravenclaw,Carmela,Rockwell,0.8,1,0.6868379134899402,0.22979801815755582,0.6063939860677514,0.7702019818424444,0.786715709792633,0.8980852477199056,0.8230040741480654,0.5307895185009303,0.7353355851552961,0.5522755217434807,0.2741558515577365,0.8360569308139794,0.3885873105484866,0,0,0,0,0,0,0,0,0,0,0
517,Gryffindor,Tabatha,Flanagan,0.4,0,0.7113186830181093,0.7830924406567606,0.35141367621225855,0.21690755934323935,0.7231195692734155,0.14622889002182185,0.797956288713671,0.1008178991384033,0.2927757651312886,0.474863233532017,0.4187794102029811,0.20987047448146856,0.9029183132844054,0,0,0,0,0,0,0,0,0,0,0
518,Ravenclaw,Liz,Poland,0.8,1,0.5303419266040857,0.2810661833988928,0.7781901894480682,0.7189338166011073,0.8032411109334187,0.8600615930438162,0.7721997712071744,0.4970051201179654,0.7545628762205774,0.5255033712851674,0.7406777845203192,0.8961684724478244,0.5035827506839797,0,0,0,0,0,0,0,0,0,0,0
519,Gryffindor,Wes,Ness,0.4,1,0.689366407373614,0.7343713830182983,0.23216410610914706,0.2656286169817018,0.7391652007036622,0.3134452436826052,0.45908157018511264,0.1815024825179068,0.1855312061108395,0.24256260565036702,0.4501889300892876,0.19694683833425322,0.7289486255265559,0,0,0,0,0,0,1,0,0,0,0
520,Hufflepuff,Griselda,Flynn,0.2,1,0.5943120486213136,0.6829889318218451,0.6967262570704177,0.31701106817815505,0.6869769177461486,0.2750636951035361,0.312071076583083,0.7535738612479466,0.7170662293049601,0.6380336778653505,0.5198169160790885,0.49916256746764137,0.368133061189039,0,0,0,0,0,0,0,0,0,0,0
521,Gryffindor,Tuan,Tirado,0.8,1,0.4627607750954951,0.6809414616299128,0.1889575332181755,0.3190585383700874,0.729036729036729,0.27119099886493575,0.5865236814651122,0.18350702932906607,0.19201772032788417,0.33399546647772765,0.4014420674310567,0.23625338917339875,0.7842315542623876,0,0,0,0,0,0,0,0,0,0,0
522,Slytherin,Freddy,Fredrickson,0.6,1,0.5162148369237431,0.13232116938065241,0.2765642010010073,0.8676788306193478,0.3557758942374327,0.13844836469214222,0.13016453637460867,0.7744061432926053,0.7953690819419338,0.7070861778866578,0.45974408755213436,0.4329818156705166,0.133929734659313,0,0,0,0,0,0,0,0,0,0,0
523,Gryffindor,Laverne,Baughman,0.6,0,0.556291851599833,0.7420128924790231,0.34557138211648925,0.25798710752097703,0.8460472306626153,0.3045332692146701,0.7497692301261627,0.1078402832446795,0.23834084599192484,0.32982503247125633,0.5433804106637977,0.31944836693637874,0.8790984496460678,0,0,0,0,0,0,0,0,0,0,0
524,Slytherin,Boyd,Diamond,0.4,0,0.554119047987257,0.19506355732713979,0.1460805817612407,0.8049364426728605,0.33418625726318035,0.30831585469667355,0.28457468595119007,0.7787934713567864,0.6910791802372818,0.8056220616116159,0.3525211454578444,0.3823765229172405,0.15675077083423808,0,0,0,0,0,0,0,0,0,0,0
525,Ravenclaw,Rodger,Mcmillan,0.6,0,0.5862935527272165,0.16933443867501072,0.7064092290551611,0.8306655613249894,0.6775947545178315,0.7500126287927891,0.7204152412171493,0.6437180679918987,0.6562017502809404,0.5895063159637628,0.6074741118484412,0.8528917671089744,0.42567420853780347,0,0,0,0,0,0,0,0,0,0,0
526,Gryffindor,Quinn,Blackwood,0.2,1,0.6484078994169773,0.7268842256639874,0.17658181542332185,0.27311577433601264,0.667199744122821,0.42104334694140694,0.7079892666787235,0.24073201554504545,0.21634882032085834,0.4383059907146394,0.7188365744654668,0.20512296474136774,0.7217179832370696,0,0,0,0,0,0,0,0,0,0,0
527,Gryffindor,Richard,Pappas,1.0,1,0.4340581166973385,0.6948143587122582,0.1594406400563713,0.3051856412877419,0.7111253265099419,0.3024149846830621,0.6323671382135896,0.31585499693373253,0.3422744477025426,0.6129553645286538,0.46269047177750694,0.27133319371445613,0.7057584574629783,0,0,0,0,0,0,0,0,0,0,0
528,Gryffindor,Beverley,Gruber,0.2,1,0.45348189845816,0.7990748044010733,0.2303081570643283,0.2009251955989267,0.7433232048616665,0.35937989807521525,0.7009324648030199,0.26309852328266575,0.28233607127784877,0.5736047308384045,0.1583185233014168,0.26369046382476785,0.7951535154383984,0,0,0,0,0,0,0,0,0,0,0
529,Gryffindor,Carmen,Lawrence,0.2,1,0.5936625272567001,0.7581601215293216,0.19970968381015036,0.24183987847067845,0.6691721307105922,0.19163842538547882,0.45908157018511264,0.16964990000962035,0.11219652124326904,0.3499733330853065,0.4320365156294789,0.1405867586279696,0.8366482824510358,0,0,0,0,0,0,1,0,0,0,0
530,Ravenclaw,Nikita,Hoppe,0.8,1,0.5567171334457108,0.32967385342559835,0.6999627727148388,0.6703261465744018,0.7995628764859535,0.7273028887460964,0.666448479797807,0.662072830145889,0.8450779204660885,0.685220775874879,0.5433575419125839,0.8409186997028142,0.36048985972988234,0,0,0,0,0,0,0,0,0,0,0
531,Hufflepuff,Tiffany,Manning,0.4,1,0.6965034099871642,0.691438725254558,0.6836017119729081,0.30856127474544215,0.7032890879044725,0.13693753765378347,0.2940495645396503,0.7071059674216305,0.8575964828917725,0.6717562855929692,0.22044131583825136,0.4561913018187705,0.32861423546271773,0,0,0,0,0,0,0,0,0,0,0
532,Gryffindor,Blair,Pennell,0.4,0,0.5675888839057884,0.6331183769404518,0.2846595524956912,0.3668816230595483,0.7250919558611867,0.13338662697363515,0.7966688309191036,0.08710454510766417,0.2600706992439642,0.4785370931628567,0.5353320820947964,0.276004343532062,0.9243279628262475,0,0,0,0,0,0,0,0,0,0,0
533,Ravenclaw,Kenny,Sosa,0.6,1,0.5085056369175572,0.2277045103869186,0.6959859324389138,0.7722954896130816,0.7615011461165307,0.8566940335656331,0.7640337658849213,0.7468539192234537,0.8353035071080099,0.8117969527106584,0.4698862490753111,0.9338203711429123,0.346593129804143,0,0,0,0,0,0,0,0,0,0,0
534,Ravenclaw,Jayne,Bard,0.6,1,0.5942192598549402,0.15806245486949097,0.786033681616219,0.8419375451305092,0.7266378804840343,0.8309956786838322,0.7081810882349212,0.7394705655415249,0.7947207426761209,0.653617825308606,0.4701887628631177,0.9487987068222533,0.3292005037564599,0,0,0,0,0,0,0,0,0,0,0
535,Hufflepuff,Booker,Berry,0.8,0,0.4737098495275505,0.7689699427955771,0.7791851548832648,0.2310300572044231,0.8205128205128205,0.25261738450332266,0.35847969269008884,0.6414847708657571,0.6934923760088227,0.5796552620159224,0.62522665478908,0.5500890210714088,0.5153515438398403,0,0,0,0,0,0,0,0,0,0,0
536,Gryffindor,Twyla,Hopper,0.6,0,0.48090097892148526,0.684145670296058,0.20709355302157614,0.315854329703942,0.7544112159496775,0.2927515869423317,0.6445468099696405,0.24581465792909027,0.29838325631908463,0.47997237004033577,0.5190107251141695,0.284716954541703,0.7440830329613064,0,0,0,0,0,0,0,0,0,0,0
537,Ravenclaw,Stephany,Ridley,0.8,1,0.2624839552758146,0.18125265815804276,0.6720145886953562,0.8187473418419573,0.6731169038861347,0.7320321126327383,0.6011789179230923,0.6619413746585051,0.8858823392098595,0.8006642317069965,0.5759461851933425,0.8997919192112027,0.41514309289095414,0,0,0,0,0,0,0,0,0,0,0
538,Slytherin,Anderson,Serrano,0.2,0,0.5418090716483924,0.23018756456256023,0.34084663262420717,0.76981243543744,0.2319420011727704,0.1798176382644148,0.22550214986198477,0.6965771560906047,0.7251505390518702,0.7562412563666403,0.5098789345754682,0.35712721619234683,0.27899856689972646,0,0,0,0,0,0,0,0,0,0,0
539,Ravenclaw,Una,Dudley,0.8,0,0.4673151570449871,0.26077052658694005,0.8235129424382829,0.49291427683210426,0.6333445105435446,0.7495578365813114,0.6831956699450601,0.7024618676450115,0.8045127845056935,0.7279082873674596,0.2509640742056427,0.911293351801954,0.4342076692578278,0,0,0,1,1,0,0,0,0,0,0
540,Slytherin,Burt,Herr,1.0,1,0.25874920742928725,0.126868924878482,0.1835045961682218,0.8731310751215181,0.2338610800149262,0.2395480671560063,0.17611560603803555,0.747376478607877,0.9071656628034906,0.9837555812184592,0.44528573230676394,0.4312527687490279,0.20432535718938638,0,0,0,0,0,0,0,0,0,0,0
541,Gryffindor,Cheryl,Perez,1.0,0,0.8658042466325411,0.616753509351941,0.2015012184222583,0.38324649064805916,0.6374540220694067,0.22837711284143722,0.7232790392096357,0.15968952038409776,0.2250441777301208,0.3297694800735212,0.0,0.1673031865107954,0.7175706778998568,0,0,0,0,0,0,0,0,0,0,0
542,Ravenclaw,Katherine,Cottrell,0.6,0,0.42054961879281816,0.33625250753358193,0.8661917972164772,0.6637474924664182,0.8085718854949624,0.651895379550264,0.7531966606103688,0.7321689063630252,0.7925683050108904,0.8370334680069502,0.5230272095719107,0.9463888775035253,0.5083163243149347,0,0,0,0,0,0,0,0,0,0,0
543,Ravenclaw,Cassie,Amundson,0.8,0,0.47760697771523125,0.29322890838462423,0.7342335507647194,0.7067710916153759,0.7668319206780746,0.7051296216975533,0.7856399496968719,0.7082845723133213,0.6419646504520408,0.8265368310667001,0.463160236033852,0.8922906797661372,0.4706214443913667,0,0,0,0,0,0,0,0,1,0,0
544,Ravenclaw,Clifford,Bromley,1.0,1,0.6268035816463821,0.2621831034782562,0.6875023332462517,0.737816896521744,0.8011088011088011,0.3955723885441402,0.7073804626119159,0.512106454733611,0.6712008586229268,0.4448454006801532,0.5910963859738094,0.8125667096565549,0.4540756503235333,0,0,0,0,0,1,0,0,0,0,0
545,Ravenclaw,Alina,Cates,0.4,1,0.44566444489120516,0.2804773386393608,0.7354957562365781,0.7195226613606394,0.7566501412655259,0.8118855773949274,0.7070385162079811,0.6210293597873596,0.862533208264056,0.7216362708667309,0.49970793416347475,0.8951477199544763,0.42571763581882144,0,0,0,0,0,0,0,0,0,0,0
546,Gryffindor,Johnnie,Brownlee,0.8,1,0.5722327315671748,0.7199984257426442,0.26641526580083824,0.2800015742573559,0.7296231142384989,0.3955723885441402,0.7217091935284834,0.146268691691263,0.2199016635349005,0.3451632788538766,0.6220115413289398,0.22496194636950742,0.80227558952534,1,0,0,0,0,1,0,0,0,0,0
547,Slytherin,Trenton,Lowry,1.0,0,0.41522972952074605,0.1620993080416148,0.31264612416168275,0.8379006919583856,0.12895143664374437,0.24035696169814855,0.19256125745993977,0.50173160610268,0.9454921753529398,0.7812146414992066,0.40474318325664255,0.3451533065811589,0.31925565640335263,0,0,0,0,0,0,0,0,0,0,0
548,Hufflepuff,Germaine,Harrison,0.2,0,0.715989050925568,0.6633609441789176,0.8166803777565638,0.3366390558210825,0.6601631217015832,0.2643912115678053,0.31806001590234445,0.6381417022109306,0.7162487356680742,0.4658959704891112,0.6545649145974477,0.4933870061239541,0.41805272071915583,0,0,0,0,0,0,0,0,0,0,0
549,Gryffindor,Amparo,Peace,0.8,0,0.6492893926975241,0.7269908583463947,0.20324463269576948,0.2730091416536054,0.6602164294471986,0.23334495582546386,0.6447259182251085,0.18877864567387614,0.21806091253557922,0.3928073059956346,0.6768705173662967,0.1626101393624728,0.7677726147565902,0,0,0,0,0,0,0,0,0,0,0
550,Hufflepuff,Marcos,Chambliss,0.2,0,0.7380650449252277,0.7447010334786679,0.6319618727847333,0.25529896652133227,0.7969507969507968,0.23420875029055757,0.17577586586630045,0.7445446516432394,0.8278618212605149,0.4873858111535852,0.31861663844379556,0.439628497747663,0.19972206540148524,0,0,0,0,0,0,0,0,0,0,0
551,Slytherin,Harriett,Nakamura,0.2,1,0.7488130770301409,0.5075954586018546,0.18021662805235497,0.6760748838886218,0.0868383176075484,0.2850956024848909,0.2636889830258658,0.6209139527827029,0.7635658209331307,0.788960743831567,0.6060675167017544,0.16197006354156263,0.21246797238024928,0,1,0,0,0,0,0,0,0,0,0
552,Gryffindor,Leona,Joyner,0.4,0,0.6137280979849373,0.728077555966371,0.2812888411232184,0.271922444033629,0.7334612719228104,0.18273686719955423,0.6940037605534916,0.13058473439042637,0.2465162465584604,0.3874799218346903,0.7928083898362661,0.22113973921963548,0.8457028705432754,0,0,0,0,0,0,0,0,0,0,0
553,Hufflepuff,Oliver,Switzer,0.2,0,0.6210042837480476,0.6610664476759156,0.6376188594768799,0.3389335523240845,0.7623540700463778,0.23459983370089532,0.45908157018511264,0.6429399198995916,0.781629930284149,0.5505777725869817,0.6959633070101169,0.4878955486095477,0.3555825769748556,0,0,0,0,0,0,1,0,0,0,0
554,Hufflepuff,Ellie,Fitzgerald,0.4,1,0.7277190974745991,0.7774199405900494,0.7065274036036527,0.22258005940995076,0.7765339303800842,0.2127592104441897,0.1741076148126567,0.5341411829464761,0.8447387070435659,0.3377225258613544,0.5203471677902199,0.40149317336678214,0.33080731315412343,0,0,0,0,0,0,0,0,0,0,0
555,Hufflepuff,Audra,Buchanan,0.2,1,0.8004113635309219,0.6724790798417112,0.741041563297363,0.3275209201582889,0.7390585852124314,0.16164517253754934,0.16994924804498465,0.6085512052965254,0.8831252446983872,0.37315323320394794,0.36245385464644136,0.4431910250140509,0.2668823554957224,0,0,0,0,0,0,0,0,0,0,0
556,Gryffindor,Chester,Fry,0.8,0,0.6727649505899819,0.882531765941944,0.22008346612675309,0.11746823405805601,0.6025374486912949,0.3955723885441402,0.6477968264692762,0.16024843813022854,0.08283142397495608,0.35488946495755175,0.4696471068989911,0.05242164826261526,0.8561688452685978,0,0,0,0,0,1,0,0,0,0,0
557,Hufflepuff,Stacey,Ballou,0.6,0,0.7073983576388352,0.7130565155315263,0.740641919554752,0.2869434844684739,0.7153366384135615,0.31723182830331437,0.22041142678247666,0.555850337612281,0.7241330741777011,0.2975250119197035,0.511795171951926,0.4400142276502643,0.3706084162070613,0,0,0,0,0,0,0,0,0,0,1
558,Hufflepuff,Parker,Isbell,0.2,1,0.6776750228105717,0.6293062692477446,0.5936370913481674,0.3706937307522554,0.7300495762034224,0.21984558062868323,0.2680907429517231,0.5697747007282028,0.817556296161935,0.6720709431419525,0.5789960059059951,0.4904592207133028,0.22289051982455382,0,0,0,0,0,0,0,1,0,0,0
559,Ravenclaw,Betsy,Mcnulty,0.4,0,0.35838114532267296,0.24374878427592014,0.5699493658707809,0.7562512157240799,0.684844607921531,0.7950935311622573,0.6657088248108924,0.5697747007282028,0.808358428461461,0.7958527133237496,0.5010216566950165,0.8300222510568275,0.3973813349546185,0,0,0,0,0,0,0,1,0,0,0
560,Slytherin,Thad,Bray,0.0,1,0.6747135146838222,0.276338479928817,0.5220189465058446,0.7236615200711831,0.19995735380350765,0.3015401007595899,0.2736535204113952,0.6193625687576455,0.6986850663938141,0.6819722098636104,0.42093510542206813,0.27273799170035073,0.25374560298779697,0,0,1,0,0,0,0,0,0,0,0
561,Ravenclaw,Augustine,Stahl,0.8,1,0.6542226621097073,0.27145865600445795,0.6302162647213261,0.7285413439955423,0.7994029532491072,0.7427895500622853,0.7258832745443032,0.7216740755135223,0.770549343537546,0.6986965360260555,0.34648805596758253,0.8396772894922575,0.30939766361228127,0,0,0,0,0,0,0,0,0,0,0
562,Ravenclaw,Carlo,Dickens,0.2,0,0.3842614787436401,0.16749337019427793,0.7549877201355925,0.8325066298057222,0.6718375179913642,0.7955758673889857,0.5720939948549647,0.5497527697618279,0.6419646504520408,0.5213111344343359,0.32554740001365573,0.886275370724617,0.43338255091848704,0,0,0,0,0,0,0,0,1,0,0
563,Gryffindor,Maritza,Layton,0.2,1,0.5604518812922382,0.7546196400189391,0.2648729658022236,0.24538035998106086,0.7623540700463778,0.28937709877777745,0.7218848089164053,0.16764325067660002,0.19472969960942046,0.39982054972468783,0.3769344220357222,0.24892801336747883,0.8466799843661789,0,0,0,0,0,0,0,0,0,0,0
564,Hufflepuff,Delbert,Douglas,0.4,0,0.8339081081917016,0.6157739701140218,0.6484543216075537,0.38422602988597826,0.8612932459086305,0.10507682915808995,0.25076754577975896,0.6787569530983315,0.9370088626475012,0.49828703874219815,0.49585901920388253,0.5034053156612518,0.19585703739088897,0,0,0,0,0,0,0,0,0,0,0
565,Hufflepuff,Forest,Hill,0.2,1,0.47359386356958383,0.8421556214869026,0.6337043452039492,0.15784437851309746,0.9182792259715336,0.2436690045766288,0.3207054667834683,0.7184635001187577,0.7475935341538923,0.6603079177770081,0.6309754940741966,0.5141877858935154,0.3989230034307552,0,0,0,0,0,0,0,0,0,0,0
566,Hufflepuff,Aurelia,Fitzsimmons,0.6,1,0.6838764053631907,0.705126130616397,0.6489584959454556,0.2948738693836031,0.7266378804840343,0.3944938849379818,0.10797888481455489,0.8194909164414063,0.7027467418280662,0.380855827460478,0.6170871093976985,0.4613315598367026,0.1626568810526773,0,0,0,0,0,0,0,0,0,0,0
567,Ravenclaw,Cyrus,Reynolds,0.4,1,0.5282541793606854,0.20131616081737408,0.6303493766598103,0.7986838391826262,0.6778612932459087,0.6438335365362673,0.6737194766500054,0.6916988676171226,0.670126723548048,0.6893057659213453,0.5824863031904802,0.808523564054465,0.40734789594823473,0,0,0,0,0,0,0,0,0,0,0
568,Ravenclaw,Zachery,Gatlin,1.0,1,0.5405486909051544,0.2587437518793997,0.6811046008040552,0.7412562481206004,0.7235993389839545,0.748857601523646,0.6930762926526683,0.6376359432432867,0.7346454766118494,0.6437610532827492,0.43888990449411874,0.8313304761995667,0.41134320580188477,0,0,0,0,0,0,0,0,0,0,0
569,Hufflepuff,Vickie,Olmstead,0.4,1,0.3612807942718402,0.853443639429726,0.665001286765575,0.1465563605702742,0.7452955914494376,0.3541223480984175,0.21395057944359713,0.8693023434896121,0.6517879878844831,0.707643341425303,0.2785959628371259,0.491629885701549,0.36976158422721156,0,0,0,0,0,0,0,0,0,0,0
570,Hufflepuff,Kathy,Brody,1.0,0,0.7311909438164019,0.6993407119034066,0.7573356703954178,0.3006592880965934,0.8327202942587558,0.2253585731521337,0.21733710325322544,0.5794430130986791,0.80150597748366,0.3113112241188106,0.4485908229831364,0.4938895217903712,0.3291353628349329,0,0,0,0,0,0,0,0,0,0,0
571,Hufflepuff,Shantel,Wylie,0.2,1,0.6616148338307842,0.6049712895719956,0.662428300624421,0.39502871042800436,0.7416706647475878,0.17673689049092303,0.4756135873228857,0.7029617081394585,0.773854092879982,0.764676223733706,0.39592366082301855,0.5410805153621011,0.4146871064402658,0,0,0,0,0,0,0,0,0,0,0
572,Ravenclaw,Kristy,Gibbs,0.6,0,0.3390037579450381,0.24007563429610354,0.5973281607129438,0.7599243657038967,0.6403859480782558,0.6643333067447746,0.6018108487527543,0.7334304151950879,0.797630105602479,0.8546672418002006,0.2559078501359343,0.8120195571236797,0.3898684153385157,0,0,0,0,0,0,0,0,0,0,0
573,Ravenclaw,Kristal,Smalley,0.8,0,0.864474274314523,0.12604029180449394,0.8315348182652496,0.8739597081955063,0.6890026120795352,0.3955723885441402,0.6231993194707469,0.6913683835894912,0.7210359348566496,0.3589520475476772,0.23571772776755368,0.8715359405380795,0.25248621183827685,0,0,0,0,0,1,0,0,0,0,0
574,Hufflepuff,Nell,Klinger,0.2,0,0.7924469944172092,0.7277725035828166,0.7469525480926135,0.27222749641718336,0.6834052987899142,0.2620562656577581,0.17628109416918147,0.5217143613597631,0.7959887590855962,0.26950459593863696,0.4668497368356099,0.38872085338951046,0.33597515959525776,0,0,0,0,0,0,0,0,0,0,0
575,Gryffindor,Tina,Ng,0.6,0,0.563854136059261,0.695361618491762,0.2849715173670512,0.304638381508238,0.7626739165200703,0.2195554946525931,0.7455765425151721,0.17384761049795788,0.3318901311947422,0.5133588928097448,0.5668480559050009,0.29141220377543714,0.8266817214574197,0,0,0,0,0,0,0,0,0,0,0
576,Hufflepuff,Booker,Burris,0.6,0,0.6566274376382166,0.7181458627074482,0.844306524340423,0.28185413729255193,0.6957726957726957,0.36135819424282206,0.20827033222750835,0.3400539232017388,0.665377761712582,0.05904944720732543,0.48369206720566577,0.43375327547572007,0.5237112954357928,0,0,0,0,0,0,0,0,0,0,0
577,Hufflepuff,Stefan,Sheehan,0.2,1,0.4267587337426349,0.7140401790755074,0.5220189465058446,0.2859598209244927,0.7856495548803241,0.36227512395848027,0.1978530538077428,0.6289436453948023,0.6744649403635663,0.3937281038477516,0.5833769781766469,0.521046703637596,0.40915012811047907,0,0,1,0,0,0,0,0,0,0,0
578,Gryffindor,Gus,Wise,0.2,0,0.5658104325502993,0.7999318437056727,0.09510565734122166,0.20006815629432737,0.5671944133482595,0.35132233368272936,0.45908157018511264,0.22631703608604692,0.0029270094272464517,0.36546583739082994,0.4973652471648011,0.06728011009304112,0.8011899074998915,0,0,0,0,0,0,1,0,0,0,0
579,Slytherin,Gwendolyn,Schofield,0.2,1,0.6061194191423225,0.2110427391433574,0.11324405602342588,0.7889572608566429,0.06636814329122022,0.28977669077151497,0.18040241470294732,0.7696279966304939,0.7580720731100368,0.8733209723471332,0.18676746858900245,0.22497345650488312,0.12133582316411169,0,0,0,0,0,0,0,0,0,0,0
580,Gryffindor,Casandra,Warfield,0.6,1,0.5211403739387285,0.6640009733012813,0.13657257576278614,0.3359990266987188,0.6626152779998934,0.3242680599924382,0.6892829858066535,0.2743409637825095,0.24375225030273576,0.5501978343727667,0.46217494744981313,0.23503780658368523,0.7373735180440354,0,0,0,0,0,0,0,0,0,0,0
581,Gryffindor,Korey,Baldridge,0.8,1,0.7119527395883272,0.6896477981882746,0.0793074710828057,0.3103522018117254,0.46798869875792953,0.14129890105459877,0.6482649576638619,0.18459989611422775,0.08484747404449038,0.44152135725980585,0.6752451993770644,0.015312971810274549,0.7980197159855822,0,0,0,0,0,0,0,0,0,0,0
582,Hufflepuff,Bryce,Epps,0.2,1,0.7896478666316131,0.5559700100610326,0.6461752656988469,0.4440299899389675,0.7289834212911136,0.13283911205933271,0.3298755767870781,0.6163012336921998,0.8842983685263167,0.5592268600495368,0.6696044590112327,0.48570806141808237,0.3006036392061493,0,0,0,0,0,0,0,0,0,0,0
583,Gryffindor,Lesley,Reich,0.6,1,0.7277732242549835,0.6653672907042714,0.32167408509864037,0.3346327092957287,0.7667786129324591,0.18558025438818873,0.7223406678207509,0.06051941368846561,0.23955702655815603,0.247733457381672,0.2939638635907812,0.24613470002622112,0.8422069744213315,0,0,0,0,0,0,0,0,0,0,0
584,Ravenclaw,Gena,Mendez,0.2,1,0.40538638788797304,0.16544834553754542,0.6100976528340497,0.8345516544624546,0.6332960179114026,0.6814256745684113,0.6200161042073865,0.49972957339799234,0.6686688419851797,0.5366758919867979,0.6198791964357647,0.7806156967927149,0.5001737091240718,0,0,0,0,0,0,0,0,0,0,0
585,Hufflepuff,Oleta,Sawyers,1.0,1,0.5848553268484296,0.7434463562919711,0.7482871153379883,0.256553643708029,0.808891731968655,0.1794904223209562,0.3429994178543661,0.5610894327542533,0.7792875944704035,0.5338971642911546,0.6314330914446283,0.5006965035577552,0.4818256828939941,0,0,0,0,0,0,0,0,0,0,0
586,Ravenclaw,Federico,Aldridge,0.6,1,0.6250251302908928,0.2684966392585281,0.6391343186999413,0.7315033607414719,0.7549442934058318,0.7554107553688236,0.45908157018511264,0.5697747007282028,0.6637286974964971,0.4626556639733891,0.43466634126651404,0.7803607894043875,0.3931688886958788,0,0,0,0,0,0,1,1,0,0,0
587,Slytherin,Fran,Butterfield,0.6,0,0.744815427678889,0.24187683844535646,0.2348941458330412,0.7581231615546437,0.28178474332320486,0.23553719712084087,0.2212892063306175,0.5994493468811839,0.7939999055210452,0.6125268087584937,0.8063954181757671,0.28454626765612673,0.16895383680027795,0,0,0,0,0,0,0,0,0,0,0
588,Slytherin,Aileen,Martino,0.6,0,0.6473098990148926,0.2643304270148754,0.2472622857357993,0.7356695729851247,0.20832666986513143,0.24793580836366474,0.21018573297294624,0.6079232697158783,0.8151879045558595,0.706525664835204,0.5446131476915071,0.2722509164594374,0.21088287662309466,0,0,0,0,0,0,0,0,0,0,0
589,Ravenclaw,Mindy,Luster,1.0,1,0.4679569460124028,0.20420496875542649,0.7080540309629569,0.7957950312445737,0.6681059757982836,0.8311517386382041,0.6394646105741617,0.6982195395490616,0.7980169354485573,0.6817651581109438,0.41930589955101133,0.8793678858239488,0.35731966821557304,0,0,0,0,0,0,0,0,0,0,0
590,Ravenclaw,Gena,Crutchfield,0.0,1,0.5895256947558882,0.1302579358129444,0.6751871720175192,0.8697420641870557,0.6305773228850152,0.8106813315000821,0.6541922168479836,0.5983970551663097,0.7470836750402935,0.5376311194036818,0.40241919250780045,0.835233254297071,0.3640074694923351,0,0,0,0,0,0,0,0,0,0,0
591,Slytherin,Rufus,Sizemore,0.8,1,0.5374479996288449,0.22980118419760664,0.29673026682404163,0.7701988158023935,0.0626366010981396,0.3955723885441402,0.2028520429840903,0.5573908671214244,0.8451407203536159,0.777279065263055,0.401171196460566,0.26137383852908325,0.2997568072262996,0,0,0,0,0,1,0,0,0,0,0
592,Slytherin,Adrian,Crowder,0.6,0,0.6703137806782858,0.33570388145509844,0.3132052730902546,0.6642961185449017,0.20875313183005492,0.25053399507495666,0.3293713555074904,0.4592136003468647,0.8416630157114126,0.7234207901880809,0.3803700253525057,0.25384396411308263,0.35286837191123466,0,0,0,0,0,0,0,0,0,0,0
593,Hufflepuff,Virgil,Poling,0.2,1,0.7542412198629819,0.5861729949254795,0.6701083968906281,0.4138270050745207,0.7506263660109813,0.17524273705871896,0.2483676581255043,0.6259398038966089,0.8544210509266941,0.4538976212564898,0.609858341037472,0.4875098187069464,0.2778694575932601,0,0,0,0,0,0,0,0,0,0,0
594,Ravenclaw,Michaela,Levi,0.8,0,0.6262391166509441,0.2703484292880098,0.7820385007568742,0.7296515707119904,0.732928194466656,0.7660992414772603,0.6386302000009999,0.6809500635858716,0.7211818773176318,0.5326234332633157,0.43517663113560445,0.8505602628578045,0.3650931515177835,0,0,0,0,0,0,0,0,0,0,0
595,Ravenclaw,Marcos,Baylor,1.0,0,0.4886333761192645,0.19784451198390918,0.9017533262553361,0.802155488016091,0.7251985713524175,0.6200921234792172,0.6284631674945486,0.611395966851401,0.6592690714382511,0.48265081451263697,0.32497808740900075,0.9108874089786924,0.520866808529118,0,0,0,0,0,0,0,0,0,0,0
596,Hufflepuff,Gerardo,Paquette,0.4,0,0.7188886998747351,0.7329656405704515,0.8867712364117086,0.2670343594295485,0.6811663734740658,0.197228306920187,0.14626517803784952,0.5981052671747709,0.795109139207137,0.3155189560919691,0.7104270447438727,0.4538451993471231,0.37694879923567987,0,0,0,0,0,0,0,0,0,0,0
597,Gryffindor,Alfredo,Langston,0.2,1,0.48216909206192105,0.5970945980737988,0.19252379192950397,0.40290540192620133,0.6832453755530679,0.11188670492278033,0.706507855669029,0.13703565092554523,0.20826289501594492,0.4762831103071607,0.41105183231938136,0.243987077206058,0.8825943457680115,0,0,0,0,0,0,0,0,0,0,0
598,Ravenclaw,Hunter,Isom,0.8,1,0.6628597497796267,0.19025198454862274,0.6363308098739626,0.8097480154513774,0.7601151447305293,0.7197009800166232,0.7162238200343621,0.638287817915854,0.7102730173793964,0.5757364649406121,0.5529456637778764,0.8336889310116168,0.3545403222304252,0,0,0,0,0,0,0,0,0,0,0
599,Slytherin,Tillie,Caldwell,0.6,1,0.5470593693456846,0.17311684509118794,0.23812459484507761,0.8268831549088121,0.4030065568527107,0.22089235658724596,0.2516780020177619,0.5697747007282028,0.6615409240102269,0.7399156645739846,0.6198950943016127,0.44235864571185696,0.1685847049116255,0,0,0,0,0,0,0,1,0,0,0
600,Ravenclaw,Margaret,Bordelon,0.6,0,0.5722327315671748,0.17185385968381847,0.6980453874733048,0.8281461403161817,0.627272242656858,0.7485970349033718,0.5574912479758333,0.6124892385798567,0.7124273413930525,0.5218877415294748,0.6726897305691267,0.8249951292475916,0.4049159682112303,1,0,0,0,0,0,0,0,0,0,0
601,Ravenclaw,Ignacio,Nagy,0.8,1,0.5556036682492306,0.11461994670337201,0.644317220404576,0.8853800532966282,0.6134122287968442,0.6992725554262911,0.6397452712779538,0.7168263643343478,0.7139475409603794,0.6668646465179752,0.299305961965467,0.8328969775507444,0.34366178833543237,0,0,0,0,0,0,0,0,0,0,0
602,Slytherin,Oliver,French,0.6,0,0.6716669501878972,0.1769384448688118,0.2024276461246185,0.8230615551311883,0.21989445066368143,0.2769624538432256,0.17910591767934497,0.6687851469645777,0.7562369561566167,0.6387252576933418,0.5861999949349896,0.3008805534297678,0.1354062622139228,0,0,0,0,0,0,0,0,0,0,0
603,Gryffindor,Rebeca,Santoro,0.4,0,0.47475372314925074,0.7109677515002542,0.18198613640183514,0.289032248499746,0.7611812996428381,0.3634979131039469,0.5605233220696471,0.26869166837387015,0.2837765054938774,0.39086367043701403,0.4511379328628631,0.2653142351178156,0.6787684023103314,0,0,0,0,0,0,0,0,0,0,0
604,Ravenclaw,Leonor,Smoot,0.8,1,0.5554644850996706,0.11686745939396215,0.671157872843793,0.883132540606038,0.5957140572525188,0.7090571725546019,0.6176946016954817,0.6779414888047305,0.7106827819321293,0.6079991427694709,0.2635082181688832,0.8239387234080785,0.3612932644287141,0,0,0,0,0,0,0,0,0,0,0
605,Ravenclaw,Verla,Breedlove,0.6,0,0.43989607658166185,0.2469304324048419,0.7011556252390291,0.7530695675951584,0.7115517884748654,0.7488652015201297,0.6427134891087054,0.5400262634954539,0.7327642376749804,0.5526649482641116,0.3402813829023294,0.8306853471484906,0.4755938680679203,0,0,0,0,0,0,0,0,0,0,0
606,Ravenclaw,Loren,Free,0.0,1,0.549178046177876,0.3434055369973472,0.7993792015594822,0.656594463002653,0.7861826323364786,0.7862356192329429,0.7005495861435832,0.5763810738089333,0.7172727383760191,0.5329410832803609,0.7163151903224071,0.8535186483844549,0.4768098319364225,0,0,0,0,0,0,0,0,0,0,0
607,Ravenclaw,Jolene,Bouchard,1.0,1,0.739843496280717,0.2366015685640171,0.7975311824203108,0.7633984314359831,0.7176288714750253,0.6039212270595841,0.6877869836121799,0.6697467860392642,0.5560035723861759,0.4665964750302318,0.791700184046568,0.809880356353792,0.4369653016024667,0,0,0,0,0,0,0,0,0,0,0
608,Slytherin,Rufus,Hanna,0.4,1,0.6159009015975132,0.23529718723870707,0.17799713880166,0.7647028127612931,0.17938056399594862,0.2589549216867647,0.19578237299573337,0.6757892271096754,0.8184123605963325,0.7860619695827912,0.5332743688114481,0.26725102594609096,0.16020323967516395,0,0,0,0,0,0,0,0,0,0,0
609,Hufflepuff,Daniel,Mack,0.8,1,0.621445030388321,0.7715455101847377,0.7613121804621235,0.22845448981526237,0.7968974892051816,0.2559158623922099,0.3586242719264893,0.6372284836293766,0.7083902695770143,0.5346592945767149,0.4643027744559753,0.5032573683114184,0.45544360967559827,0,0,0,0,0,0,0,0,0,0,0
610,Ravenclaw,Lenard,Gossett,0.4,1,0.44008938651160634,0.1941375600421218,0.6635583143376044,0.8058624399578783,0.6829788368249907,0.694325363452229,0.7104053240619472,0.6730224279103887,0.7552246681471746,0.7749180628906318,0.18375139135654978,0.8627371438806225,0.4392018065748904,0,0,0,0,0,0,0,0,0,0,0
611,Ravenclaw,Roxie,Mccue,0.2,0,0.6206253962853564,0.189655773827507,0.677704204390259,0.8103442261724931,0.6898555360093822,0.5603417510164914,0.6507739121961723,0.8921778916966965,0.6811987079436699,0.7955455712000731,0.46504066358837465,0.8434472799304221,0.29897511616797673,0,0,0,0,0,0,0,0,0,0,0
612,Slytherin,Dorcas,Espino,0.6,0,0.5566320770765353,0.1914686849803647,0.2348165426293968,0.8085313150196356,0.32986832986832987,0.25497737736766046,0.26795794782378474,0.72427345377829,0.7081402525735481,0.7454817735984434,0.7634502398845486,0.39482543616394755,0.2080818169974378,0,0,0,0,0,0,0,0,0,0,0
613,Hufflepuff,Sung,Leake,1.0,1,0.7106459644619024,0.736116960015074,0.7466601846622134,0.26388303998492607,0.7333546564315796,0.1470429958338183,0.10034050412947065,0.6152968187182059,0.9042700363020759,0.39011939523137146,0.6345312395012714,0.42061150822637855,0.2773483302210449,0,0,0,0,0,0,0,0,0,0,0
614,Gryffindor,Jackie,Craven,0.4,1,0.5669934893215595,0.8207668794472155,0.3114093998272051,0.17923312055278467,0.7696039234500773,0.3156245919399018,0.7839045554370971,0.1879008817026738,0.27418968996320175,0.5264339072454263,0.7470205711792169,0.2643622627017157,0.8630520693099406,0,0,0,0,0,0,0,0,0,0,0
615,Gryffindor,Grady,Hunter,0.2,1,0.6574006773579946,0.792500878745602,0.25261332603496334,0.207499121254398,0.7223732608347992,0.34715778437175243,0.7197304939016974,0.18863566032194898,0.18500640178576186,0.38125881170597714,0.1961383645635677,0.20207249813170858,0.7997568072262996,0,0,0,0,0,0,0,0,0,0,0
616,Ravenclaw,Earline,Goss,0.6,1,0.7063312868255417,0.22516051890839764,0.574196813681797,0.7748394810916025,0.7366064289141213,0.7442287963175777,0.7051787253996125,0.6544219207365918,0.7155255352018396,0.5964845108701434,0.3503355838451564,0.7809887936199043,0.3099405046250055,0,0,0,0,0,0,0,0,0,0,0
617,Ravenclaw,Stanford,Eng,1.0,0,0.6396857553778823,0.5075954586018546,0.5943923163096606,0.8256933169614395,0.669758515912362,0.7414974857269887,0.6365148314683661,0.6406441763066841,0.7078895728764961,0.5503448077612875,0.35452051557979414,0.7818601950883727,0.3204499066313458,0,1,0,0,0,0,0,0,0,0,0
618,Gryffindor,Herschel,Roller,1.0,1,0.1537123238946538,0.2519221616264883,0.6210269662958652,0.7480778383735117,0.6178367716829255,0.6020586508135913,0.5558663999719969,0.6395503721208352,0.7973145890568449,0.8479975695314663,0.511795171951926,0.8074817564354295,0.5091848699352934,0,0,0,0,0,0,0,0,0,0,1
619,Hufflepuff,Rob,Cahill,0.8,0,0.48490636066993487,0.6936500580808104,0.7430181597120663,0.3063499419191898,0.6733834426142118,0.48185331551846333,0.24120364722455043,0.7934326328404973,0.5348654284431728,0.45074820709530794,0.5179695463184097,0.5370814451564508,0.37931558605115734,0,0,0,0,0,0,0,0,0,0,0
620,Slytherin,Keenan,Mccracken,0.4,1,0.6941527612390394,0.31552615056659594,0.16088382615267022,0.6844738494334042,0.15832400447785056,0.35684497372828544,0.32029584984364734,0.6124766944414515,0.7297311997521084,0.7849288001935533,0.6997418766224534,0.21494475977224595,0.23518044035262956,0,0,0,0,0,0,0,0,0,0,0
621,Slytherin,Dianne,Morrison,0.2,1,0.48729567140404867,0.5075954586018546,0.351358664359605,0.8590383580826938,0.2569433338664108,0.14636980425026835,0.13342766749392462,0.7397817630654026,0.7573242540639333,0.7015967302928661,0.5491591497667702,0.41376410061767377,0.21559473661354062,0,1,0,0,0,0,0,0,0,0,0
622,Gryffindor,Pricilla,Ngo,0.6,0,0.5590291202078468,0.7826226809988706,0.2999738488207768,0.21737731900112958,0.7707233861080015,0.2240872433414806,0.7164683031116161,0.14612334214608266,0.21024899484191864,0.40554916203670277,0.5147821297944793,0.23947987663380774,0.8803361271550789,0,0,0,0,0,0,0,0,0,0,0
623,Hufflepuff,Fanny,Krieger,0.0,0,0.5030929588791117,0.8402490725067409,0.73621582711914,0.15975092749325917,0.7195479503171811,0.23962933333259742,0.3192156838250364,0.5246021670355139,0.7343436049382464,0.5545677870814082,0.4020868952590683,0.42451597073393676,0.5489208320667044,0,0,0,0,0,0,0,0,0,0,0
624,Gryffindor,Stephan,Pointer,0.8,1,0.2570326152513802,0.7333693169104449,0.23268483879310578,0.2666306830895552,0.7955647955647955,0.24985985166432223,0.6775187224544839,0.22819088079269387,0.28806252310802627,0.6028677537824265,0.11216785775047321,0.32956493372688656,0.8762105354583749,0,0,0,0,0,0,0,0,0,0,0
625,Gryffindor,Jacqueline,Kell,0.8,1,0.5745016470006031,0.7951866612402595,0.2499130919955488,0.20481333875974056,0.7357001972386588,0.36491441428715565,0.755676352786486,0.16726056137563514,0.1262468397760801,0.3918183023309243,0.48004984858734795,0.2215372599926226,0.8677205020193687,0,0,0,0,0,0,0,0,0,0,0
626,Hufflepuff,Jorge,Somers,0.4,1,0.414703926511297,0.8709656239824254,0.7281892990652323,0.12903437601757473,0.6705048243509781,0.360667455522816,0.20746222954687096,0.6656506495951638,0.6541989688444353,0.5362904355953174,0.5796038109023931,0.42412827568627137,0.47266252659920965,0,0,0,0,0,0,0,0,0,0,0
627,Hufflepuff,Delphine,Derr,0.8,0,0.585504848213043,0.6762773944165618,0.7730626735834255,0.3237226055834383,0.7721093874940029,0.2696444772997596,0.19241744775751493,0.6801967054831995,0.7436921210758841,0.40103529004820204,0.5410966532240102,0.5326329182011169,0.345920006948365,0,0,0,0,0,0,0,0,0,0,0
628,Gryffindor,Shelia,Fitzgerald,0.4,0,0.7098804571393224,0.7165490896357027,0.1904944825357408,0.2834509103642973,0.6815928354389893,0.3474262709043716,0.6470813683453148,0.20564857450951438,0.18404873803275573,0.3059266640983645,0.726699580233125,0.17636306672678181,0.7104268901724063,0,0,0,0,0,0,0,0,0,0,0
629,Hufflepuff,Migdalia,Allison,0.2,0,0.7152003464113944,0.8155310885615898,0.532422701483804,0.18446891143841024,0.8520176981715444,0.18910410731668592,0.2730183650107975,0.6466082597134567,0.6419646504520408,0.599837429842458,0.44834278626994645,0.3925048805781349,0.26714291918183003,0,0,0,0,0,0,0,0,1,0,0
630,Gryffindor,Wallace,Conklin,0.8,1,0.6594806922041971,0.6894080947839023,0.20180389130779147,0.3105919052160977,0.6581374273681966,0.22670434282487784,0.45908157018511264,0.16342756509618322,0.16888130885994965,0.4049862562487301,0.3966673423731596,0.17912016525185526,0.818995092717245,0,0,0,0,0,0,1,0,0,0,0
631,Ravenclaw,Douglas,Yamamoto,0.4,1,0.435303032646181,0.21835593549637125,0.6843792478189491,0.7816440645036289,0.6762620608774454,0.7047124898815001,0.6364901945135716,0.6244719803065581,0.7531158961704097,0.6596633825226861,0.10364231570663258,0.8355875418786455,0.4375515698962088,0,0,0,0,0,0,0,0,0,0,0
632,Ravenclaw,Orville,Neuman,0.2,0,0.5906159627607751,0.21264304500723688,0.6092492127819523,0.7873569549927634,0.6547790393944241,0.6677680029505668,0.7642468386806431,0.7095503278643998,0.6804661240009157,0.7924482515729193,0.6834719255411547,0.797730987361872,0.41103921483475925,0,0,0,0,0,0,0,0,0,0,0
633,Hufflepuff,Marjory,Bayer,0.2,0,0.7226543773100537,0.7575425750270902,0.6547256931757847,0.24245742497290992,0.7878884801961725,0.15519712363533966,0.23196318974379806,0.6481400171215573,0.8840954815069475,0.5435609605065579,0.2776212032314922,0.42591066225950197,0.29020280540235377,0,0,0,0,0,0,0,0,0,0,0
634,Ravenclaw,Olive,Hendrick,0.8,1,0.515905541035832,0.18516652736031294,0.8270889486714089,0.8148334726396872,0.7117650194573272,0.5477746063576564,0.6549850227640424,0.6068539198050095,0.6010639791912142,0.509865906065129,0.6619173068248427,0.8653224325800842,0.5354583749511443,0,0,0,0,0,0,0,0,0,0,0
635,Ravenclaw,Mai,Pickens,0.2,1,0.6086865750119852,0.13776929233851432,0.6515830154397777,0.8622307076614858,0.7050482435097819,0.77727446247044,0.7135955554885011,0.6813355006900573,0.707468527862367,0.616157484878116,0.347665783134331,0.8686401589184742,0.34715768445737616,0,0,0,0,0,0,0,0,0,0,0
636,Ravenclaw,Rita,Radford,0.8,0,0.6321080061240586,0.16521604822297223,0.7467217648830542,0.8347839517770279,0.683991683991684,0.6624572482706118,0.6629626927981281,0.764536775399418,0.6227156520355067,0.597150337845805,0.5066831624940229,0.8615709706525237,0.3675685065358058,0,0,0,0,0,0,0,0,0,0,0
637,Slytherin,Jesus,Coons,1.0,1,0.487635896880751,0.19650460691505528,0.3389254686957699,0.8034953930849448,0.2664854203315742,0.18391788071095183,0.2120501494647862,0.5697747007282028,0.9130718911262412,0.7253843531612862,0.511795171951926,0.3799717468286775,0.2965866157119903,0,0,0,0,0,0,0,1,0,0,1
638,Ravenclaw,Micheal,Connell,0.0,0,0.578360113202295,0.3318826367257704,0.5220189465058446,0.6681173632742298,0.8631590170051708,0.7801173815698326,0.7924540678896805,0.7785681574489267,0.8497614484043214,0.8785196162335821,0.4642404195434263,0.8879095292130043,0.3117210231467408,0,0,1,0,0,0,0,0,0,0,0
639,Hufflepuff,Bertram,Givens,0.0,0,0.5733263226265407,0.7277617285641785,0.6390921536903865,0.49291427683210426,0.8102777333546564,0.1728166283480335,0.3409907846510635,0.6304476436674216,0.8184676979673046,0.6492668222197603,0.1661672787450173,0.4861639750729773,0.4070221913406002,0,0,0,1,0,0,0,0,0,0,0
640,Hufflepuff,Wilburn,Upchurch,0.8,0,0.738722298687039,0.723871442662332,0.5896007451148609,0.27612855733766806,0.8680633296017911,0.14489294034427366,0.16866894454590087,0.6492460492272326,0.9324595086244046,0.4690390067561863,0.653296575656442,0.43811421310819176,0.1986580970165458,0,0,0,0,0,0,0,0,0,0,0
641,Slytherin,Kenya,Cole,0.4,1,0.5164545412368743,0.17162066132476686,0.2208012398640891,0.8283793386752334,0.19201449970680742,0.24991912193138013,0.20366938865040485,0.7087051535151014,0.7780819472821361,0.8013954756147483,0.7739696459503794,0.34135748852214953,0.1993312198723238,0,0,0,0,0,0,0,0,0,0,0
642,Slytherin,Kylie,Duval,0.0,0,0.3810602663037595,0.20674357275768596,0.21301509098952526,0.7932564272423142,0.1042699504237966,0.2362703608687211,0.22147504780777455,0.6490501642401514,0.9134564007611927,0.9902358289250581,0.5596034347004244,0.31572441703971615,0.2729838884787424,0,0,0,0,0,0,0,0,0,0,0
643,Ravenclaw,Jerry,Gunn,0.6,0,0.5744784498090098,0.21169163381719883,0.8563321851800579,0.7883083661828014,0.695186310570926,0.608040890103396,0.5962479580870682,0.6742085069067925,0.6651462330459652,0.5028313065028462,0.45408914121256116,0.8632660486379021,0.4400269249142312,0,0,0,0,0,0,0,0,0,0,0
644,Hufflepuff,Alison,Battaglia,0.6,0,0.7444442726133956,0.5075954586018546,0.5144598116720897,0.3762612288631764,0.9056985980062904,0.13600309364548988,0.3663808584434996,0.7152412082011091,0.9010516803473645,0.6808173016922687,0.5219855046645475,0.515371645427192,0.2230859425891345,0,1,0,0,0,0,0,0,0,0,0
645,Slytherin,Carmella,Ennis,0.8,1,0.5706354484017135,0.2685829800133325,0.22135059210556368,0.7314170199866676,0.2739485047177355,0.2414453062703465,0.28763260009740926,0.6493288067515227,0.8027721951159588,0.8276224719090984,0.7154362532673826,0.32357657524624667,0.24410474660181528,0,0,0,0,0,0,0,0,0,0,0
646,Hufflepuff,Rodney,Bradford,1.0,0,0.5466650170885978,0.8507244506242339,0.6718787038366555,0.14927554937576618,0.6448637987099526,0.2198781789524503,0.27584376260391236,0.48085202748626865,0.8060963214794041,0.5701942068447856,0.5637309037805294,0.3428552097960799,0.5115299431102619,0,0,0,0,0,0,0,0,0,0,0
647,Hufflepuff,Tena,Holden,0.6,1,0.6167591976864668,0.6741408494381395,0.6642599350257788,0.32585915056186077,0.7742950050642358,0.24743893981309104,0.3527072697279318,0.6419139327928653,0.7469703531937604,0.5693831422313473,0.7159581418711835,0.5054327838974896,0.3978807486863248,0,0,0,0,0,0,0,0,0,0,0
648,Hufflepuff,Darren,Gilbert,0.6,1,0.7537618112367196,0.5915293902626464,0.7529220575547351,0.40847060973735366,0.5988592142438296,0.23427115924398362,0.36990306332869743,0.6115420093287328,0.7517141363067384,0.5425751166461025,0.5843851815259249,0.47244333223472373,0.41544708385807966,0,0,0,0,0,0,0,0,0,0,0
649,Slytherin,Olin,Sewell,0.4,1,0.5719190263365449,0.2677459244625028,0.28165200114005984,0.7322540755374973,0.17543579082040622,0.2228970992318462,0.2582355679430586,0.6431162480522864,0.7782380683666706,0.8153160899234113,0.704007608572993,0.2944691272903069,0.2817344856038564,0,0,0,0,0,0,0,0,0,0,0
650,Slytherin,Liz,Treadway,0.2,1,0.43135951007531353,0.1846124500266793,0.27692580821281104,0.815387549973321,0.1954795031718109,0.21775741767268728,0.21362152319089792,0.6932067730069442,0.8068847548506,0.5839482928558049,0.36766372648813894,0.3720179625488273,0.2627350501585096,0,0,0,0,0,0,0,0,0,1,0
651,Slytherin,Lynwood,Labelle,1.0,1,0.5197098804571393,0.21694665434637206,0.17607873367078122,0.783053345653628,0.13103043872274642,0.2569375645129138,0.1921696201112099,0.5697747007282028,0.8386776227623569,0.8745751661704981,0.7389147444262436,0.279203318961573,0.18782299040257092,0,0,0,0,0,0,0,1,0,0,0
652,Hufflepuff,Cristy,Pardo,0.6,1,0.7678425065338756,0.7340800803269838,0.6889242246320701,0.2659199196730164,0.9561277253584946,0.04764598982977349,0.30026390204559666,0.4377205851536072,0.9559714098188861,0.3991428028360875,0.42351754444680645,0.469607347172072,0.37809962218265514,0,0,0,0,0,0,0,0,0,0,0
653,Slytherin,Benita,Mcclain,0.4,0,0.5519307795802855,0.24160604370184996,0.28983267632671794,0.7583939562981502,0.3129164667626206,0.32654615050492897,0.3828577074068104,0.6407718774778084,0.6307035883899997,0.7371143188606849,0.5691376794247441,0.39359806270384906,0.33818995092717247,0,0,0,0,0,0,0,0,0,0,0
654,Ravenclaw,Brianna,Shaw,1.0,1,0.26701514003371324,0.1984593843504081,0.6297501997131508,0.8015406156495921,0.6333445105435446,0.710652101705223,0.5956307355616809,0.5857033382522425,0.8173166720695028,0.7179685682019418,0.3079658951496082,0.8461521617437906,0.460307465149607,0,0,0,0,1,0,0,0,0,0,0
655,Hufflepuff,Ella,Schreiber,0.4,0,0.5257566150658027,0.7381166284784638,0.7119849485197334,0.2618833715215362,0.6480622634468788,0.34455849402452104,0.25071356750415397,0.686989318415966,0.6665420005464133,0.5296235678650065,0.462671671158421,0.4582794088169887,0.4151648065314631,0,0,0,0,0,0,0,0,0,0,0
656,Ravenclaw,Garland,Inman,1.0,1,0.6595734809705704,0.1358978025948166,0.7519153814484745,0.8641021974051837,0.6613358921051229,0.6242880251422909,0.6574032447013661,0.7121699727284473,0.7102151264405546,0.60552856487198,0.6744399993638326,0.8529773912867717,0.36240066009467153,0,0,0,0,0,0,0,0,0,0,0
657,Gryffindor,Yesenia,Burchfield,0.2,0,0.54112088829779,0.6629355585777155,0.16959509654483731,0.3370644414222846,0.7058478596940135,0.20735224184641574,0.5758261230707796,0.1925042689420712,0.19021334688628605,0.3271484088229741,0.662893596710053,0.2020593035862781,0.755699830633604,0,0,0,0,0,0,0,0,0,0,0
658,Gryffindor,Kurtis,Mcnamara,0.8,0,0.6866832655459846,0.828537448173645,0.24237690145513893,0.171462551826355,0.7020630097553175,0.35908997229450995,0.764642721928269,0.23407491372845135,0.18499092714917295,0.47551164672097596,0.37171167974450725,0.1865273584688488,0.7952403700004343,0,0,0,0,0,0,0,0,0,0,0
659,Hufflepuff,Charlie,Dugan,1.0,1,0.3256653727788689,0.7561152335785616,0.8108644781205683,0.24388476642143866,0.6358547897009436,0.3966573698828882,0.194997786986799,0.6763209862845881,0.5825872249138242,0.4644921493928871,0.5878512254230088,0.5107594499615118,0.5177400442958267,0,0,0,0,0,0,0,0,0,0,0
660,Slytherin,Richelle,Graf,0.4,0,0.3681085009974792,0.11343289221453365,0.3214456977082702,0.8865671077854664,0.21749560211098673,0.24876491563742537,0.15733033289063655,0.5848639923685192,0.8810154629114048,0.7202004924471919,0.4469340125028222,0.42261062222668905,0.27513353888913017,0,0,0,0,0,0,0,0,0,0,0
661,Hufflepuff,Brice,Vail,0.8,0,0.6960085365665063,0.7698359909647747,0.716139511419587,0.23016400903522533,0.7261581107734953,0.2750951780463645,0.21953094033194923,0.6505369262981797,0.7632666712120397,0.5839482928558049,0.4652696506057089,0.4280888851956641,0.3327832544404395,0,0,0,0,0,0,0,0,0,1,0
662,Slytherin,Eleanore,Hartley,0.4,1,0.3421044492213476,0.17116372046781153,0.19812655462906734,0.8288362795321886,0.24649501572578497,0.25697198418197037,0.2207602108575411,0.7521120359682817,0.8292317565074946,0.9446644811412198,0.7336304580861169,0.4088436581119226,0.2208060103356929,0,0,0,0,0,0,0,0,0,0,0
663,Ravenclaw,Antoine,Murdock,1.0,0,0.6747367118754156,0.30401841456538964,0.8293458970080824,0.6959815854346105,0.8494056186363879,0.7125160530991587,0.7229188494180351,0.6426428852182208,0.7901895413425617,0.5667885854639397,0.6366746577201067,0.8968065831236706,0.3965996438962957,0,0,0,0,0,0,0,0,0,0,0
664,Ravenclaw,Claudette,Gann,0.8,0,0.6842398280314863,0.16103779877586485,0.7570812241180409,0.8389622012241355,0.7293565755104217,0.3955723885441402,0.6716376350982375,0.697983331270466,0.6419646504520408,0.548938781405368,0.35746973498904705,0.8693762461125221,0.355322013288748,0,0,0,0,0,1,0,0,1,0,0
665,Hufflepuff,Kirby,Riley,0.4,1,0.5052502976972921,0.7355381897449967,0.804866691539256,0.2644618102550033,0.6791406791406791,0.396882909331006,0.06593685838504489,0.5791317425504883,0.6577101613102492,0.18235846617881402,0.7525389774273228,0.46257970768747925,0.39405914795674646,0,0,0,0,0,0,0,0,0,0,0
666,Slytherin,Pierre,Higdon,0.4,0,0.547917665434638,0.17987885121383254,0.3433424160415254,0.8201211487861676,0.25433125433125436,0.2320987099496469,0.24958211479869316,0.6201085990257588,0.7312714291119347,0.6704980208386215,0.280534671718789,0.38611338662432426,0.29461067442567423,0,0,0,0,0,0,0,0,0,0,0
667,Hufflepuff,Leilani,Crisp,0.2,0,0.3115769450845151,0.8937800583177374,0.71364703388513,0.10621994168226265,0.7901274055120209,0.33770124419386094,0.1653145113471724,0.7609718665010835,0.6702770656954623,0.5841359234084722,0.7322592984582602,0.4882430985509016,0.4265427541581622,0,0,0,0,0,0,0,0,0,0,0
668,Hufflepuff,Michale,Langlois,1.0,0,0.7232111099082937,0.6390925894804784,0.5858100966757679,0.36090741051952163,0.8234980542672851,0.10730712343264386,0.31391841805543047,0.603425328158722,0.9281776131169477,0.5992052656050364,0.511795171951926,0.4717962380385836,0.29639119294740957,0,0,0,0,0,0,0,0,0,0,1
669,Hufflepuff,Lulu,Winn,0.8,0,0.582914495151787,0.7495763141263263,0.7242263590674806,0.25042368587367375,0.6205021589636974,0.29335215912722257,0.23012145897318204,0.5861785996211771,0.726558770711329,0.4712333030351812,0.4765300498460419,0.4083669700663495,0.4349893603161506,0,0,0,0,0,0,0,0,0,0,0
670,Gryffindor,Vilma,Zhang,0.8,1,0.4817360778188454,0.7574063147924037,0.14670560259532697,0.24259368520759636,0.7017964710272402,0.43883819499584703,0.6049975963596697,0.2890409704585727,0.19047343312962906,0.42492445816685726,0.44702655130515145,0.21943174742383584,0.706670430364355,0,0,0,0,0,0,0,0,0,0,0
671,Gryffindor,Keenan,Buckner,0.2,1,0.6043409677868333,0.852506252363345,0.3205339698075676,0.147493747636655,0.6819659896582972,0.11665036894902643,0.7750501960326915,0.1375274559488747,0.2489893315043445,0.5709034744055731,0.45249081389406587,0.16622067231542995,0.9477135536544059,0,0,0,0,0,0,0,0,0,0,0
672,Slytherin,Kellie,Fritz,0.4,1,0.6013098680853038,0.3145021135068743,0.23492753374564088,0.6854978864931258,0.12442027826643214,0.3363543141432701,0.36166948201032556,0.5652607550866094,0.743471107098573,0.8450079971545008,0.5637251044125937,0.24465382285284076,0.342576106309984,0,0,0,0,0,0,0,0,0,0,0
673,Ravenclaw,Trevor,Durand,0.6,1,0.6627205666300666,0.1926887234828532,0.6684634805659518,0.8073112765171467,0.707127245588784,0.7949395484888827,0.618698780689787,0.7395939778160371,0.7554406548016429,0.5747494024084792,0.3778745726928229,0.841233684383105,0.25265992096234857,0,0,0,0,0,0,0,0,0,0,0
674,Hufflepuff,Ahmad,Garner,0.6,1,0.6252880317956173,0.6440208739994967,0.5220189465058446,0.3559791260005034,0.7292499600191907,0.1358109540534223,0.40710568585476387,0.43556462155553644,0.7943149002355038,0.48665580729453917,0.7822611837815855,0.5181570981881929,0.5819689929213532,0,0,1,0,0,0,0,0,0,0,0
675,Ravenclaw,Sherwood,Drake,1.0,1,0.25256328967106384,0.33620096196114374,0.8263964402531506,0.6637990380388564,0.75227890612506,0.6767026534156068,0.5891219540828254,0.7630132066806778,0.8867591062988486,0.860277397569283,0.5824900786032503,0.931621935286088,0.4450862031528206,0,0,0,0,0,0,0,0,0,0,0
676,Hufflepuff,Harriett,Esquivel,0.8,0,0.5663362355597482,0.7143960403807572,0.6835854516643692,0.28560395961924284,0.7009968548430087,0.28958483417485403,0.19397278125886383,0.8071119540181737,0.7374712078284509,0.5844996277914344,0.6420435873087607,0.4847167861006979,0.2877708776653494,0,0,0,0,0,0,0,0,0,0,0
677,Gryffindor,Cherie,Payne,0.6,1,0.49686064673770164,0.7609371051497719,0.2179929736703779,0.23906289485022825,0.7095260941414788,0.21459279956316046,0.6406396370235999,0.18067639316927636,0.16719219760073795,0.40894302222437867,0.23529564233357148,0.19404375760440967,0.8480479437182439,0,0,0,0,0,0,0,0,0,0,0
678,Ravenclaw,Richie,Darnell,0.6,0,0.5313548706369949,0.23846090681647314,0.6539673230221903,0.761539093183527,0.7404978943440482,0.7142798172885093,0.6464991431216356,0.6580406745648859,0.7941653654424804,0.6576311349752066,0.499500358886597,0.8354365064437103,0.35870934120814696,0,0,0,0,0,0,0,0,0,0,0
679,Hufflepuff,Elden,Kauffman,0.6,0,0.4576187309589719,0.8136137863938963,0.6331162461543782,0.18638621360610372,0.7941787941787941,0.326731050518715,0.21585551622421745,0.7109125664781516,0.7128950399362991,0.5540500038543409,0.35273715559837443,0.46783843587928187,0.366048551700178,0,0,0,0,0,0,0,0,0,0,0
680,Slytherin,Henry,Wahl,0.4,0,0.6253962853563861,0.24312245274420527,0.2141482945685276,0.7568775472557949,0.050002665387280806,0.26253178611144334,0.17948399105905366,0.6186693460578543,0.8326036856376783,0.7869367208085959,0.3530763288004918,0.20953976864066476,0.2076041169062405,0,0,0,0,0,0,0,0,0,0,0
681,Ravenclaw,Corrine,Howland,0.8,0,0.6418817561820516,0.26594056086554474,0.26564492552466934,0.7340594391344554,0.19462657924196383,0.3320978179343375,0.34360222649077005,0.5824488685227478,0.681349494437857,0.7166693953216917,0.2859039980212701,0.29284367158720276,0.3155426238763191,0,0,0,0,0,0,0,0,0,0,0
682,Ravenclaw,Noble,Criswell,0.2,0,0.588551412708968,0.21761967988917832,0.606700917630123,0.7823803201108218,0.7408710485633562,0.7773700533725021,0.6817125874592574,0.7016961875100166,0.7725858448212042,0.6741957015385818,0.5477286409978889,0.838204272899134,0.30648803578407957,0,0,0,0,0,0,0,0,0,0,0
683,Hufflepuff,Ruth,Shackelford,0.2,1,0.5427833536953126,0.7562421652748766,0.799601141975417,0.2437578347251235,0.7254651100804946,0.35462496864109794,0.14880250564995406,0.7110260482258001,0.6708819117218169,0.3682946138984065,0.7258146270829428,0.4994716567127393,0.36103270074260657,0,0,0,0,0,0,0,0,0,0,0
684,Ravenclaw,Maynard,Rash,0.2,1,0.373266009928398,0.1577417800710568,0.6446242739413569,0.8422582199289433,0.6705048243509781,0.8090225711134655,0.7298765647440282,0.658459269457293,0.9038593075142988,0.8682133261487573,0.5388832087576889,0.9121832817810281,0.4007035219524906,0,0,0,0,0,0,0,0,0,0,0
685,Slytherin,Mina,Belanger,0.8,1,0.520212486274995,0.20066080718511037,0.4237965093608856,0.7993391928148897,0.1981981981981982,0.2558007664926155,0.2800715842785413,0.5348940399917022,0.7110845500493707,0.6377650775858935,0.39922886876267105,0.3792617679904814,0.3985321579015938,0,0,0,0,0,0,0,0,0,0,0
686,Slytherin,Garfield,Leal,0.8,0,0.6497301393377976,0.2667629267126826,0.2605895462602917,0.7332370732873177,0.17399648168878945,0.22726638076852348,0.22520267633550567,0.546403102354971,0.8736041165730777,0.7316487732150112,0.6503450053119428,0.25418056538907935,0.24449559213097669,0,0,0,0,0,0,0,0,0,0,0
687,Hufflepuff,Rose,Desimone,0.8,0,0.497688013237864,0.8044100107374447,0.7105856821321149,0.1955899892625554,0.8148088917319687,0.39429809366468827,0.2411217961171215,0.7153880806209088,0.6206192994548183,0.4428661897092032,0.2653563157482127,0.5083479362327266,0.3896078516524081,0,0,0,0,0,0,0,0,0,0,0
688,Ravenclaw,Theodora,Sawyers,0.4,1,0.3550020877472434,0.28613393919358826,0.5848162674046157,0.713866060806412,0.7420438189668959,0.7068311269100087,0.8046888201949691,0.6390912160690206,0.8341403290508985,0.9612500423184611,0.6023573221826706,0.8516966781749304,0.48894775698093546,0,0,0,0,0,0,0,0,0,0,0
689,Ravenclaw,Barb,Gonzalez,0.8,1,0.7542644170545753,0.20201971848931055,0.6355091433704899,0.7979802815106897,0.7443360520283597,0.8249881283620435,0.7238413206633955,0.6664842038993698,0.7417742760704388,0.558845519008172,0.42952120164729607,0.8282830976750094,0.28206019021149087,0,0,0,0,0,0,0,0,0,0,0
690,Ravenclaw,Juan,Drayton,0.6,0,0.6962327760852419,0.2654636403253294,0.7580060487575978,0.7345363596746708,0.8305346766885229,0.7953724985977447,0.7444458001307083,0.5822508380277551,0.7767725053855258,0.5106957800442956,0.3660465256702683,0.877939225362275,0.3832240413427716,0,0,0,0,0,0,0,0,0,0,0
691,Ravenclaw,Nelson,Julian,0.4,0,0.40892009340735813,0.23030871212487292,0.6348379483428305,0.7696912878751273,0.7385255077562771,0.7793653269560672,0.7136262159358997,0.7265068133832572,0.8855654025248634,0.8814774021643291,0.6337369935692588,0.9005645019564424,0.3590567594562905,0,0,0,0,0,0,0,0,0,0,0
692,Ravenclaw,Camilla,Baumann,0.2,0,0.605191531478589,0.23214017481995755,0.6809085291779831,0.7678598251800425,0.7322885015192707,0.7495834477886237,0.7128769690993755,0.7151873336355792,0.7843067929710182,0.7145139165068819,0.511795171951926,0.8580707665581725,0.3406435923046858,0,0,0,0,0,0,0,0,0,0,1
693,Slytherin,Doug,Verdin,0.2,0,0.6760434870018404,0.23968395408754672,0.20832469418699953,0.7603160459124535,0.21744229436537132,0.27539396486211365,0.251869371464905,0.6157459088155969,0.7793303305644993,0.7093029239204574,0.5046430480342204,0.2766284174574507,0.20124202023711296,0,0,0,0,0,0,0,0,0,0,0
694,Ravenclaw,Blake,Easterling,0.8,1,0.5342003928057777,0.2121725323522754,0.7871563099133696,0.7878274676477248,0.683511914281145,0.6570504473917618,0.6196434201465358,0.6909981605973876,0.6938995241411016,0.5895427043664221,0.5799028651827351,0.8579705441598984,0.42000694836496294,0,0,0,0,0,0,0,0,0,0,0
695,Gryffindor,Lesley,Skinner,0.8,0,0.7052410188206548,0.6600610422761017,0.28671842798955,0.3399389577238984,0.7305293459139613,0.1496370619381132,0.7190116320202882,0.09322358335589762,0.23953249178427938,0.32315412061401455,0.589618125129029,0.22597118872747896,0.8382116645676814,0,0,0,0,0,0,0,0,0,0,0
696,Ravenclaw,Louis,Wasson,1.0,1,0.668805963224719,0.21570644492215918,0.685007771933973,0.784293555077841,0.705901167439629,0.7698122109606256,0.6600264428834,0.6109870728296997,0.6782765998956228,0.47524687669467086,0.2888050000598737,0.8054321101334674,0.3653102879228732,0,0,0,0,0,0,0,0,0,0,0
697,Ravenclaw,Goldie,Dill,0.2,0,0.5218285572893309,0.1853995320672572,0.6671701926855349,0.814600467932743,0.6620288927981236,0.3955723885441402,0.5375150143297477,0.6868978141891823,0.7577165011074096,0.5669877255354226,0.6107044484466929,0.8162867292630879,0.31769227428670693,0,0,0,0,0,1,0,0,0,0,0
698,Ravenclaw,Jeana,Huynh,0.8,0,0.33713251782317555,0.2956547260292053,0.8057794451193679,0.7043452739707948,0.7301028839490378,0.7453621914414835,0.5825952570609976,0.6968980390357754,0.8281899611450714,0.7010411908871224,0.6363422659534735,0.9059543333975276,0.42899639553567553,0,0,0,0,0,0,0,0,0,0,0
699,Gryffindor,Manual,Fredericks,0.8,1,0.48794519276866216,0.861659536145895,0.1953962719868479,0.13834046385410512,0.6944933098779252,0.31821602158402507,0.6256473593957855,0.5697747007282028,0.18399154485006333,0.5839482928558049,0.4222022830941858,0.1682256817509333,0.7884005732401096,0,0,0,0,0,0,0,1,0,1,0
700,Hufflepuff,Nicolas,Prescott,0.8,1,0.5251921500703648,0.8493888474696698,0.7380065101621999,0.15061115253033022,0.6932672317287703,0.15807435578972207,0.2735595451356575,0.515835112104053,0.822146004994693,0.5912099586901433,0.4139300624023309,0.39185132947678336,0.5244278455725887,0,0,0,0,0,0,0,0,0,0,0
701,Hufflepuff,Kay,Barry,1.0,0,0.5640861079751944,0.7885471694805173,0.693269630183114,0.21145283051948283,0.6516871901487287,0.20542720773839138,0.2725368721932386,0.5005267703855872,0.8059236777136598,0.546096592197335,0.6513550319743916,0.3800930243526391,0.49116254831285017,0,0,0,0,0,0,0,0,0,0,0
702,Ravenclaw,Andrea,Ladd,1.0,1,0.4921748140358474,0.29627073379321783,0.7415178288586287,0.7037292662067823,0.7180553334399489,0.8403897375695547,0.6574723595337576,0.6822124354442002,0.829262409225243,0.6895527660519639,0.5384908770594827,0.8693953360931462,0.3719112346375994,0,0,0,0,0,0,0,0,0,0,0
703,Ravenclaw,Princess,Crisp,0.8,1,0.39845815999876283,0.31691315069573744,0.7735941580942421,0.6830868493042628,0.7496668265899036,0.7638777125600696,0.6246790354176163,0.5792542395727434,0.7457091497876985,0.5696503492451974,0.3635546042951768,0.8580620637728879,0.48729752030225393,0,0,0,0,0,0,0,0,0,0,0
704,Gryffindor,Blaine,Bullard,0.8,0,0.5590059230162535,0.3150854809004291,0.663024368810439,0.684914519099571,0.8321872168026014,0.639238189295493,0.7250495736730986,0.5856611952969716,0.7576403874346297,0.6494931694309027,0.6848301514673297,0.8205317233367716,0.4466061579884484,0,0,0,0,0,0,0,0,0,0,0
705,Hufflepuff,Tommy,Hendrickson,0.8,1,0.47470732876606403,0.7986719250842821,0.8108794762881765,0.20132807491571783,0.6489684951223412,0.35887941541997576,0.14552061827149815,0.6408731590641905,0.66294587880112,0.3866548402080475,0.43971671353944797,0.451724527087841,0.44480392582620404,0,0,0,0,0,0,0,0,0,0,0
706,Hufflepuff,Michael,Eller,0.6,0,0.707475681610813,0.7072284296862663,0.5754927448776805,0.2927715703137338,0.7913001759155606,0.18612239047356763,0.3185045696359346,0.6285290568070186,0.8586685003147629,0.5839482928558049,0.597582511128367,0.4375956955462508,0.31080905024536415,0,0,0,0,0,0,0,0,0,1,0
707,Slytherin,Arleen,Oneill,0.4,1,0.5371387037409338,0.22602093765274645,0.18850851641516223,0.7739790623472537,0.6333445105435446,0.3129071282022682,0.2419774134710245,0.6968327491934516,0.7502769317381426,0.8308698482780278,0.2702214947275064,0.2972236992002986,0.21531245928692405,0,0,0,0,1,0,0,0,0,0,0
708,Gryffindor,Alina,Gilbertson,0.4,1,0.5722327315671748,0.7132675537257812,0.19463939125474589,0.28673244627421896,0.6570712724558878,0.2221349865464492,0.6555321609037146,0.22488705173526433,0.2626300067118091,0.45702413909775835,0.40629818001780943,0.17251166313595553,0.7352672949146655,1,0,0,0,0,0,0,0,0,0,0
709,Gryffindor,Daisy,Starnes,0.6,0,0.47872817530890927,0.8175212351479173,0.09268136386699122,0.1824787648520827,0.5763100378484993,0.20055993522556106,0.5831286490386832,0.2597975278222502,0.04658042264417778,0.48094451729749477,0.4451573299262645,0.06224961946369483,0.8268988578625093,0,0,0,0,0,0,0,0,0,0,0
710,Ravenclaw,Gustavo,Mack,0.6,1,0.419188716886009,0.2735031881956742,0.7010038208100996,0.726496811804326,0.7141105602644064,0.5957743340236955,0.6761763171599049,0.6648594909925705,0.7304185053506446,0.7620316935775657,0.5451086195259354,0.8326836189437741,0.4860815564337517,0,0,0,0,0,0,0,0,0,0,0
711,Ravenclaw,Paris,Mahoney,1.0,0,0.7307965915593152,0.2342664498344766,0.7462749357454627,0.7657335501655236,0.778346393731009,0.753007887269176,0.6637708530183175,0.6462154402390777,0.649551766371927,0.4145431559492602,0.49479128269444433,0.8397179960685875,0.34876449385503977,0,0,0,0,0,0,0,0,0,0,0
712,Gryffindor,Young,Duke,0.2,0,0.3823515766357886,0.7361207173538667,0.25670946385489074,0.26387928264613336,0.834692680846527,0.3535893235881133,0.634801335811148,0.1912121653407352,0.6419646504520408,0.35923933898777516,0.46372647512169224,0.3212099791189304,0.8190385199982629,0,0,0,0,0,0,0,0,1,0,0
713,Ravenclaw,Marybeth,Powell,0.8,1,0.7486120347029986,0.12765382045831383,0.6336419598882277,0.8723461795416864,0.6661335892105122,0.7767683079935727,0.605023172203904,0.6102408267844037,0.7183709772544499,0.406944208094954,0.515994340187591,0.7885551635870968,0.2696834151213792,0,0,0,0,0,0,0,0,0,0,0
714,Slytherin,Alton,Ernst,0.8,1,0.6772265437731005,0.26040639015241546,0.21075848125706848,0.7395936098475846,0.10027186950263875,0.25523736985558626,0.20466078297493248,0.6459015074266162,0.787709133770418,0.7657264105858762,0.3857097362525047,0.21516429454941763,0.19479306900594953,0,0,0,0,0,0,0,0,0,0,0
715,Slytherin,Murray,Bagley,0.4,0,0.711156302676956,0.24497080284885064,0.07221116144634264,0.7550291971511495,0.16807932192547578,0.24684884041820232,0.15690689698709598,0.7371368714408403,0.8544228753086418,0.8204278688035472,0.3926090844362587,0.205817783889067,0.04108220784296693,0,0,0,0,0,0,0,0,0,0,0
716,Hufflepuff,Bobby,Benefield,0.6,0,0.40086293552727215,0.8443692541108448,0.6643216438133633,0.15563074588915524,0.7511594434671358,0.37202116170194216,0.21853213429527296,0.5697747007282028,0.6663158310398797,0.4589908076368775,0.6519787018018809,0.436248448237237,0.47214139922699444,0,0,0,0,0,0,0,1,0,0,0
717,Hufflepuff,Lorna,Metzler,0.2,0,0.6731515704498708,0.6978374283285941,0.6365186789492271,0.30216257167140603,0.7361266592035823,0.22917470394105668,0.27079546094266105,0.678592444461495,0.8008741357554491,0.5645415287654583,0.38819767667755134,0.45184440093675704,0.3128501324532071,0,0,0,0,0,0,0,0,0,0,0
718,Ravenclaw,Sherman,Dallas,1.0,0,0.43497827196387423,0.2142891064288698,0.6371460460229182,0.7857108935711304,0.6871901487286103,0.6966205530217013,0.6012269737491882,0.6532959254178801,0.8529991032719672,0.720129021233265,0.48750406085087045,0.8318214817306081,0.36361662396317374,0,0,0,0,0,0,0,0,0,0,0
719,Gryffindor,Nelly,Bender,1.0,0,0.6882684069715294,0.6972954218995698,0.5220189465058446,0.3027045781004303,0.6253531638147023,0.20244980440583682,0.685369256100132,0.15263130945071146,0.1760395424145861,0.38231208778949605,0.5823061188350726,0.1437194805953158,0.8073131541234204,0,0,1,0,0,0,0,0,0,0,0
720,Gryffindor,John,Coombs,0.4,0,0.7124012186257984,0.7200031876522611,0.32814787416815727,0.27999681234773893,0.8446612292766138,0.3357193769408404,0.7276180874865819,0.12851599706340924,0.22928846708018025,0.2306090442800263,0.6201893899497201,0.29438041502740847,0.7851218135232555,0,0,0,0,0,0,0,0,0,0,0
721,Ravenclaw,Rosalinda,Ketchum,0.4,1,0.6776750228105717,0.1919353941452554,0.8067912520421774,0.8080646058547449,0.7387920464843543,0.7220895507119128,0.6927602246515269,0.7547815093749047,0.7556788671113462,0.6242234603467991,0.4051813262393707,0.9096372959828509,0.33087245407565036,0,0,0,0,0,0,0,0,0,0,0
722,Slytherin,Mckinley,Padilla,0.4,0,0.5366206331286826,0.2038925894017883,0.16480740934478558,0.7961074105982119,0.22714430406738098,0.20392812208375996,0.20398922080399626,0.7705759317551892,0.8144320412791454,0.8932425612301323,0.6418198303691849,0.3250108504081049,0.14676249620011292,0,0,0,0,0,0,0,0,0,0,0
723,Hufflepuff,Maria,Strain,0.2,0,0.49513632216259684,0.7822164345325607,0.7121943048411089,0.21778356546743935,0.7618743003358389,0.276656309856762,0.36717466085448697,0.7469763424563273,0.6806142652203497,0.7054050919685968,0.10177628170325469,0.5158123993915917,0.45533504147305337,0,0,0,0,0,0,0,0,0,0,0
724,Slytherin,Helga,Joiner,0.2,1,0.5453041151817887,0.21733580783721915,0.15024719759316046,0.782664192162781,0.26605895836665067,0.27292393147318394,0.2504564260569639,0.8162551020014985,0.6998539061598333,0.5839482928558049,0.6221067642615976,0.3446785836806498,0.15197376992226516,0,0,0,0,0,0,0,0,0,1,0
725,Hufflepuff,Jacquelyn,Crawford,0.8,0,0.4328054683512983,0.7696004996663363,0.8474516980084585,0.23039950033366377,0.7100591715976331,0.33721699008952816,0.22002713217722514,0.6728851747634274,0.6260140711985362,0.4406929856094316,0.699447117248674,0.5260025187545028,0.4921179484952447,0,0,0,0,0,0,0,0,0,0,0
726,Slytherin,Latanya,Pinkston,0.8,1,0.49369036388661214,0.24860225938096778,0.33218753992058075,0.7513977406190323,0.10368356522202678,0.24480528096640683,0.23816211790664646,0.4097271978857252,0.976615367711964,0.776041332039009,0.5908301466373824,0.2793069101799567,0.37076041169062407,0,0,0,0,0,0,0,0,0,0,0
727,Ravenclaw,Bryant,Swearingen,0.2,0,0.6724015279216863,0.2162998332824197,0.5220189465058446,0.7837001667175805,0.7581960658883736,0.728393768401898,0.7284969756109682,0.6648645505359884,0.7005953478467891,0.5637682630461953,0.4316063895462654,0.8783869977019039,0.39438485256438094,0,0,1,0,0,0,0,0,0,0,0
728,Gryffindor,Ruby,Delagarza,0.4,1,0.6105964771198367,0.7214545636070774,0.24629986192840905,0.2785454363929227,0.7368196598965829,0.2666447472351124,0.6251263419969826,0.14821491238474835,0.218135267436518,0.2879274362761522,0.6495371416286783,0.21370868352686276,0.7806053762973901,0,0,0,0,0,0,0,0,0,0,0
729,Ravenclaw,Myron,Lange,0.2,1,0.5368216754558248,0.3238055680441197,0.6989374230076641,0.6761944319558805,0.8302148302148303,0.739630727930298,0.6773590365530264,0.682683824361083,0.8444357374180349,0.6996504254566617,0.5586942063025251,0.8678114291714,0.35395405393668306,0,0,0,0,0,0,0,0,0,0,0
730,Ravenclaw,Dennis,Rupert,0.6,1,0.6179731840465181,0.339069836344415,0.7348461903909204,0.6609301636555851,0.8764326456634148,0.721821041871237,0.7772673138082996,0.6190528065201236,0.7664822957190335,0.6422894667661564,0.29672386608879303,0.8719034226650852,0.4312763277891172,0,0,0,0,0,0,0,0,0,0,0
731,Ravenclaw,Sonya,Ford,0.8,0,0.6599446360360639,0.21685606590678844,0.7475657809961079,0.7831439340932118,0.7065941681326297,0.7274010553236668,0.7181936012410134,0.7733845307239072,0.7940847074514032,0.7429848164909548,0.4585844023613711,0.8790624461339704,0.32212185695053636,0,0,0,0,0,0,0,0,0,0,0
732,Slytherin,Waldo,Osborn,0.8,0,0.6314584847594451,0.2914088950174629,0.3095099646501085,0.7085911049825372,0.21936137320752705,0.34097619962695885,0.37811710789055664,0.5478467699313996,0.6615985212940099,0.6964977717522662,0.5969960040151738,0.3085943092767767,0.3691753159334695,0,0,0,0,0,0,0,0,0,0,0
733,Hufflepuff,Lauri,Holbrook,1.0,1,0.7204429117114888,0.7011130417861284,0.610871190238824,0.29888695821387173,0.705901167439629,0.2885330482091684,0.3621538966400357,0.5222281228010596,0.7548497493554623,0.48767299665451597,0.5527863002898921,0.40759915981626393,0.4059365093151518,0,0,0,0,0,0,0,0,0,0,0
734,Slytherin,Johnny,Iverson,0.4,1,0.4174257303249153,0.1628345938199333,0.27252316023872375,0.8371654061800669,0.31451569913108374,0.2841544252764879,0.2601534161829448,0.7013038421118046,0.7313897440196794,0.7739396208520352,0.3401699651238403,0.4447979522065486,0.2634081730142876,0,0,0,0,0,0,0,0,0,0,0
735,Gryffindor,Carter,Costa,0.6,0,0.5722327315671748,0.5075954586018546,0.2712496008907742,0.2502768844596253,0.7221067221067221,0.1934556324825492,0.7315288422416808,0.1756275010179524,0.26444524972884204,0.5033300545539954,0.6948243891280301,0.22827854976786036,0.851261562513571,1,1,0,0,0,0,0,0,0,0,0
736,Gryffindor,Mercedes,Cullen,0.2,1,0.6850517297372531,0.7206992978629705,0.16296297294899334,0.2793007021370297,0.5598912521989445,0.11609798534188702,0.6574994268478812,0.10383888282806789,0.04747115059260592,0.31881716129710336,0.486624183837404,0.053693939324181116,0.8797498588613367,0,0,0,0,0,0,0,0,0,0,0
737,Slytherin,Luella,Pease,0.2,1,0.6000649521364614,0.26041038406145706,0.21849355022737324,0.7395896159385431,0.17468948238179008,0.40498099541182364,0.36531426038676623,0.5973800810518514,0.6419646504520408,0.753620816489005,0.729141158754168,0.2934374261316009,0.31267642332913537,0,0,0,0,0,0,0,0,1,0,0
738,Hufflepuff,Vickie,Sharpe,0.8,0,0.7664120130522865,0.643887757038024,0.6969352063700465,0.3561122429619761,0.784903246441708,0.19823563964834778,0.22087848977442345,0.5225318233141012,0.6419646504520408,0.3254838628128715,0.49545332912964324,0.4604831786389856,0.3114821731011421,0,0,0,0,0,0,0,0,1,0,0
739,Gryffindor,Flor,Vick,0.8,0,0.4671914386898226,0.6444824640144288,0.0855972433318666,0.3555175359855713,0.6266858574550882,0.3008496330826906,0.554981135217205,0.2517168239468597,0.1949213104098332,0.419521777035049,0.6142816011437698,0.18402825541720377,0.7092109263039041,0,0,0,0,0,0,0,0,0,0,0
740,Hufflepuff,Garry,Sonnier,0.2,1,0.4559408007670538,0.8091084994632164,0.573526888763884,0.19089150053678358,0.7411375872914334,0.33241042228145123,0.36249991699089695,0.7489953356831639,0.6673114428422213,0.7570757545229225,0.5347722930580029,0.4571143585289261,0.4230902853172363,0,0,0,0,0,0,0,0,0,0,0
741,Hufflepuff,Jimmie,Gall,0.8,0,0.5614338957363562,0.7126829811538745,0.6614632479766442,0.2873170188461257,0.802068340529879,0.3955723885441402,0.2898480299304518,0.6233181882794013,0.771183134089868,0.5338360253153697,0.7279150490649681,0.49431932708941295,0.39449342076692584,0,0,0,0,0,1,0,0,0,0,0
742,Hufflepuff,Hassan,Hoyle,1.0,1,0.5691121661537509,0.7983765626231115,0.6988170848174089,0.20162343737688854,0.6814862199477585,0.23149048163101096,0.23110778037538607,0.4477672833215169,0.8045220226013461,0.4320880899519236,0.34503211541063095,0.3741619358138708,0.4846267425196509,0,0,0,0,0,0,0,0,0,0,0
743,Ravenclaw,Robt,Spence,0.2,0,0.5747877456969209,0.10203887855041095,0.7602414068528424,0.8979611214495891,0.594274748120902,0.7332401228642067,0.6238146343255481,0.7404258589033282,0.7143687143243518,0.616599584528232,0.4815446241560301,0.8776301361171771,0.34789594823468106,0,0,0,0,0,0,0,0,0,0,0
744,Gryffindor,Rosalba,Timmerman,0.4,1,0.5743856610426364,0.8883942240464087,0.3688365867229341,0.11160577595359145,0.7993496455034917,0.14629061865766926,0.6812922432145121,0.06823149454461708,0.14410631604028515,0.2850629112159646,0.7300698592458721,0.18540947166232769,0.9662570026490642,0,0,0,0,0,0,0,0,0,0,0
745,Ravenclaw,Cindi,Connor,0.6,1,0.6837836165968173,0.21790071209866438,0.572412605773553,0.7820992879013359,0.7247188016418786,0.7646074353903952,0.7015587457352863,0.7801708452654317,0.8123841771115324,0.7641935019467715,0.6105445899887475,0.8205463215572483,0.22910062101011858,0,0,0,0,0,0,0,0,0,0,0
746,Ravenclaw,Sung,Poindexter,0.8,1,0.9723025532375547,0.25509710749375747,0.568972881827727,0.7449028925062428,0.8234447465216695,0.717709747478905,0.7759603579217738,0.7295067483875156,0.6465696974044004,0.5391664273170105,0.5166477910173458,0.7642541797231842,0.22239110609284754,0,0,0,0,0,0,0,0,0,0,0
747,Slytherin,Alva,Morrow,0.4,0,0.4839398110202125,0.16824084608993775,0.27543821692703485,0.8317591539100625,0.2950583719814489,0.21641616253731782,0.22618755852855424,0.797712949510475,0.6752333308031604,0.7848610343582253,0.589056831599637,0.42018310660238156,0.21648499587440834,0,0,0,0,0,0,0,0,0,0,0
748,Hufflepuff,Malcolm,Mcqueen,0.2,1,0.3809056183598039,0.8744915271882527,0.6935809020324564,0.12550847281174732,0.7234927234927234,0.42043277133457235,0.1530379473262054,0.8582583409725157,0.6109878549836951,0.5846163120016628,0.5883573015051556,0.4723091409003402,0.35082728970339166,0,0,0,0,0,0,0,0,0,0,0
749,Ravenclaw,Corinne,Ashworth,0.4,1,0.4506209114949817,0.2642365779705894,0.655806148582731,0.7357634220294107,0.7098992483607868,0.5936297456240275,0.546561981924911,0.755351964832634,0.6943274754474665,0.673175542224965,0.33053608573386944,0.802986065998555,0.3663091153862857,0,0,0,0,0,0,0,0,0,0,0
750,Hufflepuff,Renate,Goff,0.4,0,0.6855852651439,0.7080964979982716,0.772258607870376,0.29190350200172865,0.757396449704142,0.26458805622982595,0.26168452485932914,0.7191677037294635,0.7325715453489661,0.4742475013789285,0.659011194406141,0.5099492487250423,0.33732140530681376,0,0,0,0,0,0,0,0,0,0,0
751,Ravenclaw,Colin,Lash,1.0,0,0.5075700168566258,0.29429475328044036,0.7812671246177034,0.7057052467195598,0.7971107201876432,0.7468725047692911,0.7340525508669717,0.7006045793121606,0.8485405121642896,0.7692097211231209,0.6980266465665065,0.9203434062926179,0.40854214617622797,0,0,0,0,0,0,0,0,0,0,0
752,Hufflepuff,Granville,Allen,0.8,0,0.6139678022980685,0.6723066920609012,0.7164847531411466,0.327693307939099,0.7196545658084119,0.3860814731779951,0.15819241089679492,0.8208922203975453,0.6602455277626871,0.4144211154589301,0.511795171951926,0.5176133144754272,0.24332305554349246,0,0,0,0,0,0,0,0,0,0,1
753,Hufflepuff,Megan,Eubanks,0.4,0,0.43103474939300684,0.7305568464765176,0.8838892867405065,0.2694431535234824,0.5498160882776267,0.4016746811492581,0.26630613217488935,0.6139072155927054,0.5490045682601905,0.4309043932730669,0.49925277332946555,0.4910594321629123,0.5831198158683285,0,0,0,0,0,0,0,0,0,0,0
754,Gryffindor,Leanna,Mclain,0.6,0,0.6000726845336591,0.588038021910541,0.21248270711066644,0.41196197808945895,0.6723705954475185,0.07917004313478357,0.6950314220046874,0.18422791791590018,0.35542225132151434,0.549231630643312,0.6893553578298947,0.2436209987540985,0.784057845138316,0,0,0,0,0,0,0,0,0,0,0
755,Gryffindor,Kimberley,Sharpe,0.0,1,0.49766481604627066,0.6240601306484258,0.1603263332112528,0.37593986935157425,0.6527533450610374,0.019521589592365957,0.614227267556259,0.064913994716588,0.0,0.24880424851604513,0.24555122762442186,0.13917718814691912,0.9457376123680897,0,0,0,0,0,0,0,0,0,0,0
756,Hufflepuff,Ora,Farley,0.8,0,0.5491239193974916,0.7711043595562224,0.6400254938916621,0.2288956404437777,0.7623540700463778,0.2529256130197327,0.17927199677496444,0.5602943041490208,0.8023032810249027,0.43317979936214707,0.5463972438158279,0.41829684807575795,0.3727146393364312,0,0,0,0,0,0,0,0,0,0,0
757,Ravenclaw,Joseph,Vo,1.0,1,0.4928398001948564,0.5075954586018546,0.5913693662255625,0.8127999999840633,0.741084279545818,0.8629386676150436,0.6759872416908591,0.7472129255859292,0.9684388470224289,0.8379217131147088,0.4275026485520396,0.9052496885245074,0.23353020367394797,0,1,0,0,0,0,0,0,0,0,0
758,Hufflepuff,Marcie,Penny,0.8,0,0.7220203207398358,0.6046278444381409,0.7030479159518281,0.39537215556185923,0.7287701903086518,0.21708913478572175,0.23325818962925765,0.6322333370172738,0.8170997314047884,0.427027844600339,0.49197220233005207,0.49025596856666265,0.29897511616797673,0,0,0,0,0,0,0,0,0,0,0
759,Gryffindor,Mellissa,Mcgrew,0.6,0,0.6776131636329895,0.7464211073481805,0.38234306333760676,0.2535788926518196,0.7145370222293299,0.05468367957636344,0.8943814367386367,0.053056669362382014,0.32770559115209946,0.5918346086335697,0.1048903944544031,0.23943608197237742,1.0,0,0,0,0,0,0,0,0,0,0,0
760,Hufflepuff,Alaina,Lemay,0.6,0,0.40945362881400493,0.8923397932216024,0.6039459972709907,0.10766020677839767,0.9260088490857723,0.34607339376378926,0.09725168141625214,0.8184048363929619,0.7260262162214948,0.5057177639107078,0.48543677388871515,0.48892528462318974,0.2512051070482477,0,0,0,0,0,0,0,0,0,0,0
761,Slytherin,Angelica,Mcclary,0.8,1,0.5758934784962034,0.19118425835550584,0.36429685568029374,0.8088157416444943,0.20837997761074684,0.2071223339979356,0.2254073028626611,0.6163105711087515,0.7314563759158507,0.6599787129219713,0.4526967712284553,0.3554394373172068,0.29769401137794765,0,0,0,0,0,0,0,0,0,0,0
762,Ravenclaw,Paulette,Royster,1.0,0,0.41152591126300975,0.21704611884093405,0.6884930867778605,0.7829538811590662,0.6713577482808253,0.581908541606264,0.6032956082233927,0.7640226519471625,0.7094064623598015,0.7660923463312546,0.5981541345021563,0.841064120437565,0.4120380422981717,0,0,0,0,0,0,0,0,0,0,0
763,Hufflepuff,Olive,Mcgill,0.6,0,0.5018016485470825,0.7998370011953624,0.766970971488813,0.20016299880463784,0.6545658084119622,0.30650342025186816,0.2564746998969462,0.6271494552794313,0.6790140954387869,0.5220130402315395,0.48903896975552635,0.44257958416407495,0.4875797976288705,0,0,0,0,0,0,0,0,0,0,0
764,Hufflepuff,Edwina,Bowlin,0.2,1,0.387068338926434,0.8646615869999218,0.7969164805886507,0.13533841300007823,0.6334559411482489,0.3320630502793145,0.11958979453051295,0.8331264155928895,0.662110770455698,0.6025681683521913,0.38413282695262646,0.4582878308672641,0.39851044426108484,0,0,0,0,0,0,0,0,0,0,0
765,Hufflepuff,Wiley,Wayne,0.2,0,0.5609312899185005,0.6753908841204077,0.6507174363858773,0.3246091158795923,0.7761607761607761,0.2170731165502517,0.26583006513672264,0.5701993338506743,0.8069258989164871,0.49787487372921374,0.4263175117536111,0.4826222221972683,0.39479741173405136,0,0,0,0,0,0,0,0,0,0,0
766,Gryffindor,Ricardo,Miles,0.6,0,0.5797983390810819,0.7732742171920982,0.1774166230190233,0.22672578280790195,0.6816461431846047,0.3955723885441402,0.672654518728967,0.27003596048010814,0.20113817383647736,0.5051116924317319,0.35859061156340144,0.18236153166775187,0.7608242497937204,0,0,0,0,0,1,0,0,0,0,0
767,Slytherin,Herb,Foote,0.4,0,0.6711102175896572,0.2744177889777852,0.18034633554659177,0.725582211022215,0.24836078682232526,0.3053456127289307,0.2915960767652361,0.7742480857303465,0.618188120785869,0.7735614823224357,0.4676699857644408,0.2927434491889286,0.18217744387023932,0,0,0,0,0,0,0,0,0,0,0
768,Hufflepuff,Ivan,Arellano,0.8,0,0.5874611447040812,0.7192535823368582,0.7226312982997498,0.2807464176631419,0.628231782077936,0.3629595858091049,0.18743424259762026,0.8016094065104479,0.6707855505201917,0.522401259129128,0.38466238725895147,0.46527644818558156,0.30792113605767146,0,0,0,0,0,0,0,0,0,0,0
769,Slytherin,Orval,Street,0.6,0,0.574192351112692,0.2498891050910223,0.3681278290499325,0.7501108949089778,0.2303960765499227,0.2873437786555277,0.3502838145080911,0.618537550885568,0.6076370700798953,0.6960035084268954,0.3855710048672601,0.3625720716952303,0.382268641160377,0,0,0,0,0,0,0,0,0,0,0
770,Ravenclaw,Latisha,Frias,1.0,0,0.645616504028579,0.23843784109064003,0.8193649460483757,0.7615621589093601,0.7111253265099419,0.5581083597668899,0.5826462115669082,0.5164346707595988,0.5183604070383014,0.26400395221706846,0.7094099759048236,0.773145899668677,0.5200851174707951,0,0,0,0,0,0,0,0,0,0,0
771,Gryffindor,Denny,Romano,0.2,0,0.7543494734237508,0.6960355345368496,0.20800566952615887,0.3039644654631505,0.607548376779146,0.05161077060137191,0.6572476597695555,0.14721381468522698,0.21078023921859917,0.39999045502774366,0.6534657626712992,0.10203145467336718,0.8032744169887523,0,0,0,0,0,0,0,0,0,0,0
772,Ravenclaw,Marlin,Quinonez,0.2,1,0.611323322456428,0.2886566378462643,0.6803678465027666,0.711343362153736,0.7633136094674556,0.6857128369418565,0.7324318535399499,0.6082199491925303,0.7347959084812322,0.6415115160134458,0.6727263856462438,0.8109471493886437,0.42938724106483694,0,0,0,0,0,0,0,0,0,0,0
773,Hufflepuff,Victoria,Nelson,0.8,0,0.6190943816401961,0.6981757035889887,0.8321922222880458,0.30182429641101133,0.6679993603070526,0.2981726086609591,0.45908157018511264,0.6309608416523695,0.6566647992780819,0.47648428793329795,0.8766160435708154,0.5071724987493261,0.485234724453902,0,0,0,0,0,0,1,0,0,0,0
774,Gryffindor,Huey,Marquardt,1.0,0,0.7276649706942147,0.7150643423762516,0.5220189465058446,0.28493565762374845,0.7584092968708354,0.1696837669325183,0.7056618471729132,0.0,0.11179932779991034,0.12476518731704216,0.608727899219421,0.19357633381413897,0.9151865201719721,0,0,1,0,0,0,0,0,0,0,0
775,Gryffindor,Trinidad,Bartholomew,0.2,0,0.4579048296552897,0.7788003501170764,0.2118496349423671,0.2211996498829236,0.6567514259821953,0.3076640517147264,0.7773248780695421,0.2373632524080952,0.28616298595504924,0.6986793130078257,0.21306363118901114,0.23111397336049364,0.8603595778868286,0,0,0,0,0,0,0,0,0,0,0
776,Slytherin,Jean,Walton,0.4,1,0.5569491053616442,0.20655112934692071,0.22064206127260366,0.7934488706530792,0.17191747960978723,0.1950793938269507,0.15279623379607413,0.7522523855526349,0.7983212907061568,0.8200692746241827,0.70497671732174,0.3021969198877741,0.15798844834324927,0,0,0,0,0,0,0,0,0,0,0
777,Hufflepuff,Norberto,Green,0.2,0,0.5643722066715123,0.7554550995408733,0.6179031019742655,0.24454490045912672,0.7891145583453276,0.24725549304505506,0.18459903732236022,0.6796935639653294,0.8157142053562585,0.5260416392788212,0.5227041728831453,0.4508258943234823,0.2986276979198333,0,0,0,0,0,0,0,0,0,0,0
778,Slytherin,Hilario,Hollenbeck,0.2,1,0.7633113217759769,0.33553396580884287,0.18267778210834246,0.6644660341911572,0.03710219094834478,0.3665020205450504,0.30645678506859847,0.5076215151717401,0.6419646504520408,0.7449243491748095,0.6343267080520749,0.13192776800507985,0.26788118295913493,0,0,0,0,0,0,0,0,1,0,0
779,Ravenclaw,Lindsey,Reichert,0.6,0,0.6111764069096701,0.226190553149326,0.6744074698525357,0.7738094468506743,0.7194946425715656,0.6710078116111843,0.7261474772401633,0.6823643975417784,0.711815458658508,0.6881693834805175,0.3432935257323393,0.8292878482728344,0.3977938941242889,0,0,0,0,0,0,0,0,0,0,0
780,Slytherin,Lowell,Champion,0.4,0,0.8472851553438597,0.38096871764706863,0.09055387129386477,0.6190312823529315,0.10048510048510047,0.3135554393770184,0.2823131675494027,0.6484098275546242,0.7581464717274714,0.8133134187610697,0.34221131404682636,0.09997787808127688,0.14665392799756807,0,0,0,0,0,0,0,0,0,0,0
781,Ravenclaw,Lisette,Vo,0.2,0,0.5399300991293321,0.30282099131444584,0.5220189465058446,0.6971790086855544,0.7237059544751853,0.7375632740568585,0.6541274144298732,0.6401525777919898,0.8038151757195473,0.6581862599773775,0.6853129434973076,0.8223831707222587,0.39431971164285406,0,0,1,0,0,0,0,0,0,0,0
782,Ravenclaw,Peter,Holtz,0.6,1,0.5614725577223451,0.18674640882479632,0.7903467550918762,0.8132535911752038,0.6646942800788955,0.8447764122479774,0.6421835564826996,0.6026862485277628,0.7716499551069347,0.5104922880017068,0.5997290888929738,0.8783768912415736,0.3928866113692622,0,0,0,0,0,0,0,0,0,0,0
783,Slytherin,Noble,Ulrich,0.6,0,0.41267803844547885,0.1433465880108932,0.3866155136348625,0.8566534119891069,0.28173143557758945,0.19285610315920051,0.1969826883839432,0.744298012911862,0.6756970497481007,0.7152452325710177,0.511795171951926,0.4630825040889056,0.2916141920354367,0,0,0,0,0,0,0,0,0,0,1
784,Hufflepuff,Kyla,Binder,0.4,0,0.5376645067503828,0.7616083461825636,0.7260288538013905,0.23839165381743654,0.7273841889226504,0.3164384797412374,0.21760803640632334,0.4989285684299461,0.7100295508806179,0.3354806883153408,0.511795171951926,0.4382340869571078,0.46606157988448343,0,0,0,0,0,0,0,0,0,0,1
785,Hufflepuff,Asia,Bledsoe,0.8,0,0.4738799622659017,0.7860965980372979,0.6646630332305532,0.21390340196270222,0.8246175169252092,0.17064265351626434,0.3155803967334326,0.8999155105883166,0.7791450256018942,0.8687384840099024,0.5567796613335633,0.5417357508735058,0.3413167151604638,0,0,0,0,0,0,0,0,0,0,0
786,Ravenclaw,Carrol,Baum,0.6,0,0.6066684193433648,0.20254830814512068,0.7137088781053752,0.7974516918548794,0.7184817954048724,0.7286593251188795,0.6818019437161887,0.6663811554206537,0.6634965817020946,0.5573258653346561,0.38674218734100946,0.8481046737325797,0.3929517522907891,0,0,0,0,0,0,0,0,0,0,0
787,Slytherin,Carmella,Brice,0.8,0,0.4865456288758641,0.24172370324446288,0.28032856969433023,0.7582762967555373,0.22085399008475934,0.22026085296110048,0.27005639474080073,0.694179873415145,0.7646356777223016,0.8680222390286947,0.3918756028841964,0.35298693627708383,0.28733660485517,0,0,0,0,0,0,0,0,0,0,0
788,Ravenclaw,Brianne,Redmond,0.4,0,0.6525679291093824,0.24018353496724215,0.646737071196945,0.759816465032758,0.7290900367823444,0.8153369685123799,0.7716739142112998,0.5118563726318285,0.7413471592768273,0.5542589467567246,0.34845314375335856,0.80512947779358,0.4293003865028011,0,0,0,0,0,0,0,0,0,0,0
789,Gryffindor,Carrol,Owen,0.6,1,0.3884524380248365,0.856327790870049,0.30469705645767653,0.1436722091299512,0.844074844074844,0.33290614295433596,0.6831856017202329,0.21528320299323137,0.25297294188101,0.48017300036566196,0.3622883784117263,0.3003421036821765,0.8622486646111088,0,0,0,0,0,0,0,0,0,0,0
790,Ravenclaw,Lona,Nickel,0.4,0,0.5499667506920496,0.23164415061813157,0.7407711963154227,0.49291427683210426,0.7390585852124314,0.8751718238404094,0.7014106891192874,0.6544471877036717,0.8510485365866275,0.6531258468660863,0.6273109143604254,0.9050826511940507,0.351978112650367,0,0,0,1,0,0,0,0,0,0,0
791,Hufflepuff,Lynn,Redman,0.2,1,0.4899633484372825,0.762956219693622,0.6671944128403928,0.23704378030637802,0.7550509088970628,0.40342238804607045,0.18281092477715405,0.8333617804584154,0.6398899711902797,0.5198202161959256,0.44114600585317193,0.5048460477283206,0.2940244061319321,0,0,0,0,0,0,0,0,0,0,0
792,Gryffindor,Aubrey,Box,0.2,1,0.5894715679755038,0.7616675488852784,0.3616376088826659,0.23833245111472162,0.7934324857401781,0.2109133041494189,0.7683599333465201,0.16007109589215007,0.42483429201210665,0.5605317369671217,0.7676094221621994,0.305916939494307,0.8412950015199548,0,0,0,0,0,0,0,0,0,0,0
793,Hufflepuff,Dortha,Borrego,0.6,0,0.44223899293258895,0.7462594121764553,0.7001342705254082,0.25374058782354475,0.6570712724558878,0.2921530346976523,0.3554213213249505,0.618071154865083,0.6802447338666036,0.6545049157161381,0.6605194384187085,0.4694332914663862,0.5331784426977028,0,0,0,0,0,0,0,0,0,0,0
794,Ravenclaw,Lynn,Fortney,0.6,1,0.6358040919845971,0.25694168424535313,0.840392753625975,0.743058315754647,0.7741350818273895,0.7425092570822738,0.7148042134941163,0.5546029938551552,0.7216448850126992,0.4699974042845232,0.46668112130923933,0.8782609476827856,0.4677986711252009,0,0,0,0,0,0,0,0,0,0,0
795,Gryffindor,Rosario,Tanaka,0.2,1,0.6305305970957116,0.6997498519085358,0.2089446647558696,0.3002501480914642,0.6679460525614372,0.2335696757932932,0.6536324274014033,0.12013897450837968,0.13925689128276647,0.28883111602161515,0.5054882091431208,0.16454524578069338,0.8268120033004733,0,0,0,0,0,0,0,0,0,0,0
796,Gryffindor,Benton,Pina,1.0,1,0.630445540726536,0.8127978140811273,0.2541357887985864,0.18720218591887278,0.7459352843968229,0.3725220779176626,0.6698573233166524,0.5697747007282028,0.19988595383691604,0.3526006613617031,0.6927062865006076,0.2088744266689275,0.7659703825943458,0,0,0,0,0,0,0,1,0,0,0
797,Ravenclaw,Larissa,Cowley,0.8,1,0.0,0.3573391805713335,0.7267281331988423,0.6426608194286667,0.772855695932619,0.7076831306683086,0.5733329321568507,0.6843457413983396,0.9346291505913541,0.9462236146305433,0.2893560651458089,0.934466342399016,0.5164589395057976,0,0,0,0,0,0,0,0,0,0,0
798,Ravenclaw,Andra,Moen,1.0,0,0.5010129440329091,0.2517290870803119,0.6290678775064227,0.7482709129196882,0.6364944826483289,0.7188563842833591,0.6237748147897418,0.6354280810296301,0.7160302367608757,0.6466283038454266,0.339098189527384,0.7681384293100828,0.4054153819429366,0,0,0,0,0,0,0,0,0,0,0
799,Ravenclaw,Simon,Alicea,0.8,0,0.5106707081329354,0.26152944186652843,0.6613848592068237,0.7384705581334717,0.7506796737565968,0.6595399737794323,0.6207907138026116,0.6290317604685322,0.728077769304873,0.594566868083478,0.6706755232590166,0.8112014953069533,0.4035697224996743,0,0,0,0,0,0,0,0,0,0,0
800,Slytherin,Candice,Buford,0.6,1,0.4318466510987736,0.22516191498908902,0.1516743055270213,0.7748380850109111,0.20560797483874407,0.21163838800467824,0.19852052338948414,0.7545582907805193,0.8903816099766172,0.9932221883995532,0.5417451670719575,0.3268423656079402,0.17225431015764103,0,0,0,0,0,0,0,0,0,0,0
801,Hufflepuff,Monty,Parker,1.0,0,0.5137868642036404,0.7915265411391076,0.794794497006138,0.2084734588608924,0.6529665760434992,0.3596050628008276,0.23581146238707973,0.7272777332402999,0.6263571048280665,0.5114473264437663,0.39191712857811417,0.47337733761023815,0.4381595518304599,0,0,0,0,0,0,0,0,0,0,0
802,Ravenclaw,Roslyn,Holman,0.4,0,0.5079179747305259,0.18641348508959846,0.6101861565916884,0.8135865149104017,0.658670504824351,0.7997109123168853,0.6536480502981707,0.6961499149691912,0.800667620091909,0.7193027261291565,0.5756003394105411,0.8363960587050594,0.32394580275328966,0,0,0,0,0,0,0,0,0,0,0
803,Ravenclaw,Freeman,Wasson,0.2,1,0.5205991061348839,0.27717873495258377,0.6136067362464406,0.7228212650474164,0.7942321019244096,0.7511732911358852,0.7208003960169447,0.7892351749187654,0.8958126727242903,0.8983001609034229,0.3217805425002061,0.8818869210612458,0.2874886003387328,0,0,0,0,0,0,0,0,0,0,0
804,Ravenclaw,Pam,Acosta,0.2,1,0.517830907938079,0.2710024498437885,0.6332836980486444,0.7289975501562116,0.7918865611173304,0.9255836629673829,0.6492668820447678,0.6554941035052843,0.888156448285901,0.6391186941995158,0.6334957871449922,0.8761885618450804,0.27936769878837886,0,0,0,0,0,0,0,0,0,0,0
805,Gryffindor,Dorsey,Carter,0.6,0,0.6137203655877395,0.7318196718002017,0.3072876177539414,0.26818032819979837,0.8191268191268191,0.23599045508326172,0.658484239335326,0.12756261790443427,0.22269672800146323,0.25924632165100653,0.4769504839997273,0.2628190623562994,0.8159986103270075,0,0,0,0,0,0,0,0,0,0,0
806,Slytherin,Dorothy,Brownlee,0.8,1,0.8786477583780523,0.373476565601323,0.08429055378769838,0.6265234343986771,0.04067380990457922,0.32904029489409387,0.28173840549926943,0.7009179944261446,0.6419646504520408,0.8187240419427554,0.6585256030677608,0.07609153982591077,0.1366873670039519,0,0,0,0,0,0,0,0,1,0,0
807,Hufflepuff,Bridgette,Handy,0.8,1,0.542172494316688,0.7658261226974795,0.590044551882198,0.23417387730252057,0.7769603923450077,0.1991115155126162,0.2831645866806655,0.693023755563853,0.8269912713610378,0.6965605485308597,0.4724021924435095,0.4497812793543551,0.35291179919225263,0,0,0,0,0,0,0,0,0,0,0
808,Gryffindor,Herman,Nall,0.6,0,0.6339019222739434,0.6306209917667589,0.27042829209105823,0.3693790082332412,0.7603816834586066,0.2181211696171613,0.6913047418583795,0.13038420163775483,0.2955307323189464,0.34643719919098814,0.6001675398145675,0.27804837513383984,0.7865549137968473,0,0,0,0,0,0,0,0,0,0,0
809,Ravenclaw,Floyd,Tinker,0.6,0,0.4754496388970509,0.26896934262949385,0.8470605682540566,0.7310306573705064,0.6542459619382696,0.5862519149948489,0.5858407034644312,0.7669558418935241,0.7168430401964401,0.7007949791978048,0.30383146853664483,0.855640443583774,0.4385938246406393,0,0,0,0,0,0,0,0,0,0,0
810,Slytherin,Evangelina,Cope,1.0,1,0.4258153812845058,0.16775761293883212,0.37667918346291246,0.8322423870611682,0.11125326509941898,0.20006785207325553,0.16912999565202874,0.5752676759580596,0.8515336289731388,0.75654361227777,0.4172228734647527,0.35340466997073056,0.33208841794415256,0,0,0,0,0,0,0,0,0,0,0
811,Hufflepuff,Nadine,Vieira,0.2,0,0.2495167251751388,0.8215715466546534,0.694651732426387,0.17842845334534674,0.6554187323418093,0.3825144761711373,0.34663520812519694,0.9038492259305013,0.553671362037205,0.8841064627514784,0.6092733999009492,0.5297755972777692,0.5031050505927824,0,0,0,0,0,0,0,0,0,0,0
812,Slytherin,Chanda,Hahn,0.2,1,0.44981674218641265,0.14600272253270294,0.27472414360575836,0.8539972774672971,0.2729889652966576,0.1792155317382596,0.149575999082751,0.7117008112132156,0.8417307855339274,0.7734525157622205,0.37697003202045853,0.4066643122357226,0.19218743214487344,0,0,0,0,0,0,0,0,0,0,0
813,Hufflepuff,Joni,Teal,0.4,0,0.4769574563506178,0.5075954586018546,0.6692517433300634,0.2646449813693366,0.7448158217388987,0.22774429826634726,0.3110164072280475,0.7822699108759509,0.7467737671523561,0.7484096202533745,0.46168004589593864,0.5139449501105815,0.3928214704477353,0,1,0,0,0,0,0,0,0,0,0
814,Slytherin,Rae,Farmer,1.0,0,0.6119651114238436,0.2984000402775733,0.24350502108202352,0.701599959722427,0.6333445105435446,0.2889145674203521,0.3297351270802426,0.6325670390326056,0.7217089989194602,0.8055664858646173,0.5244962133862163,0.28965536408804127,0.29204846484561603,0,0,0,0,1,0,0,0,0,0,0
815,Hufflepuff,Lorenzo,Mccombs,0.2,1,0.615699859270371,0.19952414363351886,0.7543606278463523,0.8004758563664812,0.7186950263873341,0.7273570515369204,0.727226663435514,0.696008282334819,0.772435497366739,0.6816995423765213,0.3614897153910519,0.88739606488123,0.38022755895253396,0,0,0,0,0,0,0,0,0,0,0
816,Slytherin,Darrel,Matney,0.8,0,0.4894143482362402,0.1207474944952258,0.2490046118233246,0.8792525055047744,0.23604669758515912,0.20215089124326122,0.13361707831936823,0.7146238337904856,0.6419646504520408,0.7409611573586156,0.6484768667140111,0.3849792171872716,0.1609632170929778,0,0,0,0,0,0,0,0,1,0,0
817,Ravenclaw,Marquita,Hills,0.8,1,0.5722327315671748,0.23369993541869694,0.7552492474109975,0.7663000645813032,0.7473745935284396,0.7381537272547954,0.7142069547119212,0.6390566482579442,0.648484520390823,0.4957414757072391,0.5593051482581971,0.8425545426012571,0.40105094020063403,1,0,0,0,0,0,0,0,0,0,0
818,Ravenclaw,Dewey,Clough,0.6,0,0.38771786029104743,0.2776042150733164,0.7443396254476071,0.7223957849266838,0.7294631910016526,0.674319049050081,0.6505211189402129,0.5285371417326429,0.789992250347869,0.6278271868043332,0.4659124911453719,0.8443846541260468,0.522234767881183,0,0,0,0,0,0,0,0,0,0,0
819,Ravenclaw,Juli,Trujillo,0.8,1,0.643126672130894,0.2607313917871118,0.7920262469498075,0.7392686082128883,0.792686177301562,0.7648772998293475,0.7543600642421733,0.6008582794895515,0.7385585455872118,0.5558207948278474,0.7264809765966924,0.8858980628722903,0.43533677856429415,0,0,0,0,0,0,0,0,0,0,0
820,Gryffindor,Sidney,Alcorn,0.2,0,0.16938589301455237,0.9617671822644729,0.6034176518406231,0.0382328177355271,0.8361319899781438,0.37833800394271855,0.3278722897065077,0.9047706849073021,0.5834975803155643,0.9062761076659083,0.5785345907231063,0.5201677223238799,0.48006687801276765,0,0,0,0,0,0,0,0,0,0,0
821,Hufflepuff,Alana,Kersey,0.4,0,0.45014150286871935,0.7294932546656844,0.6455037173143484,0.2705067453343158,0.7335145796684259,0.25891702193214255,0.39253536082584806,0.6714923336353505,0.7089779313107337,0.7341764876858285,0.5675689164477496,0.5017346616216718,0.488622052373301,0,0,0,0,0,0,0,0,0,0,0
822,Slytherin,Candi,Sykes,0.4,0,0.4947728994943012,0.25786395895789294,0.24401687309101014,0.7421360410421073,0.20800682339143878,0.2819988864728199,0.29352647876023474,0.653783291601127,0.7697898559388702,0.8617804329433311,0.4941641139132712,0.33044082695550236,0.2915924783949277,0,0,0,0,0,0,0,0,0,0,0
823,Ravenclaw,Nora,Lynch,0.0,1,0.7609065462474677,0.3847099030844586,0.8632784637449772,0.6152900969155415,0.8890132736286582,0.722577002040307,0.7288186815802309,0.7618632501292877,0.7831470272320498,0.6186697525300562,0.5270983595994669,0.8973284695057219,0.33211013158466146,0,0,0,0,0,0,0,0,0,0,0
824,Slytherin,Fletcher,Byrnes,0.8,0,0.5481573697477692,0.7601542661523762,0.7157020382479217,0.2398457338476238,0.8576150114611654,0.22074593200766685,0.32337076792025365,0.6251114712867131,0.7490892917324777,0.5380160603702264,0.32753241932778426,0.5209327252238728,0.43996178399270425,0,0,0,0,0,0,0,0,0,0,0
825,Ravenclaw,Branden,Ladd,0.8,1,0.8454680420023816,0.23385870641870046,0.7320979987069107,0.7661412935812997,0.7672050748973825,0.737042821754317,0.724753822171147,0.6411336624037139,0.6712832794342122,0.4517499330197787,0.7195646088721585,0.8162583750271613,0.33215355886567943,0,0,0,0,0,0,0,0,0,0,0
826,Hufflepuff,Darius,Leblanc,0.4,1,0.4935511807370521,0.792562947834218,0.6810033860353419,0.20743705216578215,0.7007303161149314,0.22280311772596786,0.251469628225516,0.34969463698016995,0.8145915556654164,0.4125356615581695,0.6710195218716316,0.3767708062541025,0.5555869197029575,0,0,0,0,0,0,0,0,0,0,0
827,Ravenclaw,Karrie,Eddy,1.0,1,0.5901829485176995,0.24382701981006877,0.8463822988090168,0.7561729801899315,0.7999360307052614,0.8531687476177406,0.7796866309675524,0.7199593600734738,0.8495228809602772,0.7158579320752811,0.7181360437515726,0.9803317052574374,0.3750597125113997,0,0,0,0,0,0,0,0,0,0,0
828,Ravenclaw,Lenny,Necaise,0.2,0,0.2924469944172092,0.14878520296188533,0.596097722640754,0.8512147970381149,0.6193293885601578,0.7153166908564381,0.6491410910167182,0.641019282294754,0.8146578928584288,0.8225857865878758,0.6955671036240918,0.8532637409961268,0.44043948408390154,0,0,0,0,0,0,0,0,0,0,0
829,Slytherin,Renato,Peel,1.0,1,0.7534989097319951,0.28709253158755743,0.5220189465058446,0.7129074684124428,0.15246015246015243,0.3537831216566408,0.2658863562584788,0.6611707340409517,0.6448447630404069,0.666833961902854,0.7283297191113782,0.21816086003731547,0.19555304642376342,0,0,1,0,0,0,0,0,0,0,0
830,Gryffindor,Stephanie,Withrow,0.4,1,0.5561681332446685,0.7922609497648648,0.19266986408221387,0.20773905023513525,0.6936936936936938,0.26066521229444267,0.5997906944179077,0.1841523157981814,0.08684169420559892,0.30023750162246976,0.5020488360343353,0.14393929610749676,0.817019151430929,0,0,0,0,0,0,0,0,0,0,0
831,Ravenclaw,Rhoda,Stapleton,1.0,0,0.9145106165813526,0.3588742563751089,0.7321810949689577,0.6411257436248913,0.9006876699184392,0.7770520752906316,0.7505876011613621,0.61061191314436,0.7070969138875343,0.40446074622399886,0.5020415586191254,0.8069253396472511,0.31083076388587316,0,0,0,0,0,0,0,0,0,0,0
832,Ravenclaw,Dillon,Shelly,0.4,0,0.46370412755362417,0.1925825877177015,0.6602981519683195,0.8074174122822987,0.6741830587984434,0.6772539182622269,0.5996117307401604,0.6008797240459424,0.7037256304588578,0.565404449367328,0.6687372833163567,0.8115268671825835,0.42743301341902984,0,0,0,0,0,0,0,0,0,0,0
833,Hufflepuff,Ladonna,Chun,0.2,0,0.7284459428111904,0.6829984801922736,0.567274307701799,0.3170015198077265,0.7520123673969827,0.27914143289643595,0.2587258030122509,0.7439161339910806,0.7866143400915314,0.559388919883011,0.5037902880881163,0.4448841378543653,0.22100143310027362,0,0,0,0,0,0,0,0,0,0,0
834,Hufflepuff,Sherry,Kelso,0.8,1,0.4708720597559655,0.769240177418723,0.5825590369956244,0.23075982258127714,0.74924036462498,0.2201886880067195,0.30636547076857507,0.7842227123716203,0.7885285433301658,0.8151692420411832,0.45967455184283784,0.47102674337844413,0.36042471880835547,0,0,0,0,0,0,0,0,0,0,0
835,Gryffindor,Arron,Maldonado,0.6,0,0.7042744691709324,0.7193345536838337,0.22384265018143404,0.28066544631616624,0.655631963324271,0.2235060115914705,0.6808342170959439,0.11216213335152321,0.13855361374912492,0.2890857814443069,0.5486176989650301,0.14277228067437095,0.8290267946323882,0,0,0,0,0,0,0,0,0,0,0
836,Hufflepuff,Paulina,Parks,0.2,0,0.5722327315671748,0.646043110743568,0.6972655993806776,0.35395688925643204,0.7155498693960233,0.21793107690830751,0.30433549774674573,0.7139895082582077,0.7667973300007341,0.6393934487063994,0.7898715838987602,0.5228566022417254,0.38370174143396885,1,0,0,0,0,0,0,0,0,0,0
837,Ravenclaw,Gabriel,Stclair,0.6,1,0.38936486089417444,0.32204487529820885,0.6488653092598929,0.6779551247017913,0.7463084386161309,0.700605680185692,0.6915108018034362,0.6007964382929012,0.7804380561973749,0.7515396849660269,0.7599014972703416,0.8196572337832021,0.4810874191166892,0,0,0,0,0,0,0,0,0,0,0
838,Ravenclaw,Carey,Stewart,1.0,1,0.6869538994479069,0.15585751663178288,0.6963719501194052,0.8441424833682174,0.6756756756756757,0.7189937587310876,0.7061433118023566,0.7523066450361442,0.7296711089574724,0.6726374192135665,0.38229533411361166,0.855876260991478,0.31328440526338647,0,0,0,0,0,0,0,0,0,0,0
839,Gryffindor,Florencio,Bogan,1.0,1,0.4682507771059184,0.7301154967812079,0.18977894287789676,0.26988450321879215,0.7193347193347193,0.18635940773918624,0.6022251153830559,0.20959525952248975,0.18390305437812404,0.4181127299848113,0.5148098594091213,0.20383439104926954,0.8125244278455727,0,0,0,0,0,0,0,0,0,0,0
840,Hufflepuff,Valerie,Fender,0.6,1,0.6545783523808051,0.6668260392382694,0.4899903340373935,0.33317396076173056,0.7480142864758249,0.2702766360571717,0.26791968714408954,0.628164851623028,0.8257101581714221,0.5591445836281194,0.3794263296857951,0.4169942376332023,0.26929256959221787,0,0,0,0,0,0,0,0,0,0,0
841,Gryffindor,Spencer,Lovelace,0.4,0,0.6752702472820624,0.8158097312766803,0.24035721502247548,0.18419026872331973,0.6770616770616771,0.2317270006943505,0.6710138732766755,0.5697747007282028,0.2435568504088628,0.4682666828844145,0.1501879473738722,0.15201632305637333,0.7729404611977245,0,0,0,0,0,0,0,1,0,0,0
842,Slytherin,Darwin,Tompkins,0.8,1,0.4473733046719144,0.19127516908190878,0.39177037010156296,0.8087248309180913,0.12868489791566717,0.274440114273077,0.2857970881050205,0.5904838676727698,0.6955475394986336,0.7508264365195276,0.3766065386263673,0.3716440235166109,0.40600165023667867,0,0,0,0,0,0,0,0,0,0,0
843,Gryffindor,Traci,Flora,0.6,0,0.38946538205774556,0.5075954586018546,0.28248756655305707,0.07501410440649482,0.7649128418359188,0.4208747976828954,0.7671992277807645,0.24351876947054238,0.2200165450106095,0.6144349124017281,0.5577206974713017,0.25860410692859626,0.9005298128284189,0,1,0,0,0,0,0,0,0,0,0
844,Hufflepuff,Dee,Mccurdy,0.4,1,0.6452066869770966,0.7635072546424926,0.6413853320421209,0.23649274535750742,0.7310624233701157,0.29298888252095245,0.29703875368147553,0.5697747007282028,0.7376390441016416,0.5825512286146921,0.5643633431317862,0.43911026092073285,0.34611542971294573,0,0,0,0,0,0,0,1,0,0,0
845,Gryffindor,Erwin,Baldwin,0.6,0,0.5493404265190295,0.6599908715882674,0.22156680074892138,0.3400091284117327,0.6888959965883044,0.11100526441342413,0.6579915349719873,0.12418036279121279,0.20126711655499713,0.3891871885536174,0.5385382233224403,0.20229540172899135,0.8618361054414383,0,0,0,0,0,0,0,0,0,0,0
846,Hufflepuff,Lupe,Durand,0.4,1,0.619202635200965,0.698437684406644,0.7872148688832732,0.3015623155933561,0.6761021376405991,0.34111370130514357,0.17319896048925917,0.6844581363891863,0.6865136439192842,0.3610789532576958,0.4212029405480929,0.4840382495835302,0.3486776392930039,0,0,0,0,0,0,0,0,0,0,0
847,Slytherin,Sherri,Watts,0.6,1,0.5342622519833599,0.15734452687775194,0.3455377057624363,0.8426554731222481,0.38941308172077405,0.2063147489903128,0.2436556004451622,0.7535238527128827,0.6323534777999732,0.6427916068825696,0.36607121834020845,0.4686548132859527,0.24136882789768535,0,0,0,0,0,0,0,0,0,0,0
848,Hufflepuff,Graham,Lake,0.2,1,0.6251101866600683,0.7591252994904841,0.7371975170745655,0.24087470050951595,0.6879897649128418,0.24141007750910412,0.2619543607197425,0.7030773017422083,0.7539785638290196,0.5795880508546568,0.511795171951926,0.45254118522952114,0.3797715725018457,0,0,0,0,0,0,0,0,0,0,1
849,Hufflepuff,Lena,Plunkett,0.2,0,0.5827211852218425,0.6130944046615567,0.747643562866531,0.3869055953384434,0.6337757876219414,0.23821898686318937,0.2534759641319589,0.5865751146756248,0.7590998401997907,0.4724784378884846,0.5647672040100027,0.48481363967886176,0.4279975680722631,0,0,0,0,0,0,0,0,0,0,0
850,Ravenclaw,Reba,Labelle,1.0,1,0.5645887137930501,0.3622817111406804,0.8627848941413713,0.6377182888593197,0.8236046697585159,0.5577224317612415,0.7189892033966445,0.6289200066429843,0.6477764913371613,0.5930673242370281,0.6553857733384105,0.8550596028497979,0.5469666044208973,0,0,0,0,0,0,0,0,0,0,0
851,Slytherin,Chi,Keller,0.2,0,0.5233363747428978,0.18646368996663754,0.3920905288491729,0.49291427683210426,0.17399648168878945,0.23680198440588712,0.2316955478861535,0.6593416727586251,0.6419646504520408,0.6741286746548408,0.6486072248646026,0.37188320974442446,0.33093759499717723,0,0,0,1,0,0,0,0,1,0,0
852,Ravenclaw,Bridgette,Reiter,0.4,1,0.6547020707359695,0.21364240671683005,0.6680731018497292,0.7863575932831702,0.7684844607921532,0.7338796369715331,0.7720867677803103,0.6640501485988146,0.7489073057343104,0.6737311333422407,0.5537324507621798,0.8611102845024737,0.3720849437616711,0,0,0,0,0,0,0,0,0,0,0
853,Hufflepuff,Alice,Joyner,1.0,1,0.7384593971823145,0.5739511667570314,0.6899644134656896,0.42604883324296877,0.8291486753025216,0.23245796208863817,0.26778359223908194,0.6332402012980162,0.7995199230715757,0.3787180688907403,0.39153677010900195,0.5442985807722347,0.28038823989230033,0,0,0,0,0,0,0,0,0,0,0
854,Slytherin,Daniela,Bone,1.0,1,0.31717520065570726,0.1576614188448622,0.21422167324388103,0.842338581155138,0.25800948877871954,0.29311461473549144,0.2661146150777595,0.6839963381509246,0.8340392647191665,0.9231598814760873,0.5974953500437936,0.43100965223108473,0.2728101793546706,0,0,0,0,0,0,0,0,0,0,0
855,Slytherin,Noreen,Reinhart,0.2,1,0.5823422977591513,0.2721930614289214,0.21999387346588892,0.7278069385710787,0.09680686603763526,0.3087152800463569,0.2603722734403141,0.6250170133655867,0.6419646504520408,0.8227680393438672,0.32092277862120244,0.24290287860063697,0.2666652190906328,0,0,0,0,0,0,0,0,1,0,0
856,Slytherin,Adelaide,Hardy,0.4,0,0.462204042497255,0.20375732979781147,0.3771422622082585,0.7962426702021886,0.1375872914334453,0.11995650180315395,0.15018976887829907,0.6229254817325055,0.8814284354832352,0.8050481994377181,0.3508773086134358,0.3377054067878361,0.3005819255656404,0,0,0,0,0,0,0,0,0,0,0
857,Slytherin,Hillary,Alcorn,0.8,0,0.3633376119264494,0.12702725766273873,0.25591645133714974,0.8729727423372614,0.30731915347299965,0.21751684935011206,0.218635426686225,0.8288187427528162,0.7107494516271101,0.8654592114846782,0.6939897977695129,0.47001076338025116,0.2179832370695271,0,0,0,0,0,0,0,0,0,0,0
858,Ravenclaw,Alpha,Pritchett,0.8,0,0.5859146652645253,0.30340988426395077,0.6152426393379555,0.6965901157360495,0.7489205181512874,0.7627592967985759,0.742183229361691,0.6230188486422259,0.7112305992032644,0.6667573797364896,0.4797708815238057,0.7927886475254056,0.41064836930559784,0,0,0,0,0,0,0,0,0,0,0
859,Gryffindor,Filiberto,Albritton,0.4,0,0.5362108160772002,0.7444749518295192,0.29145663071616723,0.2555250481704809,0.7588890665813743,0.2347511659998311,0.7452577808102305,0.20003201316958483,0.3693027384192656,0.5838250337729697,0.5387424682648898,0.28636655345559475,0.8237938072697268,0,0,0,0,0,0,0,0,0,0,0
860,Gryffindor,Jodi,Fishman,0.4,1,0.7224146729969225,0.6970054578723892,0.2811351919890451,0.3029945421276109,0.642731488885335,0.12727569094382354,0.8565910815146551,0.09175654377278364,0.2172333897573885,0.5175185474979236,0.3324376163225205,0.1867631758765536,0.9334911191210319,0,0,0,0,0,0,0,0,0,0,0
861,Ravenclaw,Valentine,Dale,0.4,1,0.6579187479702457,0.1853508281817653,0.7139836740230459,0.8146491718182348,0.6955061570446186,0.7890561330421517,0.6584534119815325,0.5954206836689431,0.670682789817734,0.43937065319638924,0.5811352047198858,0.8269532559365634,0.37838189950927176,0,0,0,0,0,0,0,0,0,0,0
862,Gryffindor,Bobby,Penn,1.0,0,0.4726118491254659,0.7581276055499252,0.3353788958719371,0.2418723944500748,0.8804307265845727,0.3253100778437179,0.7160573280245369,0.18668353087621622,0.33079543994400706,0.4394440190645567,0.6487000635033526,0.36108754496673034,0.8218395796239198,0,0,0,0,0,0,0,0,0,0,0
863,Hufflepuff,Chanel,Beal,0.2,1,0.5475310455747491,0.8493317510327852,0.6458012723678676,0.15066824896721473,0.6734367503598273,0.19959375010768818,0.1913647824899572,0.6247951102085734,0.8397905913801414,0.6176599381569299,0.6048058034626707,0.359462089263627,0.3874147739610023,0,0,0,0,0,0,0,0,0,0,0
864,Hufflepuff,Audra,Costello,0.2,0,0.5746562949445587,0.7607107724599781,0.6574037115046872,0.2392892275400219,0.7821845514153207,0.33032640814506115,0.26695840465025034,0.6465733346698158,0.7040643639863972,0.473651271961314,0.6756644519103066,0.4683050174645256,0.37599339905328527,0,0,0,0,0,0,0,0,0,0,0
865,Gryffindor,Keith,Pacheco,0.8,0,0.5665295454896927,0.6919686887875421,0.1187217055424773,0.30803131121245786,0.5861719707873554,0.1626194264089236,0.6119392357390808,0.1915438559423426,0.11101893376161016,0.41015895374012423,0.5943325457212019,0.10768461555305586,0.8100707864680593,0,0,0,0,0,0,0,0,0,0,0
866,Slytherin,Susana,Nowell,1.0,0,0.37302630561526684,0.1668593621779762,0.26598872273174157,0.49291427683210426,0.19595927288234982,0.31252472206321863,0.2689273573319089,0.6305166412620922,0.7886464452513022,0.8407758674749629,0.40957164277923397,0.3976316633156265,0.31519520562817566,0,0,0,1,0,0,0,0,0,0,0
867,Hufflepuff,Edmundo,Hixson,1.0,1,0.669362695822959,0.6496597748413595,0.8021417765732288,0.3503402251586406,0.6415587184817954,0.3208927484651194,0.17730748829594456,0.6248244979546005,0.7165238656072093,0.3160090532299696,0.48669501892414485,0.47607520104837675,0.3562556998306336,0,0,0,0,0,0,0,0,0,0,0
868,Gryffindor,Belva,Cody,0.0,1,0.7076612591435597,0.8330206754664381,0.3356767808990958,0.16697932453356218,0.7361266592035823,0.3214989106533402,0.8474280774359816,0.1380622305886744,0.233752863278512,0.47452521775067963,0.4326781430464803,0.22380138784159143,0.889021583358666,0,0,0,0,0,0,0,0,0,0,0
869,Gryffindor,Virgil,Mackay,0.6,0,0.31163880426209734,0.803509513891875,0.3166770157806057,0.19649048610812508,0.9392824777440161,0.2805955984420177,0.5931370455846232,0.19535808783466493,0.22994755105415052,0.33344547148328235,0.4346130117261796,0.3536258891579578,0.8503061623311765,0,0,0,0,0,0,0,0,0,0,0
870,Slytherin,Abdul,Stuart,0.8,1,0.5212563598966952,0.21457993318772423,0.2788477315792159,0.7854200668122759,0.09531424916040301,0.2700877579998816,0.1863933777337052,0.6208338792458357,0.8045993376860702,0.7686712807986646,0.6417402695460853,0.28718293086226643,0.261779649976115,0,0,0,0,0,0,0,0,0,0,0
871,Slytherin,Jamison,Salazar,0.4,1,0.5607225151941605,0.17713381896464916,0.1870819044798011,0.8228661810353509,0.2244789167866091,0.3255698262981217,0.23729209468672383,0.7246165599526512,0.6986208195349158,0.7462230504157208,0.8880245115129903,0.3433616557526259,0.18011464802188737,0,0,0,0,0,0,0,0,0,0,0
872,Hufflepuff,Jess,Lavoie,0.4,0,0.5626401496992097,0.7225477747305719,0.7134511522222331,0.27745222526942825,0.7390585852124314,0.23127393557609685,0.45908157018511264,0.6144651290146502,0.7748142718945303,0.5207934844740529,0.6543879460733462,0.4764996723822449,0.4148391019238286,0,0,0,0,0,0,1,0,0,0,0
873,Slytherin,Christine,Merrill,1.0,1,0.47467639917727295,0.21725669676379747,0.40164794374007035,0.7827433032362028,0.21920144997068075,0.2665036565502577,0.2898284067409091,0.5666769259266321,0.7156755973461396,0.6962510136381312,0.33995552916384575,0.3914827244097405,0.3948191253745604,0,0,0,0,0,0,0,0,0,0,0
874,Hufflepuff,Belen,Negrete,0.6,1,0.37160354453087546,0.8535404172516317,0.7725486801227022,0.14645958274836837,0.5921424382962844,0.4486269029253989,0.21495745364206187,0.7021802180316209,0.5519565999550688,0.5184860333280795,0.13495623040523277,0.43779894769289174,0.5103791201632867,0,0,0,0,0,0,0,0,0,0,0
875,Hufflepuff,Nancy,Quiroz,0.8,0,0.6568903391429411,0.7800712844287773,0.5819492785840322,0.21992871557122282,0.875846260461645,0.19939457104665745,0.2687153975880436,0.6678842404448476,0.8436815507268727,0.5717525227973806,0.4401635169404202,0.4510134253096086,0.289355973422504,0,0,0,0,0,0,0,0,0,0,0
876,Hufflepuff,Jody,Obrien,1.0,1,0.402339823392048,0.8889709379271202,0.622728357790351,0.11102906207287981,0.6333445105435446,0.3398117837920927,0.2770655958300306,0.6517836464649401,0.6863323359498951,0.6434027904382277,0.5964919406914914,0.41126247095094537,0.47240196291310205,0,0,0,0,1,0,0,0,0,0,0
877,Ravenclaw,Hilario,Keefer,0.2,0,0.645121630607921,0.15870604154341408,0.8528804981559382,0.841293958456586,0.6589903512980436,0.551107373994871,0.6366205443393125,0.7242250490037331,0.5368631048689805,0.4929246548938759,0.4482021310386898,0.8543285688859144,0.4556824597211969,0,0,0,0,0,0,0,0,0,0,0
878,Ravenclaw,Eugene,Stearns,0.2,1,0.6089649413111052,0.2184718819228236,0.6663960090112931,0.7815281180771766,0.7250386481155712,0.7941286703833077,0.7005359634267746,0.5697747007282028,0.8041692880398233,0.6711728461501514,0.5480517307397973,0.854102296468522,0.32670343509792854,0,0,0,0,0,0,0,1,0,0,0
879,Gryffindor,Normand,Kroll,0.8,0,0.4209826330358938,0.7746917127223167,0.23469731723375026,0.22530828727768332,0.810597579828349,0.33757652648196296,0.6284377706262552,0.23352840969202707,0.21906026656857602,0.40810564892663853,0.5363568106593585,0.28241689261155994,0.7918747557215443,0,0,0,0,0,0,0,0,0,0,0
880,Gryffindor,Brian,Tatum,0.4,1,0.5580857677497177,0.7008889495997893,0.5220189465058446,0.29911105040021085,0.7898608667839437,0.2306326473684774,0.8033514283254896,0.1328623563931509,0.35111387413462797,0.5248761627106311,0.7389093686937462,0.3247915963659417,0.8779910539801105,0,0,1,0,0,0,0,0,0,0,0
881,Slytherin,Idella,Whitfield,0.8,0,0.43471537045914976,0.10428956269645188,0.34221683181408824,0.8957104373035483,0.20678074524228374,0.12469917048259256,0.06274538202019979,0.7475590922674581,0.8212962695249626,0.7225071173700045,0.9146002134888088,0.40895623285060023,0.1847396534502975,0,0,0,0,0,0,0,0,0,0,0
882,Hufflepuff,Luz,Wallace,0.4,0,0.5354298439602245,0.8110090901945919,0.5960709945628646,0.1889909098054082,0.802921264459726,0.3435293854367253,0.3690636565784625,0.5177408523386261,0.6907070908643769,0.5101425445743606,0.5456405841206723,0.43144394929027385,0.48484387892474057,0,0,0,0,0,0,0,0,0,0,0
883,Slytherin,Brain,Milburn,0.8,1,0.6267030604828109,0.23354296008707645,0.14086825723104993,0.7664570399129236,0.06759422144037532,0.28890253490857465,0.1824373829269875,0.5923373176079045,0.9063797793667185,0.8161238142254734,0.4456846782257907,0.19914611639610355,0.16461110869848442,0,0,0,0,0,0,0,0,0,0,0
884,Gryffindor,Eusebio,Myrick,0.6,0,0.37134837542334875,0.775022812759536,0.28230518611083677,0.22497718724046403,0.7550509088970628,0.2089566420078516,0.7376373867186714,0.13282310514644144,0.21563800084495832,0.5258464452000685,0.6757662153456973,0.2677636480728391,0.9661918617275373,0,0,0,0,0,0,0,0,0,0,0
885,Gryffindor,Robin,Hoy,0.2,1,0.7708504090438117,0.856288394234988,0.2622727535443123,0.14371160576501182,0.6131989978143825,0.10788977748556018,0.7443171215751645,0.09399303179156365,0.01957791212992869,0.33786658702976097,0.6402575358820004,0.04296031698351369,0.9511443088548226,0,0,0,0,0,0,0,0,0,0,0
886,Slytherin,Max,Grier,0.4,1,0.5917912871348375,0.22015080488620217,0.2823301057643206,0.779849195113798,0.12644597259981874,0.2269605057671852,0.16913735523916346,0.5905902207013455,0.8377607213142285,0.7135679537403181,0.271996964652093,0.27169534187628674,0.23691753159334697,0,0,0,0,0,0,0,0,0,0,0
887,Slytherin,Sonja,Whipple,0.4,1,0.5803628040765199,0.25014820308766816,0.3601611712317348,0.749851796912332,0.1802867956714111,0.16439148504515572,0.24010766969694852,0.5892366127725677,0.8010514682601034,0.7499984958022184,0.4216396826027755,0.31168464025773734,0.32157901593781213,0,0,0,0,0,0,0,0,0,0,0
888,Slytherin,Pierre,Handy,0.6,1,0.5464717071586533,0.27781116667208616,0.27976631310932687,0.7221888333279141,0.15496561650407803,0.25153326965021067,0.2753647544804077,0.6662875747463081,0.7323423824367371,0.8399486383321683,0.5541190958501685,0.2937105812955246,0.30099448473531076,0,0,0,0,0,0,0,0,0,0,0
889,Slytherin,Bruno,Rawlings,0.0,1,0.50020877472434,0.20542630225503117,0.17501423194468405,0.794573697744969,0.1750093288554827,0.25919004116479505,0.20271757574575963,0.7734046434993428,0.7607041571700618,0.882296717135828,0.4150454712189158,0.31766569962813884,0.17453424241108265,0,0,0,0,0,0,0,0,0,0,0
890,Slytherin,Neil,Wisniewski,0.8,0,0.5858064117037564,0.22282685236484706,0.3152692311722869,0.7771731476351532,0.15933685164454395,0.3363678022824027,0.29842206066392,0.5960135948708857,0.6504584978424581,0.6717881895381538,0.46949118411203755,0.3207369406284753,0.33078559951361447,0,0,0,0,0,0,0,0,0,0,0
891,Gryffindor,Marc,Vogt,0.2,1,0.477336343813309,0.8149378934463274,0.185623458862829,0.1850621065536725,0.7193880270803348,0.24688648085624418,0.5860128101405959,0.21024560041569973,0.6419646504520408,0.3332875051874477,0.5591038129408723,0.15655665035970598,0.8346506275242107,0,0,0,0,0,0,0,0,1,0,0
892,Hufflepuff,Margret,Stiles,0.8,1,0.4776224425096268,0.692085365347406,0.6770715864647413,0.307914634652594,0.6304173996481689,0.295921728591737,0.23811431834711563,0.646774620215742,0.7219503017936809,0.5630308532543623,0.503402673790173,0.45646866800783154,0.4245668128718461,0,0,0,0,0,0,0,0,0,0,0
893,Slytherin,Shirley,Jennings,0.2,1,0.6306465830536783,0.24907044527191152,0.35772225718817846,0.7509295547280886,0.23657977504131353,0.2815393644335301,0.2955223385563788,0.47652116049353116,0.7658848878764907,0.5989316661875754,0.601810621078006,0.32489462611430686,0.34937247578929087,0,0,0,0,0,0,0,0,0,0,0
894,Gryffindor,Rubye,Sauer,1.0,1,0.7145276278551876,0.6039567369701065,0.28000721072411394,0.39604326302989357,0.7468415160722853,0.27159072486417485,0.7963299977417293,0.17186666184888894,0.39228491476513677,0.49129095580295196,0.4933474185634352,0.31639060121648116,0.7487731793112434,0,0,0,0,0,0,0,0,0,0,0
895,Slytherin,Gail,Vidal,0.4,0,0.3949167220821799,0.2649511982001523,0.2567719592058305,0.7350488017998479,0.12010235087158165,0.3258446262476646,0.33536773694898075,0.5861207596556591,0.8022498982053956,0.9494609526236963,0.5028080951907272,0.31964347776775187,0.3832023277022626,0,0,0,0,0,0,0,0,0,0,0
896,Ravenclaw,Bart,Cranford,0.8,0,0.6313270340070829,0.33394359842775406,0.751716878909332,0.666056401572246,0.7919931766085612,0.813190456053768,0.6416535555034761,0.6129946046210645,0.7444693033971183,0.4773474286348956,0.4230509721920696,0.8286969010785281,0.36841533851565555,0,0,0,0,0,0,0,0,0,0,0
897,Slytherin,Evan,Albrecht,1.0,1,0.5639237276340411,0.2975185715090659,0.38128932619513695,0.7024814284909341,0.14808891731968657,0.26727677008958056,0.3213015117804105,0.5525853882318862,0.7053278007255852,0.74411547263894,0.5075812289138274,0.3014229334674872,0.4084118643331741,0,0,0,0,0,0,0,0,0,0,0
898,Hufflepuff,Jenny,Pulliam,0.4,1,0.6636793838825913,0.7026707857773579,0.8142945901741406,0.29732921422264225,0.6540860387014232,0.25870051562182755,0.23033636499462012,0.7471346885354666,0.7261855817918955,0.5122398961166419,0.42537837533843564,0.4890445970020864,0.3537586311721023,0,0,0,0,0,0,0,0,0,0,0
899,Hufflepuff,Tomasa,Greco,0.6,0,0.6967972410806799,0.6644848193146604,0.8785782421485234,0.33551518068533964,0.5648488725411802,0.344096584700737,0.06982143256100841,0.6195194101541432,0.7051579728745236,0.19084548312184652,0.5350588031210235,0.44275083251966973,0.33586659139271297,0,0,0,0,0,0,0,0,0,0,0
900,Gryffindor,Felecia,Montano,0.2,0,0.5861852991664476,0.6257955569061183,0.334373936353968,0.49291427683210426,0.8336265259342183,0.24745376840246971,0.7383068909268279,0.07746355822753143,0.31315069903653087,0.3149779653586193,0.41086930518038745,0.3478416250289858,0.8440526338645938,0,0,0,1,0,0,0,0,0,0,0
901,Ravenclaw,Theodora,Wilbanks,0.6,1,0.6845491239193975,0.20925048018128667,0.6044488513978821,0.7907495198187134,0.7091529399221708,0.7779453550070654,0.7130247618228741,0.668828376504317,0.725841221278451,0.6204570612028625,0.34694851367752094,0.8032345164816718,0.3165631649802406,0,0,0,0,0,0,0,0,0,0,0
902,Hufflepuff,Santiago,Burleson,0.4,0,0.45879405533303436,0.7507594768651775,0.6627319076982208,0.24924052313482256,0.7360200437123514,0.33743558928833695,0.30789081544151997,0.8375195264516383,0.6474824411808108,0.7074738558756646,0.47056146205488947,0.5220351716048885,0.3782516176662179,0,0,0,0,0,0,0,0,0,0,0
903,Hufflepuff,Claudio,Ackerman,0.2,0,0.8649072885575986,0.5684236158872483,0.7163954389719522,0.4315763841127518,0.7072871688256304,0.19745887831802167,0.24522075311883612,0.752715125710961,0.8353943722878276,0.48319696453160077,0.4398095483406761,0.49959574158679343,0.19752898771007948,0,0,0,0,0,0,0,0,0,0,0
904,Slytherin,Janette,Coleman,0.8,1,0.5149544561805051,0.24385687641280246,0.29047686652905913,0.7561431235871977,0.25667679513833364,0.1891549543271817,0.24666304400547803,0.5697747007282028,0.774923115308714,0.8268375202370781,0.3583624378742846,0.3571067225366772,0.26564467798671126,0,0,0,0,0,0,0,1,0,0,0
905,Slytherin,Donny,Lynn,0.4,1,0.7719406770486986,0.2677689293239358,0.1508421553398985,0.7322310706760644,0.12559304866997173,0.2309433974202487,0.17983891147569728,0.6513636098041996,0.8335876133864858,0.7454666271908498,0.478096112066882,0.1774812342683122,0.11453945368480481,0,0,0,0,0,0,0,0,0,0,0
906,Hufflepuff,Rafaela,Wilkins,0.2,1,0.4877673476331132,0.8040602074691352,0.8905128436211186,0.19593979253086485,0.5709792632869556,0.29000681821887003,0.11493839082150865,0.7943829776432632,0.6800757756996701,0.5271478084966785,0.4528807571615064,0.4620519258702358,0.40993181916880184,0,0,0,0,0,0,0,0,0,0,0
907,Slytherin,Brooks,Ramsay,0.8,0,0.6574084097551923,0.24888767228969658,0.08198564858811486,0.7511123277103036,0.24313662775201236,0.39258590201802895,0.30006405042121514,0.8034654816066152,0.6059287153269768,0.7979610987188085,0.6125011408264778,0.2872096006881382,0.1260476831545577,0,0,0,0,0,0,0,0,0,0,0
908,Gryffindor,Tracy,Feliciano,0.4,0,0.4972395342003928,0.8243718808242909,0.33765627688351085,0.17562811917570925,0.820939282477744,0.21273677489944598,0.7170784731516887,0.15535824161192718,0.24631136214106314,0.44621772130005877,0.42466094608560995,0.2714087114319225,0.9029834542059323,0,0,0,0,0,0,0,0,0,0,0
909,Hufflepuff,Manual,Burris,0.6,1,0.6636097923078113,0.7901648465670176,0.5547620049988068,0.2098351534329825,0.7428967428967429,0.29530140953543454,0.10372608957147297,0.6146998593796602,0.8337189428670106,0.39230209734176313,0.43391343943617705,0.3524524168196206,0.22981717114691452,0,0,0,0,0,0,0,0,0,0,0
910,Ravenclaw,Randi,Hendrick,0.6,0,0.6258061024078685,0.32270593561007854,0.7332506116617424,0.6772940643899216,0.8552161629084706,0.6499298155164986,0.45908157018511264,0.6384916924933586,0.7067830910680514,0.5533551383553384,0.6307623992476085,0.840250550380986,0.41088721935119643,0,0,0,0,0,0,1,0,0,0,0
911,Hufflepuff,Beatrice,Trombley,0.2,1,0.4361922583239256,0.7081376257398027,0.8275232028396057,0.29186237426019745,0.6561650407804255,0.3614033569237151,0.25682623965114676,0.6625649823847519,0.604192924671945,0.4600593337673913,0.523354329585146,0.5301085489986463,0.5057975420158944,0,0,0,0,0,0,0,0,0,0,0
912,Gryffindor,Kaye,Paulk,0.8,0,0.44120285170808654,0.7985262660773947,0.1836172565801395,0.20147373392260534,0.7548909856602165,0.3225947063372088,0.5839498091792609,0.3204631313605847,0.25856172812327227,0.507561361800829,0.5886677121735964,0.23642183017890173,0.7158335866591392,0,0,0,0,0,0,0,0,0,0,0
913,Ravenclaw,Janet,Creighton,0.6,1,0.6892040270324606,0.1144804116852438,0.5907383019868044,0.8855195883147563,0.6425715656484887,0.9603996208216303,0.6332103280425406,0.635877207907482,0.7801591499961995,0.4801626759217191,0.6822489613351003,0.824016487005619,0.2219568332826682,0,0,0,0,0,0,0,0,0,0,0
914,Ravenclaw,Marylou,Laporte,0.4,0,0.3572908773177861,0.24001641882526084,0.612982089903264,0.7599835811747393,0.7106988645450184,0.7712024187179958,0.6937081452816459,0.7640074986680926,0.6419646504520408,0.9472792600637466,0.6908114716962908,0.8904150891698616,0.3531940765188692,0,0,0,0,0,0,0,0,1,0,0
915,Gryffindor,Louis,Falk,0.4,1,0.4877132208527288,0.7800380564367153,0.81872136982059,0.21996194356328472,0.7263713417559572,0.2036931727802093,0.3851785982959992,0.5993505465934539,0.7084045469395548,0.6370863521298068,0.6147516328554415,0.5089506742974187,0.5823381248100057,0,0,0,0,0,0,0,0,0,0,0
916,Hufflepuff,Quinn,Pride,0.6,1,0.9464454170081809,0.6408930003989616,0.5220189465058446,0.3591069996010386,0.829095367556906,0.11025393853127159,0.2578861386080832,0.5413156827692528,0.9478461464576169,0.36416382763600685,0.656769696559945,0.44121914230962994,0.23342163547140315,0,0,1,0,0,0,0,0,0,0,0
917,Ravenclaw,Malcolm,Lane,0.2,0,0.3264850068818335,0.21281039312800165,0.7800697145172697,0.7871896068719983,0.6560584252891946,0.6297900103499081,0.5404393004618208,0.6571023635229153,0.7100589267299248,0.6127174846689434,0.628928155121915,0.862461181366607,0.4810874191166892,0,0,0,0,0,0,0,0,0,0,0
918,Gryffindor,Rayford,Denny,0.2,0,0.4529483630515132,0.8175689373789297,0.25481463697857093,0.18243106262107034,0.7986566448104909,0.3288824669600163,0.616472734024885,0.5697747007282028,0.1657670391810422,0.33726434640470937,0.49422818570387544,0.24335037020525654,0.8234246753810746,0,0,0,0,0,0,0,1,0,0,0
919,Hufflepuff,Theo,Reese,1.0,1,0.4322951301362448,0.8415789170500201,0.7617487812462452,0.15842108294998,0.6293512447358601,0.3191223267981275,0.17966033066139583,0.6269560369048924,0.6884655163804699,0.5839482928558049,0.42657825418129774,0.41400469052053357,0.4827810830763886,0,0,0,0,0,0,0,0,0,1,0
920,Gryffindor,Tricia,Pfeiffer,0.2,1,0.4788132316780848,0.7688773633686451,0.2609167429294884,0.23112263663135493,0.7533450610373688,0.21470256790287992,0.6629125876465057,0.16348520682788856,0.2090652047427476,0.4196048978680164,0.36722566271180085,0.23269563440216587,0.868133061189039,0,0,0,0,0,0,0,0,0,0,0
921,Gryffindor,Jaime,Day,0.4,1,0.5587971482919134,0.6638882641981936,0.1464679272221564,0.3361117358018066,0.7038221653606268,0.39075876198444986,0.5651373341661559,0.26263698660981066,0.2556414655634236,0.34841813958956297,0.3086706981617912,0.23382727722413757,0.6437877274503844,0,0,0,0,0,0,0,0,0,0,0
922,Slytherin,Waylon,Manson,0.6,1,0.5533535406646769,0.24519536693144142,0.3259270941230763,0.7548046330685587,0.16354816354816357,0.25334213178429493,0.2655869973889918,0.5571693383240647,0.7871669074144106,0.7408115416496341,0.6854466393088791,0.3095215770120705,0.33271811351891256,0,0,0,0,0,0,0,0,0,0,0
923,Ravenclaw,Clifford,Negron,0.8,1,0.6734531339405843,0.15132668015315645,0.8549413738820492,0.8486733198468438,0.7263713417559572,0.6744750053809956,0.676730357618572,0.6743488306367329,0.6643229223189102,0.47899244236408767,0.40759359000455847,0.9073720451938442,0.40719590046467197,0,0,0,0,0,0,0,0,0,0,0
924,Hufflepuff,Tami,Graham,0.4,1,0.5578615282309821,0.7873382541668831,0.7089705885708263,0.2126617458331168,0.7520656751425983,0.3321593724568823,0.16219015341895854,0.6274701352056093,0.716686700970994,0.37124650631196066,0.6615179399177821,0.44506830002038134,0.36357319668215576,0,0,0,0,0,0,0,0,0,0,0
925,Ravenclaw,Jerri,Everhart,0.8,1,0.658784776456397,0.14275269750060324,0.8196094522382521,0.857247302499397,0.6555253478330402,0.7511899766968749,0.6914315137409324,0.5988441723034456,0.6713055221922256,0.4633155768665328,0.44190612532393525,0.871090414078524,0.4342728101793547,0,0,0,0,0,0,0,0,0,0,0
926,Gryffindor,Luke,Mcgregor,1.0,0,0.7690874224827181,0.6434624417732917,0.23912002681417197,0.3565375582267084,0.6789274481582174,0.32899404178585473,0.775750080482307,0.20984721384819083,0.3692027297703723,0.5031852146498961,0.4306915898533839,0.2540413208245299,0.7021322794979807,0,0,0,0,0,0,0,0,0,0,0
927,Ravenclaw,Abdul,Tam,0.2,1,0.45372933516848896,0.26025924563852093,0.5532745068218708,0.7397407543614791,0.7574497574497574,0.7321579322897487,0.7063594677632907,0.733292860320164,0.6419646504520408,0.8763297298552624,0.390141430726507,0.8439506378018677,0.3343900638381031,0,0,0,0,0,0,0,0,1,0,0
928,Hufflepuff,Reynaldo,Mcgill,0.8,0,0.5531061039543479,0.6838371648320722,0.8078541556290643,0.3161628351679278,0.6495015725784957,0.2946515653462227,0.22108396068918734,0.44894940323906274,0.7188002069854899,0.29220958902822314,0.6226752158043577,0.45789592479445984,0.5126373387762193,0,0,0,0,0,0,0,0,0,0,0
929,Gryffindor,Marlin,Swartz,0.4,1,0.6367474444427261,0.6972920734094721,0.3694153723343116,0.3027079265905281,0.9087371395063703,0.3658688906016271,0.7605819720577129,0.13593852826563194,0.31557064044289546,0.29554350751546715,0.6765877715457262,0.382154180789977,0.7912016328657663,0,0,0,0,0,0,0,0,0,0,0
930,Slytherin,Felix,Cothran,0.4,1,0.5701019129950667,0.23891760472176954,0.20073186828291378,0.7610823952782306,0.08806439575670345,0.26610727594232236,0.19102126060666977,0.5838219526494826,0.9039467758223567,0.8235484845853113,0.330764859356926,0.23548333304323996,0.2162895731098276,0,0,0,0,0,0,0,0,0,0,0
931,Slytherin,Carmel,Shackelford,0.4,1,0.5797055503147086,0.2587186839910089,0.5680447318316008,0.7412813160089913,0.10618902926595233,0.23430632800874718,0.2704603442925445,0.3808810713791566,0.7257233996664886,0.5168977857439011,0.31324914674938503,0.32203674372093993,0.5158292439310376,0,0,0,0,0,0,0,0,0,0,0
932,Hufflepuff,Lucretia,Carter,0.8,1,0.5264061364304161,0.6738090982410982,0.6632722742627187,0.3261909017589018,0.8475398475398476,0.05693033991570752,0.45908157018511264,0.8630121955060314,0.8905529143625258,0.8650183227901705,0.5878262914523179,0.5763186544483305,0.3023841577278847,0,0,0,0,0,0,1,0,0,0,0
933,Gryffindor,Morton,Kaminski,0.4,0,0.8067364644387053,0.799710187951508,0.3352117303673798,0.20028981204849206,0.7151767151767152,0.28809916442393874,0.8312137343532013,0.08479504132836822,0.1736136468325668,0.34020007486210335,0.30354270606913814,0.18571828017241632,0.8893038606852826,0,0,0,0,0,0,0,0,0,0,0
934,Ravenclaw,Roland,Mcginnis,0.4,1,0.47545737129424864,0.16670204737496694,0.6594353376770112,0.8332979526250333,0.6713044405352098,0.5745714418671416,0.6801372975016664,0.5697747007282028,0.689725763065597,0.6914853032780492,0.44512596169861385,0.824132430564407,0.47192426282190475,0,0,0,0,0,0,0,1,0,0,0
935,Slytherin,Brianne,Irons,0.6,1,0.4023630205836413,0.0953888046699443,0.09332971185729341,0.9046111953300559,0.3799243030012261,0.18051159476905765,0.10210042575354802,0.9240004613658392,0.8564154154790979,0.9076217664667442,0.7328277621544419,0.45143424708835717,0.0,0,0,0,0,0,0,0,0,0,0,0
936,Hufflepuff,Bobbie,Najera,0.4,1,0.6746439231090423,0.746102608093665,0.7465635274112052,0.25389739190633503,0.6098939175862254,0.20492104011518444,0.14487737239362117,0.47877936161589313,0.8477234011452053,0.3570517686715346,0.4611277526225606,0.35611965824442926,0.40172406305641206,0,0,0,0,0,0,0,0,0,0,0
937,Hufflepuff,Zenaida,Mclaurin,0.6,0,0.46065756305769917,0.8110600371105,0.625624601749293,0.18893996288950013,0.8392238392238393,0.25111591630892316,0.2945033127291858,0.561492801583356,0.76178118630041,0.5512773907224987,0.296852065865408,0.4612403209587216,0.46195770182828855,0,0,0,0,0,0,0,0,0,0,0
938,Ravenclaw,Ivy,Arriola,1.0,0,0.5722327315671748,0.3454460534358421,0.7015464606553221,0.6545539465641581,0.7772269310730849,0.5539004251188042,0.6333700505683271,0.626934046931685,0.7150327548104591,0.7049960862804314,0.6229166876450855,0.8120010286130741,0.516154948538672,1,0,0,0,0,0,0,0,0,0,0
939,Ravenclaw,Gary,Daigle,0.6,0,0.35043997340055366,0.1722940549778972,0.690558149651466,0.827705945022103,0.6375606375606376,0.3955723885441402,0.6144764475299366,0.7616135877073029,0.7217991660912784,0.8322712429120647,0.6174653830539845,0.8563888831182254,0.44888609024188997,0,0,0,0,0,1,0,0,0,0,0
940,Gryffindor,Ashleigh,Allen,0.4,0,0.8968343565872292,0.6038922273308674,0.11166269010197298,0.3961077726691326,0.5329175329175329,0.16786039635755343,0.6694294388103752,0.17330732997644718,0.12719346923587138,0.3084633267614978,0.43931827928522144,0.06511648537735572,0.7050419073261823,0,0,0,0,0,0,0,0,0,0,0
941,Hufflepuff,Keith,Mount,0.2,1,0.6561170994231632,0.237384302717458,0.32244979249082156,0.7626156972825422,0.18743003358387975,0.27004831284710207,0.2314262313751425,0.5470158124669962,0.6419646504520408,0.6089059093963771,0.4290833505936486,0.2920494722462563,0.2780865939983498,0,0,0,0,0,0,0,0,1,0,0
942,Gryffindor,Trina,Burch,0.8,1,0.6038615591605709,0.7444036193365119,0.4052012077669303,0.25559638066348817,0.8989285143131297,0.2765798062665759,0.8090129924358248,0.15813864365178365,0.42126164141560624,0.49217331286282956,0.7631485822576767,0.3868477894083173,0.8314587223693924,0,0,0,0,0,0,0,0,0,0,0
943,Ravenclaw,Pam,Acevedo,0.2,0,0.4667506920495492,0.22842695602474317,0.7324992606698052,0.49291427683210426,0.7297297297297297,0.7344774464949925,0.5450511840942155,0.6560942559433001,0.9002676331910224,0.6157951417038208,0.511795171951926,0.8725244085053713,0.32529204846484566,0,0,0,1,0,0,0,0,0,0,1
944,Hufflepuff,Kristy,Obrien,0.6,1,0.6418121646072715,0.5075954586018546,0.6704022821191483,0.2688927691839919,0.7722160029852337,0.19308906206105053,0.3495554107214637,0.5145227968528254,0.8057485207271416,0.5284876714735917,0.1308556081730974,0.44641217850928633,0.4533808138272463,0,1,0,0,0,0,0,0,0,0,0
945,Gryffindor,Maurine,Culp,0.4,1,0.5722327315671748,0.7976383133086291,0.3589626469781933,0.20236168669137092,0.8336798336798337,0.15652751890194935,0.7079321461032714,0.12328555613770854,0.29778878704432127,0.4483378527449934,0.6659707961137106,0.28885077755175537,0.9171624614582882,1,0,0,0,0,0,0,0,0,0,0
946,Hufflepuff,Tameka,Kang,0.6,1,0.5451571996350308,0.8230549377838645,0.7282706816004219,0.17694506221613562,0.7342075803614265,0.24271564702109397,0.22839582615280385,0.7037790930456523,0.7544607263804636,0.5832125048916419,0.6266386430968051,0.44930234542870706,0.39397229339471057,0,0,0,0,0,0,0,0,0,0,0
947,Hufflepuff,Juliana,Beckman,0.2,0,0.4458886844099408,0.707922512643205,0.7927229950177538,0.29207748735679506,0.6305240151393998,0.37413529253535904,0.22457770745411124,0.7704642753797691,0.6120316611390823,0.5338833308767076,0.46812596299869647,0.5234026318345643,0.4272158770139402,0,0,0,0,0,0,0,0,0,0,0
948,Gryffindor,Millicent,Boles,0.8,1,0.6501554211836753,0.7078145893702016,0.24114295438216654,0.2921854106297985,0.6690655152193614,0.14930798994347788,0.7335265634178403,0.17268596485285018,0.26609604572781315,0.5115367781037033,0.4994171946627023,0.1942461675460228,0.8306553176705608,0,0,0,0,0,0,0,0,0,0,0
949,Hufflepuff,Valentin,Munn,1.0,1,0.6931398172061303,0.71253890465396,0.7083916441697672,0.2874610953460401,0.6948664640972333,0.2591496862675473,0.2537419990410674,0.5826213023888293,0.7678630795491239,0.43184742334464205,0.8620156480592104,0.42973764190452896,0.37553741260259693,0,0,0,0,0,0,0,0,0,0,0
950,Hufflepuff,Martha,Bernal,0.8,1,0.6331364149513632,0.7280328530299832,0.6158849060610593,0.27196714697001695,0.7474279012740551,0.2800874662155069,0.2854235611076955,0.7687035036189307,0.7544588483974395,0.6354754583070468,0.290450418994937,0.46719414903323275,0.2933512832761541,0,0,0,0,0,0,0,0,0,0,0
951,Gryffindor,Al,Foust,0.2,0,0.3638015557583162,0.7859928305004538,0.3219210631849178,0.21400716949954626,0.8387973772589157,0.20397232720390995,0.6401824408124819,0.10372011454293051,0.1892689388192091,0.3327931670546137,0.6324918122070359,0.28659731763313445,0.9415903070308769,0,0,0,0,0,0,0,0,0,0,0
952,Slytherin,Joseph,Schreiber,1.0,0,0.319216553515921,0.10258597085641098,0.20512772912271188,0.8974140291435893,0.3396769550615704,0.1544757754521263,0.13365266455901378,0.9474077240254658,0.7619570895778216,0.9370926996830544,0.45457197548312106,0.4887414031921822,0.11419203543666133,0,0,0,0,0,0,0,0,0,0,0
953,Hufflepuff,Marty,Langley,0.2,1,0.6869538994479069,0.6195735591603412,0.8455359470074517,0.38042644083965893,0.6068553760861454,0.2411194201535634,0.28987803115834204,0.623157202051907,0.7186065331797661,0.4507236808881811,0.7133126289523777,0.4971626112623031,0.43794241542537027,0,0,0,0,0,0,0,0,0,0,0
954,Hufflepuff,Zoe,Morrill,1.0,0,0.415546757805855,0.7793130053195713,0.6563579084015306,0.22068699468042877,0.681912681912682,0.2947263470729437,0.40941478873199594,0.7028943215451443,0.6721370640707915,0.8001415490829317,0.4735963144591016,0.48014361280129214,0.5213445086203153,0,0,0,0,0,0,0,0,0,0,0
955,Slytherin,Elise,Babb,0.2,0,0.4545257720798602,0.21248811254733374,0.40903488631911644,0.7875118874526664,0.23961831654139346,0.28387452043289296,0.3159913595824144,0.5443203704275329,0.7132714488412748,0.6925294347508967,0.5802359058028328,0.4114528092871635,0.4190732618230773,0,0,0,0,0,0,0,0,0,0,0
956,Gryffindor,Sallie,Pierre,0.2,1,0.7182391785101218,0.851334211598863,0.33383841913335877,0.14866578840113706,0.7210405671944133,0.12209679017950918,0.7309812862979066,0.02470691792862946,0.019296890737891544,0.20382025204474924,0.7833933937898415,0.11265839771055063,0.992725930429496,0,0,0,0,0,0,0,0,0,0,0
957,Hufflepuff,Winona,Robison,0.8,1,0.5765893942440036,0.7091931826610045,0.6370014382664427,0.29080681733899566,0.6306306306306306,0.19812278812997464,0.18736879472966006,0.6752722039946285,0.8436194613889111,0.6179095309942337,0.2366657375720526,0.40693409857953755,0.3291353628349329,0,0,0,0,0,0,0,0,0,0,0
958,Hufflepuff,Suzan,Graves,0.6,0,0.6979261710715556,0.640505861794565,0.6305383357343786,0.359494138205435,0.8358654512500666,0.21173532197755454,0.3982275417476131,0.5569521558040387,0.7953930645054413,0.5199570533085737,0.5074021250870734,0.5069858099682268,0.3921700612324662,0,0,0,0,0,0,0,0,0,0,0
959,Hufflepuff,Danilo,Braun,0.2,0,0.4660006495213646,0.8285679890887573,0.809048958172234,0.17143201091124272,0.7336211951596567,0.42187685674511755,0.3382147303613601,0.6899373981952011,0.5351972007050424,0.4974446845086189,0.37065375162482805,0.5161265418668548,0.5295522647327051,0,0,0,0,0,0,0,0,0,0,0
960,Hufflepuff,Robbie,Wray,0.2,1,0.4677791008768538,0.8654984651181122,0.6875244267829211,0.13450153488188768,0.7481209019670558,0.45450707675514834,0.1591632744403749,0.7424326266512072,0.5979507171432548,0.4209020398288673,0.7238727284227066,0.4476370253543023,0.35914361401832634,0,0,0,0,0,0,0,0,0,0,0
961,Ravenclaw,Irwin,Friedman,0.8,0,0.862092695977607,0.19272728016896243,0.6992480523785675,0.8072727198310377,0.7249320326243404,0.583148639301142,0.6933903803022149,0.7624291693525255,0.5513334235826459,0.5060816559030027,0.5046069634213077,0.7874577704362461,0.3168888695878751,0,0,0,0,0,0,0,0,0,0,0
962,Gryffindor,Rufus,Hutto,1.0,1,0.4096160091551583,0.8226538433435107,0.3080437080910501,0.17734615665648937,0.7989764912841836,0.2171110855558835,0.6783090228271452,0.18182171877191497,0.2780288322548467,0.5068810627149106,0.14586109532571728,0.27195502175976993,0.8904329699917489,0,0,0,0,0,0,0,0,0,0,0
963,Ravenclaw,Eunice,Mcclinton,0.4,0,0.786044569537448,0.2683481993975179,0.7168826230595644,0.7316518006024824,0.7841569380030918,0.774138147497641,0.6940796578131126,0.7401885394005732,0.8008719368291697,0.6052341911218351,0.804240146156035,0.8460131979142512,0.24925087940244062,0,0,0,0,0,0,0,0,0,0,0
964,Hufflepuff,Aurelia,Damron,0.2,0,0.5361257597080247,0.7769169154102522,0.7178964791392827,0.22308308458974793,0.6513140359294205,0.2695867595882327,0.18586199125940042,0.6772599032339837,0.7539899881451045,0.5415363705026782,0.20596094920763613,0.4252573918931589,0.3861553828114822,0,0,0,0,0,0,0,0,0,0,0
965,Hufflepuff,Trudy,Catlett,0.2,1,0.5279912778559609,0.7718851642680201,0.6367568655914667,0.22811483573197996,0.7185351031504877,0.16567021938695353,0.2977279983359773,0.8347968868747914,0.8167119708308415,0.8582809630058611,0.46229959880624427,0.46941672810084456,0.34073044686672166,0,0,0,0,0,0,0,0,0,0,0
966,Hufflepuff,Merle,Yoon,1.0,0,0.5011289299908758,0.7075824821415739,0.7309813552055916,0.29241751785842623,0.7345807345807346,0.36027260287057744,0.2041868723412566,0.6765621386897454,0.6677530948346254,0.4140041649804625,0.6846636927407673,0.5118141713909693,0.38550397359621313,0,0,0,0,0,0,0,0,0,0,0
967,Hufflepuff,Erasmo,Matthew,0.2,0,0.6141920418168041,0.8152373675699389,0.6144320366267086,0.1847626324300611,0.6333445105435446,0.3955723885441402,0.18191764957976897,0.7652800175454353,0.8509383729316963,0.6446960122400194,0.5207414677250529,0.4163036295106396,0.2574369218743215,0,0,0,0,1,1,0,0,0,0,0
968,Gryffindor,Rudolf,Childs,0.2,0,0.5017320569723025,0.7325691903661928,0.3063933129762349,0.26743080963380733,0.83991683991684,0.375688484882938,0.7558142216194665,0.20866306214410724,0.3461583391414704,0.4992825204261241,0.6781447781003627,0.359916879978485,0.7976722977374388,0,0,0,0,0,0,0,0,0,0,0
969,Hufflepuff,Corey,Villarreal,0.2,0,0.41000262901504725,0.8951306260638227,0.7863959476235021,0.10486937393617743,0.5903832826909751,0.4328392034963158,0.07329666441674952,0.7272528791932837,0.6105668400325823,0.42469518442155196,0.5689527496676499,0.39777624184535026,0.4160333521518218,0,0,0,0,0,0,0,0,0,0,0
970,Hufflepuff,Constance,Allen,0.2,1,0.6978952414827645,0.6045837856152653,0.7655422580563321,0.3954162143847348,0.7051015512553974,0.25971499855368624,0.2600839327961245,0.7249981551223066,0.7337391276834401,0.4662023535014305,0.3562354528831528,0.5314454091123222,0.31775741520823386,0,0,0,0,0,0,0,0,0,0,0
971,Slytherin,Mickey,Law,0.4,1,0.5592146977405935,0.34787904648067997,0.09991703457603723,0.6521209535193202,0.10437656591502746,0.38253627182764594,0.35021092999309106,0.6970748424382787,0.7295010255834488,1.0,0.5901039875537054,0.20910350643641162,0.2552221305424067,0,0,0,0,0,0,0,0,0,0,0
972,Ravenclaw,Erwin,Pullen,0.2,1,0.6001886704916258,0.20069420860301354,0.6246711050572158,0.7993057913969867,0.6829788368249907,0.6796726440429935,0.6788670356262064,0.6492125283455615,0.6255226000918772,0.5837229964994013,0.3589143797724885,0.7873480030476595,0.40239718591219004,0,0,0,0,0,0,0,0,0,0,0
973,Ravenclaw,Adrianne,Nielsen,1.0,0,0.7196696719917108,0.21812327680026145,0.6914802480947393,0.7818767231997388,0.7311157311157311,0.8514500406726071,0.6345430971298643,0.6519095076188709,0.7232230441811037,0.44165574092642895,0.3627685235197139,0.8265591039836859,0.2808225127024797,0,0,0,0,0,0,0,0,0,0,0
974,Gryffindor,Nelson,Lin,0.6,1,0.577030140884277,0.7499852076286992,0.15518186234008569,0.2500147923713008,0.6461964923503385,0.32655445312651304,0.6108199185116323,0.2644876711421564,0.23030184696472447,0.45735453599335313,0.6110109806739078,0.16706989571817396,0.7116862813219265,0,0,0,0,0,0,0,0,0,0,0
975,Gryffindor,Wm,Mulkey,0.6,1,0.56375361489569,0.8148589841393112,0.2838737988948892,0.18514101586068882,0.7909803294418679,0.38168869953519113,0.6995354188684402,0.15415687490310942,0.14786976881834216,0.3005864741762771,0.5344414490558322,0.24171228142674048,0.8440960611456118,0,0,0,0,0,0,0,0,0,0,0
976,Slytherin,Stephany,Arrington,0.2,1,0.45003324930795047,0.17037308406242926,0.20862448567969094,0.8296269159375708,0.2633935710858788,0.3007866866088505,0.29699973695727167,0.7339833652513502,0.7122900877731319,0.8570085463563036,0.511795171951926,0.40363293560668834,0.2470578017110349,0,0,0,0,0,0,0,0,0,0,1
977,Hufflepuff,Garret,Whitt,0.8,0,0.5575213027542799,0.8328443991918487,0.7547495450555415,0.16715560080815137,0.7496135188442882,0.19066904911802954,0.20697166452045687,0.7653466985275041,0.7967341593165542,0.6372865859024212,0.6438752191055007,0.4636147776662948,0.35925218222087113,0,0,0,0,0,0,0,0,0,0,0
978,Gryffindor,Shanda,Trammell,0.6,1,0.6758656418662914,0.6995570836479762,0.31358012203049884,0.30044291635202397,0.7357535049842742,0.3955723885441402,0.7768291133464367,0.09234844911749109,0.2623431764657087,0.4161907029798739,0.6981538128893601,0.23839904684849705,0.887002214791332,0,0,0,0,0,1,0,0,0,0,0
979,Ravenclaw,Laverne,Lyman,1.0,1,0.6704374990334504,0.23804133541893036,0.7304104192639893,0.7619586645810699,0.750466442774135,0.8213794999660358,0.7105134083662736,0.6071834429730437,0.7155398855000996,0.5839482928558049,0.40892428478968235,0.8496408557027669,0.37816476310418207,0,0,0,0,0,0,0,0,0,1,0
980,Ravenclaw,Terrance,Gamble,0.2,1,0.5801076349689931,0.3318717281236986,0.6830581681187375,0.6681282718763015,0.8073458073458072,0.6923173346122719,0.8133556418413899,0.5923640078721115,0.7093332580316438,0.7022863165584275,0.5243254505756886,0.8265829664594658,0.493963607938507,0,0,0,0,0,0,0,0,0,0,0
981,Gryffindor,Collette,Kingsley,1.0,1,0.7531432194608972,0.632860905749625,0.3356163611963178,0.3671390942503752,0.7636334559411482,0.08881941911453026,0.7571440388869941,0.05527777112011081,0.2833605944664091,0.3171975268692684,0.6162242756920735,0.2550752678633092,0.8610327007426065,0,0,0,0,0,0,0,0,0,0,0
982,Ravenclaw,Virgil,Bechtel,0.0,0,0.5667537850084283,0.3739623430784484,0.7402766386979094,0.6260376569215518,0.8330934484780639,0.7430366205544128,0.6971733006590858,0.6247807193651964,0.7639003201904501,0.6106879891939863,0.5371003465280788,0.8400877240756666,0.42220002605636864,0,0,0,0,0,0,0,0,0,0,0
983,Ravenclaw,Walker,Baldridge,1.0,0,0.42787993133631286,0.37654011112032454,0.6893250137854423,0.6234598888796756,0.8198198198198199,0.7033971103578645,0.6633052421041182,0.6122003946714958,0.8144124074071015,0.7007543707430424,1.0,0.8328565517094236,0.4465193034264125,0,0,0,0,0,0,0,0,0,0,0
984,Hufflepuff,Lori,Lavigne,0.6,1,0.7459056956837758,0.7686445502512694,0.6107155243240294,0.2313554497487305,0.8258969028199797,0.14914869422573107,0.31490621142644826,0.6432986546184624,0.874464018842091,0.6108786994056602,0.4469024172859585,0.4273283740558186,0.3086811134754853,0,0,0,0,0,0,0,0,0,0,0
985,Slytherin,Kevin,Easterling,0.4,1,0.5907783431019284,0.2478152605173662,0.11026941339571648,0.7521847394826339,0.15214030598645997,0.3844780252954563,0.3068986377734819,0.5827749862912163,0.8238526714743882,0.8398752099389034,0.6483993198669918,0.2500004211025141,0.22000260563686108,0,0,0,0,0,0,0,0,0,0,0
986,Ravenclaw,Fidel,Eagle,1.0,0,0.21973153116929312,0.29436264910989673,0.5577348654272483,0.7056373508901034,0.7173090250013326,0.6390152687878188,0.5987478684775157,0.6631938193020626,0.8330323033246737,0.8734672838425587,0.4584682527454555,0.8126745119000759,0.4442393711729709,0,0,0,0,0,0,0,0,0,0,0
987,Gryffindor,Clair,Keener,0.2,0,0.4187557026429334,0.6305691502406832,0.25872144111945883,0.369430849759317,0.8883202729356576,0.4694069281463534,0.6207486673194267,0.2477125908946797,0.41298015003546257,0.38588725375798594,0.4686892154790094,0.42910318078380155,0.6605072306422896,0,0,0,0,0,0,0,0,0,0,0
988,Ravenclaw,Landon,Barclay,0.8,0,0.6638108346349535,0.1799653856216493,0.6403075994661849,0.8200346143783509,0.7343141958526574,0.7305200796821356,0.8236415172577239,0.6337863021181748,0.6849225967754181,0.6750520943282061,0.5436973071857828,0.847010930136847,0.4171624614582881,0,0,0,0,0,0,0,0,0,0,0
989,Ravenclaw,Delilah,Compton,0.8,0,0.2683064503657424,0.176220302252403,0.5353376658251153,0.8237796977475972,0.5978996748227517,0.7579514522087523,0.6673421018332211,0.6403756761074157,0.847868171470732,0.8997323315880068,0.7118675661007321,0.8263909437131922,0.4296695183914535,0,0,0,0,0,0,0,0,0,0,0
990,Slytherin,Jaime,Gill,0.4,1,0.444233951409616,0.1814705922121108,0.32052094265492626,0.8185294077878895,0.37358068127298893,0.12854284382827275,0.20298071998225337,0.7927767184710812,0.7513648807413206,0.803496221110556,0.3476172365678813,0.46041889032188565,0.22347678811829594,0,0,0,0,0,0,0,0,0,0,0
991,Hufflepuff,Ernestina,Faust,0.4,1,0.632827119063452,0.725363363163742,0.641018054268275,0.2746366368362581,0.683138760061837,0.2976248468329534,0.2799217417512207,0.7130555406773237,0.7320813334875192,0.589630783670389,0.21529578394986504,0.43972226324072655,0.33771225083597517,0,0,0,0,0,0,0,0,0,0,0
992,Ravenclaw,Casey,Nix,1.0,0,0.3652165844455098,0.5075954586018546,0.4894664828830032,0.69405866142379,0.7628338397569165,0.854729563778416,0.7106459062763154,0.5697747007282028,0.8916153230299974,0.8140149403378055,0.8210264337594693,0.8099468905509652,0.38585139184435663,0,1,0,0,0,0,0,1,0,0,0
993,Hufflepuff,Geneva,Cazares,0.2,0,0.48950713700261356,0.73907835420387,0.8315130113000793,0.26092164579613003,0.6660269737192814,0.3229825574877373,0.18600986007166317,0.727219140008093,0.654618819023936,0.46290323897256913,0.6474747993058658,0.5099189293440517,0.4227211534285839,0,0,0,0,0,0,0,0,0,0,0
994,Ravenclaw,Wade,Rau,0.2,0,0.9101186149730139,0.3137239455796413,0.8038318468247537,0.6862760544203589,0.8508982355136201,0.7965074809444862,0.8586601878316621,0.6667140395705718,0.7319434559009574,0.5636740574585714,0.705765041576627,0.8716064050253808,0.351934685369349,0,0,0,0,0,0,0,0,0,0,0
995,Slytherin,Judy,Prince,1.0,0,0.5532530195011057,0.2503837604313267,0.3167751287464005,0.7496162395686734,0.10672210672210676,0.37032408923230825,0.3101530813475547,0.5697747007282028,0.6982168111186845,0.6999929975606367,0.18879506096354745,0.29118059739287044,0.37429973509358583,0,0,0,0,0,0,0,1,0,0,0
996,Gryffindor,Corinne,Odum,0.8,0,0.5505776100706741,0.5347151253467921,0.07447894596705094,0.49291427683210426,0.6605362759208913,0.2998558724418547,0.5563804823716513,0.22670444753614508,0.1716478040498818,0.5839482928558049,0.7326026467910747,0.21998226877682137,0.6641116949667782,0,0,0,1,0,0,0,0,0,1,0
997,Hufflepuff,Randall,Suarez,0.6,1,0.7297681827320106,0.6247311472178563,0.6684858984055957,0.3752688527821439,0.7756276987046218,0.14137831329204387,0.31067120739080906,0.7323792115252455,0.8539938488716774,0.6315573609557427,0.2277395848722448,0.5125308878693837,0.2805402353758631,0,0,0,0,0,0,0,0,0,0,0
998,Hufflepuff,Zackary,Barajas,0.2,0,0.38617911324868937,0.8587892933994437,0.6448279621514114,0.14121070660055646,0.637240791086945,0.3357277312128031,0.2753258650487051,0.8485789285836731,0.6670216953151524,0.8279396603000648,0.15523029868634364,0.43785172587461596,0.415251661093499,0,0,0,0,0,0,0,0,0,0,0
999,Hufflepuff,Kristi,Holman,0.2,1,0.6673136105655475,0.7230835544398844,0.5747003165370965,0.27691644556011585,0.735966735966736,0.1794317556391655,0.26121362800130765,0.7229299746178159,0.8658633916697366,0.6818742476980792,0.617734469391691,0.424137820676583,0.2696834151213792,0,0,0,0,0,0,0,0,0,0,0
1000,Ravenclaw,Ronny,Oliva,1.0,0,0.7329848599662867,0.3075172899673148,0.7076213955219148,0.6924827100326854,0.7905538674769443,0.6525094800328344,0.6786570637012684,0.6952393237029503,0.7224318928330419,0.5851558225511649,0.32178120237231944,0.8008019476271999,0.33658314152950886,0,0,0,0,0,0,0,0,0,0,0
1001,Ravenclaw,Korey,Borden,1.0,1,0.5405718880967477,0.309933099053815,0.5962553981925864,0.6900669009461851,0.6901753824830748,0.6857826994098659,0.6358836886913131,0.6247097987134033,0.6822614727655275,0.6255919725847292,0.3821823510991423,0.7348384847271735,0.40891127806488037,0,0,0,0,0,0,0,0,0,0,0
1002,Ravenclaw,Nathan,Colby,1.0,1,0.5329477444597374,0.1294628664368742,0.5220189465058446,0.870537133563126,0.6437443360520284,0.7109902030631026,0.6791297145391416,0.7414534072500539,0.7071998937222046,0.7344581049119019,0.6825296214850245,0.8393813947925909,0.3422721153428584,0,0,1,0,0,0,0,0,0,0,0
1003,Ravenclaw,Denver,George,0.6,0,0.5531061039543479,0.24517822358114189,0.5820358320463715,0.7548217764188583,0.7646463031078417,0.792416688775055,0.7245307630606467,0.7892826402759588,0.8009613350192808,0.8255323157358097,0.5483456411412515,0.8637949533951819,0.28325444043948406,0,0,0,0,0,0,0,0,0,0,0
1004,Slytherin,Jewell,Vail,0.8,0,0.706702441891035,0.24306445117745704,0.00968027682570915,0.7569355488225431,0.18849618849618852,0.3244621941082368,0.19986322326431333,0.8468936379528949,0.7191228104676394,0.8507602172382469,0.3877565698673909,0.2213783639774313,0.010313979241759674,0,0,0,0,0,0,0,0,0,0,0
1005,Gryffindor,Eli,Walton,1.0,1,0.4539303774956312,0.6672250896710686,0.1367827211353156,0.3327749103289314,0.6613891998507383,0.28302093611484064,0.6643985679479847,0.23317307709901053,0.19370758696791116,0.5065474113173121,0.42751355523029977,0.22320959844225813,0.7940895470534591,0,0,0,0,0,0,0,0,0,0,0
1006,Hufflepuff,Freda,Donald,1.0,1,0.4967910551629216,0.8023195774295475,0.6725749225864588,0.19768042257045257,0.7500399808092115,0.2906681332676516,0.40082620096768223,0.6839763857632374,0.678369254757168,0.7093895352305571,0.7051172922709343,0.4814782270348939,0.4900985799279108,0,0,0,0,0,0,0,0,0,0,0
1007,Ravenclaw,Bernadette,Seibert,0.8,1,0.5122403847640845,0.3496419053298828,0.8121591494966939,0.6503580946701173,0.8190735113812037,0.6776312745468863,0.7168392299251672,0.6446399980041503,0.7750135961586887,0.6799994940773885,0.5295263352445291,0.8829368699955481,0.4768749728579494,0,0,0,0,0,0,0,0,0,0,0
1008,Gryffindor,Adela,Leblanc,0.6,1,0.6885467732706494,0.8201277255993019,0.2889318958942241,0.17987227440069814,0.6796204488512181,0.24728383925404326,0.7370988636788113,0.1396840054654016,0.2078168524135256,0.41808383150584677,0.40825217924975143,0.159810088380996,0.8607721370564989,0,0,0,0,0,0,0,0,0,0,0
1009,Ravenclaw,Valarie,Caballero,0.4,1,0.5236920650139957,0.16657011614596112,0.6949852216621829,0.8334298838540389,0.6558985020523482,0.6791563510589926,0.6447852158847986,0.605414071740175,0.705034611401091,0.5785039607889213,0.49026371966108523,0.8263580977171191,0.43307855995136146,0,0,0,0,0,0,0,0,0,0,0
1010,Hufflepuff,Bertha,Randolph,0.2,1,0.6361675146528927,0.6851461593014342,0.5946329985801795,0.3148538406985659,0.796844181459566,0.1612146279344793,0.3726728065774243,0.8306549104820821,0.8262826367658826,0.8309291357153001,0.28380822901169944,0.5164272090616773,0.29015937812133585,0,0,0,0,0,0,0,0,0,0,0
1011,Slytherin,Tabitha,Goins,0.8,1,0.4518967570326152,0.23325224706346204,0.38214571803002745,0.7667477529365381,0.26536595767364995,0.18796178682347692,0.45908157018511264,0.6631543462150069,0.7469784703692076,0.7809965823724984,0.5683140661429839,0.4046856918910817,0.34023103313501546,0,0,0,0,0,0,1,0,0,0,0
1012,Hufflepuff,Damien,Hays,0.8,1,0.5392187185871364,0.8228518233205788,0.7408394517796383,0.17714817667942137,0.6271123194200117,0.33391491955227237,0.1868938186880034,0.7162205958318365,0.6865554497249967,0.5289385676870597,0.677694994555953,0.4134872958986305,0.39297346593129806,0,0,0,0,0,0,0,0,0,0,0
1013,Gryffindor,Rocco,Hershberger,0.0,1,0.6779147271237029,0.6814532041314602,0.3390252731005728,0.3185467958685399,0.7504131350285196,0.18782806725459664,0.8792816407273059,0.1020707599274411,0.3200436659464562,0.5324689150019893,0.3175388404695843,0.2937206877558548,0.9076301732748513,0,0,0,0,0,0,0,0,0,0,0
1014,Gryffindor,Letha,Ali,0.4,0,0.4624669440019795,0.7582588583111012,0.2619561574180647,0.24174114168889888,0.8293619062849832,0.37029929283577667,0.6764889038080039,0.1953804041072927,0.20282930959502007,0.3617453812495791,0.4424200518197607,0.30369239528163117,0.8148043600990142,0,0,0,0,0,0,0,0,0,0,0
1015,Ravenclaw,Alice,Sample,0.6,1,0.5857754821149653,0.10168150685729031,0.6645892367708498,0.8983184931427098,0.6474225704994936,0.7721841994754423,0.6431783669939548,0.6646778621423926,0.7747882392951783,0.5968849163410436,0.5402466941011254,0.8605743613699649,0.319668215573023,0,0,0,0,0,0,0,0,0,0,0
1016,Hufflepuff,Tessa,Sills,0.2,1,0.5260659109537139,0.8123408532990593,0.6272480103343796,0.18765914670094072,0.8079321925475771,0.3058596839529123,0.33326072496270437,0.7704834949256271,0.6980640953696619,0.6876189196340349,0.640848851179459,0.4869539633887865,0.3747774351847831,0,0,0,0,0,0,0,0,0,0,0
1017,Hufflepuff,Jonathon,Kaplan,0.6,1,0.4777461608647913,0.6916757297839411,0.7493138980594044,0.3083242702160589,0.7180020256943335,0.3013001108495955,0.31696329770192333,0.7260430022571219,0.6588842820984532,0.5985759772897999,0.4274441568083129,0.5452446577531433,0.44964606765970383,0,0,0,0,0,0,0,0,0,0,0
1018,Ravenclaw,Steve,Mowery,1.0,1,0.7073364984612529,0.08790084907554338,0.738112553623514,0.9120991509244568,0.6248200863585479,0.5470130064344003,0.7253639648964633,0.5941672498704859,0.5050336890159302,0.46297253350622625,0.5124822642243115,0.8028381186487217,0.4991097407391324,0,0,0,0,0,0,0,0,0,0,0
1019,Gryffindor,Leann,Almond,0.0,1,0.5097118908804107,0.7550236987145216,0.214027131963798,0.2449763012854785,0.7688043072658457,0.2523976899386778,0.6327570187213201,0.25875701362922665,0.2402974608146059,0.45795368079363663,0.3115668961559894,0.2438497977865734,0.7609545316367743,0,0,0,0,0,0,0,0,0,0,0
1020,Ravenclaw,Judi,Deaton,0.2,1,0.5948610488223559,0.3212620713158196,0.7200929002181555,0.49291427683210426,0.8091582706967323,0.8143947065529961,0.6927660892497035,0.7025797893835962,0.7673785504375785,0.6321188815234126,0.6185738928555725,0.8670714116872232,0.3447040430798628,0,0,0,1,0,0,0,0,0,0,0
1021,Slytherin,Jacques,Beaulieu,0.8,0,0.4416977251287444,0.21993300372868235,0.22192979180234282,0.7800669962713179,0.2844501306039768,0.24592550699963048,0.2906758339811142,0.7000536396740997,0.8018841599923467,0.9066485239260692,0.44322934999751096,0.38840923752933,0.25993399053285277,0,0,0,0,0,0,0,0,0,0,0
1022,Ravenclaw,Bess,Conte,0.6,0,0.45953636546402116,0.27627187075635756,0.7206302905565644,0.7237281292436425,0.7729090036782345,0.871614924567606,0.6081767527133956,0.7168513353695523,0.9498770658818355,0.7159372553065197,0.708590807298524,0.9138264237897092,0.2822990402570895,0,0,0,0,0,0,0,0,0,0,0
1023,Gryffindor,Elnora,Wells,0.6,1,0.41362139090360794,0.8625266686220529,0.21049609935859703,0.1374733313779471,0.7005703928780851,0.15917595661536324,0.5854104375003868,0.23284082966930805,0.165086158728147,0.4949289794515905,0.5444998435792034,0.15013399481987783,0.8630737829504496,0,0,0,0,0,0,0,0,0,0,0
1024,Ravenclaw,Malcolm,Shelby,0.6,0,0.518952105531757,0.28500342997747385,0.6838846103180636,0.7149965700225261,0.7584626046164509,0.5125328522155538,0.637144544646722,0.5997231938671197,0.5801449311769289,0.5403179336453706,0.3767506829876624,0.7719693392452379,0.5082946106744257,0,0,0,0,0,0,0,0,0,0,0
1025,Hufflepuff,Zackary,Freeman,0.2,1,0.730595549232173,0.7068206480182057,0.5463191968072328,0.2931793519817945,0.6333445105435446,0.15144385744098293,0.43920563773278165,0.7139331885593262,0.8506801411140191,0.7510466299519031,0.14506427416268758,0.499181938183274,0.30292699874060885,0,0,0,0,1,0,0,0,0,0,0
1026,Ravenclaw,Irma,Shanahan,0.4,1,0.5907087515271484,0.27055717449647393,0.7199562666938659,0.7294428255035263,0.7958846420384882,0.6089561044279636,0.6827222354550456,0.7519992511829476,0.7330311460318513,0.7046175157295889,0.38505131997829395,0.8607652611762016,0.37056498892604334,0,0,0,0,0,0,0,0,0,0,0
1027,Hufflepuff,Renate,Michael,1.0,0,0.8569738490326771,0.5576970868897173,0.7152627059157113,0.44230291311028286,0.6961458499920039,0.2548007408820021,0.2431190349937772,0.6698390400468132,0.7966812661243512,0.3742211601451874,0.5738159583535091,0.48860215862763273,0.23333478090936727,0,0,0,0,0,0,0,0,0,0,0
1028,Ravenclaw,Kira,Paterson,0.4,0,0.4989870559670909,0.16215742402260955,0.6908473314594106,0.8378425759773906,0.6769017538248308,0.6634276120784808,0.6315990835631404,0.6291913839386233,0.7471076328626192,0.6163325155548572,0.65830838307873,0.8445932402378613,0.4111043557562862,0,0,0,0,0,0,0,0,0,0,0
1029,Hufflepuff,Salvador,Bills,0.8,0,0.6465134621035213,0.6579528222415215,0.8213304114340237,0.3420471777584786,0.7219467988698758,0.2061003847928095,0.21349502663828623,0.8354302172040367,0.7686418542772067,0.5648421357392304,0.6394638544302726,0.5548825713530132,0.29350327875971693,0,0,0,0,0,0,0,0,0,0,0
1030,Slytherin,Hattie,Mcclain,0.4,1,0.5713777585327003,0.28561018954243467,0.26401261116321867,0.7143898104575656,0.27789327789327795,0.27727689312346854,0.3422484032807465,0.691712416127423,0.6684706253016596,0.8114620191245772,0.477949214796381,0.34460306596318263,0.2969340339601338,0,0,0,0,0,0,0,0,0,0,0
1031,Hufflepuff,Duncan,Ellington,0.8,0,0.6357886271902015,0.748141529052015,0.6884644538269195,0.25185847094798497,0.7464683618529773,0.25462022360797915,0.12304702253372067,0.6258051866849054,0.8131118180635544,0.3765148956233451,0.662719946555918,0.4273233208256535,0.2937204151648065,0,0,0,0,0,0,0,0,0,0,0
1032,Ravenclaw,Allene,Lister,0.8,1,0.3130770301408843,0.26916461639985145,0.7639072069896293,0.7308353836001488,0.7068073991150914,0.6509800072448467,0.6437034626460149,0.7082470683842316,0.7797186554108927,0.8062338859425551,0.34305577018341116,0.8928330598038565,0.4849958744083034,0,0,0,0,0,0,0,0,0,0,0
1033,Ravenclaw,Tiffany,Timm,0.8,1,0.6085473918624252,0.12244228988271473,0.6132852863189995,0.8775577101172854,0.6966256197025429,0.6425072606385263,0.6757900359259179,0.7051098687521644,0.7320455532519088,0.6709887431257701,0.31472802470762773,0.8383634496493346,0.3299387675337647,0,0,0,0,0,0,0,0,0,0,0
1034,Slytherin,Gil,Flowers,0.2,0,0.46494904350246663,0.20415141016977117,0.410693234767592,0.7958485898302288,0.2542779465856389,0.2254492455242352,0.27164014422118854,0.5952731808316997,0.7262213373729072,0.6996018751843867,0.05346307275681393,0.4148028201516081,0.37716593564076956,0,0,0,0,0,0,0,0,0,0,0
1035,Gryffindor,Clifford,Cleary,1.0,0,0.7374773827381965,0.744819201360906,0.3556628342203436,0.25518079863909404,0.7551575243882936,0.2018244516017837,0.8159940834116671,0.07148648003701433,0.24411557870599998,0.3738515838205505,0.4334130473430176,0.23772977458663172,0.9027011768793157,0,0,0,0,0,0,0,0,0,0,0
1036,Ravenclaw,Tyrell,Seely,0.8,0,0.6990937630484203,0.27907388411460093,0.753567071389598,0.7209261158853992,0.7393251239405085,0.6837807111493098,0.6448673568575617,0.6756292657532444,0.6668224166195601,0.5046351496102951,0.681014178966514,0.8064163670756235,0.36904503409041567,0,0,0,0,0,0,0,0,0,0,0
1037,Slytherin,Casey,Huynh,0.6,1,0.5722327315671748,0.22085980556531745,0.1391228157393879,0.7791401944346827,0.30257476411322565,0.35053130808210103,0.3424442306112398,0.7636117424878018,0.6988399510979451,0.9253409507706057,0.5681776722504707,0.391819325685738,0.23049029400269253,1,0,0,0,0,0,0,0,0,0,0
1038,Hufflepuff,Randy,Prather,0.8,0,0.5616658676522895,0.8036504466752917,0.5949225194536235,0.1963495533247082,0.7382056612825844,0.2807838698979872,0.26906364715642994,0.5368894244935362,0.7704131850540482,0.513072125154308,0.547132806039825,0.3864850797764682,0.4211577713119382,0,0,0,0,0,0,0,0,0,0,0
1039,Gryffindor,Latricia,Townes,0.2,0,0.46262159194593505,0.7809163210217676,0.1884000181606256,0.21908367897823247,0.6395863318940243,0.3955723885441402,0.6268908416192864,0.15504704255048066,0.10506759552445326,0.42234101966955473,0.605078883933331,0.1312464241378203,0.9034177270161116,0,0,0,0,0,1,0,0,0,0,0
1040,Ravenclaw,Rachael,Bullard,0.2,1,0.5722327315671748,0.32764286280315097,0.5944336574159926,0.6723571371968491,0.7549442934058318,0.6913614515712818,0.7251983520322652,0.6962448712783056,0.8033886325227564,0.9393531522315778,0.822307865439851,0.8446684772203192,0.4666695618187346,1,0,0,0,0,0,0,0,0,0,0
1041,Slytherin,Johnnie,Swanson,1.0,0,0.4186706462737578,0.21988701169365257,0.18539890762902658,0.7801129883063478,0.21024574870728716,0.4041400579152717,0.33701784304137117,0.6105090180254327,0.76402087545858,0.8642934416630954,0.4922029464806395,0.35870971943904684,0.3070091631562948,0,0,0,0,0,0,0,0,0,0,0
1042,Gryffindor,Taylor,Hauser,0.6,0,0.4482779951440546,0.6996073774494406,0.1527394452578246,0.30039262255055954,0.6892158430619969,0.2313330896212133,0.6182421875828389,0.23248878201919018,0.17817514164051818,0.46000294705181743,0.20645031952248807,0.20931349622327242,0.7968037521170801,0,0,0,0,0,0,0,0,0,0,0
1043,Ravenclaw,Santos,Blair,0.6,0,0.3233688508111285,0.21994556220524508,0.7206969911146952,0.7800544377947551,0.7031291646676263,0.7086355527600912,0.6114485693966497,0.6867742670486947,0.8538541210191241,0.7736715588303796,0.38172792632251407,0.9006916749155977,0.4176401615494854,0,0,0,0,0,0,0,0,0,0,0
1044,Ravenclaw,Dottie,Coyne,0.8,1,0.617486043023058,0.34268100418435854,0.7254786594418592,0.6573189958156415,0.8328269097499867,0.7324155841215484,0.6987040686828041,0.7692337922410248,0.7974567092867703,0.7243465673873367,0.550190458516151,0.8698397396126647,0.32164415685933906,0,0,0,0,0,0,0,0,0,0,0
1045,Gryffindor,Rodrick,Lemons,1.0,1,0.5137791318064426,0.8980536515289707,0.3159616137497122,0.10194634847102936,0.7323951170105016,0.22367012936676403,0.792004155304091,0.179258489226464,0.21758696022803684,0.5974482933708637,0.6748813636803024,0.20708474098545848,0.9529899682980849,0,0,0,0,0,0,0,0,0,0,0
1046,Hufflepuff,Carlo,Werner,1.0,0,0.4897313765213491,0.5075954586018546,0.7125287054547382,0.2216550260961974,0.7729090036782345,0.27373363869682976,0.24191370963514808,0.6312752373501098,0.7350951727879426,0.5087928744487646,0.5571091891081223,0.48151163450098555,0.43053806401181227,0,1,0,0,0,0,0,0,0,0,0
1047,Ravenclaw,Lourdes,Musselman,0.8,1,0.7284072808252015,0.26327772467196886,0.73073530910001,0.7367222753280314,0.7779199317660856,0.6871986551866474,0.7097210929446706,0.6383735256207024,0.7463276524347365,0.5601891451509541,0.6112157410044936,0.8269762762073156,0.36474573326964,0,0,0,0,0,0,0,0,0,0,0
1048,Ravenclaw,Garland,Bueno,1.0,0,0.7346395929666115,0.27613778771241476,0.7713483554003226,0.7238622122875854,0.8197665120742044,0.7982807087346401,0.7337391592196231,0.633007940938687,0.7915418229584669,0.5363021767976147,0.5828833375825417,0.8760257355397612,0.34442176575324623,0,0,0,0,0,0,0,0,0,0,0
1049,Ravenclaw,Clayton,Graham,0.4,1,0.6967121847115043,0.16319852090560624,0.7543878876058535,0.836801479094394,0.7131510208433285,0.7510100652319622,0.7614522474275088,0.6197553778525934,0.6675804743256318,0.532111063044137,0.5287238579710224,0.8695458100580621,0.41766187518999437,0,0,0,0,0,0,0,0,0,0,0
1050,Slytherin,Helene,Bergeron,0.2,0,0.5948765136167514,0.264307265954425,0.2850477843419013,0.7356927340455751,0.1983048136894291,0.3955723885441402,0.24263781429110282,0.6862068361429647,0.7277207964577401,0.7773086924409289,0.5200178538691851,0.3026225141616777,0.2573934945933035,0,0,0,0,0,1,0,0,0,0,0
1051,Gryffindor,Abbie,Kiefer,0.8,0,0.7307269999845352,0.6405037356287836,0.24589862737397,0.3594962643712165,0.673649981342289,0.16872920802250924,0.7480013739930088,0.0701812057092464,0.14879979650801764,0.29491951077724876,0.41738573631285975,0.1859263048142123,0.868198202110566,0,0,0,0,0,0,0,0,0,0,0
1052,Hufflepuff,Daniela,Crane,0.4,1,0.45795122403847643,0.7451407925894842,0.8120920669175776,0.25485920741051593,0.6246601631217016,0.2231038511607734,0.26965857115732544,0.6875981074151746,0.7257946172815605,0.6476273616303949,0.47594086837036337,0.4884544920128087,0.49986971815694625,0,0,0,0,0,0,0,0,0,0,0
1053,Slytherin,Kory,Crowell,0.8,0,0.5666146018588682,0.19004940115095575,0.1900478883723867,0.8099505988490445,0.19148142225065304,0.19750610541633806,0.13902975732619174,0.7741997122710007,0.7982099783485778,0.8107797523120285,0.5134916051200873,0.30661203937701553,0.12053241846527991,0,0,0,0,0,0,0,0,0,0,0
1054,Ravenclaw,Ramiro,Nixon,0.4,1,0.3684409940769837,0.235049571736207,0.6006818254483177,0.7649504282637932,0.7007836238605469,0.6298587343516537,0.5957814009967629,0.6265625244139418,0.7366416321192013,0.6855753349168677,0.2832555498454826,0.8005717449196795,0.43679159247839494,0,0,0,0,0,0,0,0,0,0,0
1055,Gryffindor,Kelli,Peeler,0.2,1,0.6487635896880751,0.5632239552196551,0.13054021060990548,0.436776044780345,0.6410256410256411,0.3193914318819466,0.7038771220701716,0.26526075830258244,0.32265846090114375,0.5271385908680918,0.4194470743574389,0.25164524752125084,0.6611152125765407,0,0,0,0,0,0,0,0,0,0,0
1056,Ravenclaw,Joseph,Abrams,0.4,0,0.7662032383279465,0.3041783494438897,0.6189979675738535,0.6958216505561104,0.8124100431792739,0.771274590976474,0.7390853958827277,0.7512773260279281,0.7798537432572253,0.6883810064718331,0.4530928705566182,0.8162830797079682,0.2508794024406132,0,0,0,0,0,0,0,0,0,0,0
1057,Ravenclaw,Tameka,Cooney,0.8,1,0.4147271237028904,0.2992168510451485,0.7256215496540588,0.7007831489548516,0.7419372034756649,0.8027172716873563,0.6031941986292657,0.6333352176976086,0.8320050439173051,0.6370760243014998,0.5279954026507383,0.862512836608295,0.3959048074000087,0,0,0,0,0,0,0,0,0,0,0
1058,Gryffindor,Ferdinand,Sheehan,0.8,0,0.501329972318018,0.6790081451056952,0.2096608693900703,0.3209918548943048,0.694706540860387,0.22095683633601335,0.646131745360689,0.1415883507712449,0.20525219672893127,0.38349506062438216,0.6483822028689171,0.21913248390405884,0.8382116645676814,0,0,0,0,0,0,0,0,0,0,0
1059,Ravenclaw,Kendrick,Cate,0.6,0,0.775188283871766,0.18382469108829147,0.7037663961944822,0.8161753089117088,0.7382589690281998,0.3955723885441402,0.8167382434786573,0.7794687627249054,0.7304489534798468,0.7275532892754486,0.06799927661966781,0.8865156798924676,0.3045555217787814,0,0,0,0,0,1,0,0,0,0,0
1060,Ravenclaw,Wallace,Holm,0.6,1,0.6439540386310564,0.23797706455812068,0.690126212152982,0.7620229354418796,0.705901167439629,0.7465122520485541,0.736906308660079,0.7189946373347212,0.7299142980010958,0.7047863625076886,0.6064507895368105,0.8397295062039632,0.3611195553046424,0,0,0,0,0,0,0,0,0,0,0
1061,Gryffindor,Alda,Ocampo,0.4,1,0.4718540742000835,0.7086102404745602,0.1689188535330037,0.29138975952543983,0.7086198624660163,0.305385093360974,0.6791810653783943,0.26214371601920383,0.21598564367654252,0.523047204731481,0.4056178697720375,0.24592892126449845,0.7790419941807444,0,0,0,0,0,0,0,0,0,0,0
1062,Gryffindor,Malik,Rawlins,0.0,0,0.39329291867064625,0.8605108631840951,0.4011289044098586,0.13948913681590497,0.9417879417879419,0.40931912969232825,0.7297837970987627,0.16159424316353793,0.6419646504520408,0.41019806153767463,0.8327692084244338,0.3877750571436111,0.8850697007860339,0,0,0,0,0,0,0,0,1,0,0
1063,Slytherin,Ashleigh,Glynn,0.2,0,0.7730928042311678,0.2611404331570814,0.23493842467794027,0.7388595668429188,0.09622048083586539,0.2616183746594133,0.20029930983655359,0.4972238747742954,0.8622792114763589,0.6355726111147575,0.3746717807434178,0.1793312779787531,0.2082338124810006,0,0,0,0,0,0,0,0,0,0,0
1064,Ravenclaw,Theresa,Dougherty,0.4,0,0.38556825387006477,0.44494304308569904,0.6860279718455288,0.5550569569143011,0.8542033157417773,0.6876475394138812,0.710947015806769,0.6372630735581633,0.7970448413689057,0.7941749069024548,0.7299314750139096,0.8327282558102322,0.48903461154297134,0,0,0,0,0,0,0,0,0,0,0
1065,Hufflepuff,Amelia,Tindall,0.0,1,0.6235250452345236,0.6528916605107291,0.8590888068299644,0.34710833948927095,0.583559891252199,0.4042330545196334,0.13767877116966273,0.6655344369598798,0.6200282458816382,0.25053054638678746,0.4784513625161693,0.48601743139818954,0.3738437486428975,0,0,0,0,0,0,0,0,0,0,0
1066,Hufflepuff,Royal,Houghton,0.6,0,0.48562547360932834,0.8106873806153533,0.7126795495062499,0.49291427683210426,0.7083000159923236,0.4519087391502253,0.06254907721141262,0.6479507296813335,0.6352237398667229,0.25078590328645983,0.6365316164950688,0.4285731530864849,0.3424892517479481,0,0,0,1,0,0,0,0,0,0,0
1067,Gryffindor,Mamie,Hightower,0.2,0,0.6848352226157153,0.9157417720259612,0.4508424982128374,0.08425822797403879,0.8160882776267393,0.2957911414335223,0.8792290352277639,0.06887553047827745,0.25605089671972986,0.4372843802235804,0.14544145336429673,0.25653031741584553,0.9808919963521084,0,0,0,0,0,0,0,0,0,0,0
1068,Hufflepuff,June,Lenz,0.8,0,0.3956667646103645,0.8479273394614547,0.6298374353996841,0.15207266053854543,0.7907137907137907,0.2608335363172677,0.2483518498843749,0.7083234154180131,0.7553196906584636,0.6824968330308753,0.7329592255680564,0.4617647339558539,0.4167716159291267,0,0,0,0,0,0,0,0,0,0,0
1069,Ravenclaw,Eddie,Reeve,0.4,0,0.533032800828913,0.1426020748613114,0.6036709893007348,0.49291427683210426,0.689588997281305,0.6655100483110634,0.7448576012645524,0.7005595947120148,0.7270086604936125,0.7792796198663992,0.4589815872192795,0.8525804319838032,0.39258262040213665,0,0,0,1,0,0,0,0,0,0,0
1070,Hufflepuff,Jaclyn,Salter,1.0,0,0.5205991061348839,0.7791213107870915,0.7299657604097021,0.22087868921290874,0.6501412655258809,0.25797691431482495,0.0967983336950612,0.9004360203284841,0.7649521056477881,0.6436354997020097,0.49997806518666976,0.46029789353293254,0.25385417119034176,0,0,0,0,0,0,0,0,0,0,0
1071,Slytherin,Vilma,Cummings,1.0,1,0.601619163973215,0.23740451946145702,0.17395628133302923,0.7625954805385431,0.15235353696892162,0.24223798395342758,0.19211281291100776,0.6772171760429296,0.6419646504520408,0.8297779507805869,0.5801433454595605,0.25627007606234387,0.16417683588830503,0,0,0,0,0,0,0,0,1,0,0
1072,Hufflepuff,Chas,Birch,0.6,0,0.6272211310950621,0.7206544414362308,0.6806285337050834,0.2793455585637692,0.7457753611599766,0.3208889418333223,0.11653693119124792,0.7193363526426145,0.7551654654845128,0.38099775423220344,0.3194683847927883,0.46074398146250584,0.24503843314370088,0,0,0,0,0,0,0,0,0,0,0
1073,Hufflepuff,Jefferson,Sommer,0.2,0,0.7015372005629185,0.7402387783707794,0.6522078736179561,0.2597612216292207,0.802548110240418,0.2621660920594785,0.18702107864918943,0.6797212750439677,0.7955079700450804,0.42196745153969767,0.7476334277307082,0.4489354247717206,0.25480957137273635,0,0,0,0,0,0,0,0,0,0,0
1074,Slytherin,Reuben,Qualls,0.8,0,0.6912221827010809,0.28221257646884196,0.11502451587284086,0.7177874235311582,0.09168932245855317,0.31877985436229606,0.21252128522288746,0.7329510376801979,0.730805004218799,0.8218419460374963,0.5076361718401158,0.1858535944468369,0.13117210231467408,0,0,0,0,0,0,0,0,0,0,0
1075,Slytherin,Theodore,Fields,0.4,0,0.33131775513044553,0.14973349295936042,0.3481249695134122,0.8502665070406398,0.27325550402473475,0.207673833368527,0.2399044345058036,0.6243932092372483,0.8434963879424197,0.8233665758976174,0.44781389660552307,0.4599528702066605,0.3366917097320537,0,0,0,0,0,0,0,0,0,0,0
1076,Ravenclaw,Rodolfo,Christiansen,0.8,1,0.7424725113279619,0.1621023739454731,0.6742719567570389,0.8378976260545271,0.7532917532917532,0.843532120073142,0.8401505063408238,0.7559544446357428,0.7249161774230068,0.7116748412743596,0.5234501016365424,0.9080281229102791,0.30620575845746295,0,0,0,0,0,0,0,0,0,0,0
1077,Hufflepuff,Felicia,Billups,0.6,0,0.6275304269829732,0.6904294475681767,0.6477621686890257,0.30957055243182346,0.8152886614425076,0.29894446587147055,0.25426479731305135,0.6638043818986068,0.7478498482238982,0.447887479184942,0.41446540803253845,0.5004957780261976,0.31367525079254793,0,0,0,0,0,0,0,0,0,0,0
1078,Slytherin,Joseph,Hendrix,1.0,1,0.7834232868874008,0.6987904162242982,0.8538980558821451,0.3012095837757019,0.7192281038434885,0.3955723885441402,0.20738157037960656,0.528056570222577,0.7633682620017327,0.23314797275184612,0.6470645862069743,0.4603910975559776,0.38600338732791944,0,0,0,0,0,1,0,0,0,0,0
1079,Slytherin,Lily,Dyson,0.2,0,0.6007454030898659,0.2683994025367569,0.3178849097492206,0.7316005974632432,0.09366170904632445,0.28588170711587785,0.24907147187503398,0.5177443303478925,0.791702442485365,0.7088891079408859,0.5327938331247966,0.25158376655424186,0.33087245407565036,0,0,0,0,0,0,0,0,0,0,0
1080,Ravenclaw,Ramiro,Bergeron,0.8,1,0.6927918593322302,0.39394892483908733,0.7930697419108439,0.6060510751609127,0.9078842155765232,0.7391788589506751,0.6683134237588164,0.6754608778036556,0.8192286366849861,0.5486714687644628,0.6344748895825782,0.8653600510713124,0.3288965127893343,0,0,0,0,0,0,0,0,0,0,0
1081,Slytherin,Gaylord,Beardsley,0.6,0,0.7797581306156535,0.2892892373841074,0.1789076212396011,0.7107107626158927,0.11551788474865402,0.3093138874640662,0.21790252227192566,0.6211549850062671,0.7470570362434014,0.6784593513596751,0.511795171951926,0.17655789682314652,0.16430711773135886,0,0,0,0,0,0,0,0,0,0,1
1082,Slytherin,Bridget,Briseno,0.4,0,0.505219368108501,0.20342769151288256,0.35765511849124026,0.7965723084871176,0.2897275974199051,0.2582636189879089,0.2967861711129732,0.6966776394589983,0.6206465735779633,0.7077032737969784,0.46985524765349385,0.42167521317612994,0.32696399878403615,0,0,0,0,0,0,0,0,0,0,0
1083,Hufflepuff,Trudy,Tejeda,0.8,0,0.6005752903515148,0.7180557031181891,0.7317286399804174,0.2819442968818109,0.6881496881496881,0.21045418931330923,0.28120535613428044,0.6250597706731864,0.7808418740504383,0.5633616187344428,0.3309754271385383,0.459979259297523,0.42306857167672735,0,0,0,0,0,0,0,0,0,0,0
1084,Gryffindor,Sydney,Plummer,0.4,0,0.41335075700168566,0.7606848368554271,0.3896523003403877,0.23931516314457296,1.0,0.25955997851271967,0.594638391563167,0.11873364909939486,0.2811559409804821,0.1936125462799086,0.42954029750059447,0.3912076041007528,0.8395579102792374,0,0,0,0,0,0,0,0,0,0,0
1085,Gryffindor,Barb,Schulte,0.2,1,0.7199171087020398,0.8298405071618825,0.3481464492826326,0.17015949283811754,0.777120315581854,0.19696825604229795,0.7499320994082131,0.14211741580492115,0.2407143371440089,0.3903686811713533,0.5104308078735691,0.2097306684469014,0.8581882138359318,0,0,0,0,0,0,0,0,0,0,0
1086,Hufflepuff,Mitch,Espinal,0.4,1,0.5924176113078576,0.6508484641433636,0.7431055414464127,0.3491515358566365,0.7367130444053521,0.2563193484683038,0.38521171815880634,0.8092307810615288,0.6838414583948363,0.6941521410854415,0.30560026783496436,0.5710964218077206,0.3919963521083945,0,0,0,0,0,0,0,0,0,0,0
1087,Gryffindor,Maxine,Ellington,1.0,1,0.5704498708689668,0.7308584201837681,0.09484987089475212,0.269141579816232,0.6258329335252412,0.3567022965684173,0.5962779313241965,0.3383707974484537,0.22849633924133925,0.5159599995121988,0.5350128496922217,0.16283276222474632,0.648760151126938,0,0,0,0,0,0,0,0,0,0,0
1088,Gryffindor,Grady,Pollard,1.0,0,0.7179994741969905,0.7229544163095108,0.18744274324486582,0.27704558369048926,0.6065355296124527,0.16119222507950728,0.7286872244780856,0.12707898516546914,0.06032562535908039,0.35784266010082094,0.5420450801336417,0.09978052136982962,0.8761019672558302,0,0,0,0,0,0,0,0,0,0,0
1089,Hufflepuff,Tiffany,Piazza,0.8,1,0.6904721401728964,0.5652936759586646,0.5520575739511768,0.4347063240413354,0.7500399808092115,0.22006255634839986,0.45908157018511264,0.5732066102786042,0.8686393592480006,0.44078530932097854,0.6499912416912289,0.4585042775593347,0.25893516306944026,0,0,0,0,0,0,1,0,0,0,0
1090,Ravenclaw,Fredric,Carlin,0.2,1,0.6349844578816325,0.21789160796201304,0.6843789845331657,0.7821083920379871,0.7562236793006024,0.7475602638502887,0.6320456009743759,0.7104127574065836,0.7845070625754686,0.5918801608150289,0.6740300607933182,0.85366884161436,0.28616406826768576,0,0,0,0,0,0,0,0,0,0,0
1091,Hufflepuff,Minnie,Alfred,1.0,1,0.5730788859162117,0.743830423766116,0.6349319027334192,0.49291427683210426,0.7388986619755851,0.19309341442359573,0.3144016301439985,0.6240764435232617,0.8131652464206433,0.6509037018667095,0.48750560913364144,0.4443350201764253,0.4096061145611673,0,0,0,1,0,0,0,0,0,0,0
1092,Hufflepuff,Vernon,Stowe,0.2,1,0.46759352334410714,0.682961491549918,0.6281767465917116,0.3170385084500821,0.6232208539900848,0.4156981696886168,0.35111598462475757,0.6787000512088398,0.5995819820697169,0.6085107989861401,0.4403125122131293,0.474534527318043,0.45913492856212273,0,0,0,0,0,0,0,0,0,0,0
1093,Hufflepuff,Terri,Spring,0.6,1,0.5731794070797829,0.6729518266538883,0.5993585364987782,0.3270481733461117,0.8564955488032411,0.2848639672807274,0.41134614912328277,0.7202733624192895,0.7107858451126664,0.655082606468803,0.511795171951926,0.5529213565789409,0.3724757892908325,0,0,0,0,0,0,0,0,0,0,1
1094,Hufflepuff,Annamarie,Lehman,0.6,1,0.5863476795076009,0.6523845259432032,0.9237357573204394,0.3476154740567968,0.5916626685857455,0.24620396012347562,0.19264251215127723,0.5717831097205665,0.721181773395225,0.34770308890327767,0.5629984216734482,0.498698512497481,0.48425761063099837,0,0,0,0,0,0,0,0,0,0,0
1095,Hufflepuff,Britt,Cordova,0.2,1,0.5655011366623881,0.7868601188038217,0.8597330819580377,0.21313988119617835,0.6348952502798657,0.294439512560649,0.2591511975042128,0.7610921351286849,0.6504506128066737,0.5659160245241868,0.49762766397786035,0.4859354567755109,0.4466495852694663,0,0,0,0,0,0,0,0,0,0,0
1096,Ravenclaw,Larry,Grimes,1.0,0,0.621166664089201,0.28411238081139906,0.7004697519721453,0.7158876191886011,0.7823444746521669,0.7457274268440662,0.7857007135862372,0.600627462789703,0.8089017913457203,0.6948863877567473,0.7554079203215993,0.8502688599182836,0.42141833499804576,0,0,0,0,0,0,0,0,0,0,0
1097,Slytherin,Erin,Troy,0.6,0,0.6383557830598642,0.272331091108689,0.28767918525184144,0.727668908891311,0.3059864598326137,0.3974653769521972,0.45908157018511264,0.6945244069900253,0.4703351198934118,0.6605865984615632,0.23551822917821955,0.37016623442833085,0.33150214965041036,0,0,0,0,0,0,1,0,0,0,0
1098,Ravenclaw,Mina,Ridgeway,0.8,0,0.8582342297759151,0.7546126123282888,0.5220189465058446,0.24538738767171128,0.6333445105435446,0.13729215221966623,0.8358518403872276,0.06881518426443003,0.25138086492067735,0.3993073726422091,0.6547194108075414,0.1789795170122611,0.8942545707213273,0,0,1,0,1,0,0,0,0,0,0
1099,Hufflepuff,Samual,Beasley,0.6,1,0.8092417611307857,0.6662738682047791,0.7128459673216593,0.33372613179522104,0.8037741883895729,0.1495362718281441,0.23481986438510966,0.5302334155882626,0.8824660827990379,0.5839482928558049,0.4803475059029124,0.45404452120363514,0.3100056455465323,0,0,0,0,0,0,0,0,0,1,0
1100,Slytherin,Shawna,Lucero,0.4,0,0.5491703137806783,0.26321272060599976,0.25532647793414515,0.7367872793940003,0.08134761980915826,0.30701250257117313,0.26401490087893326,0.5649284531236198,0.8001097558731672,0.8097839579934277,0.46801779995884313,0.2521457980426031,0.31102618665045384,0,0,0,0,0,0,0,0,0,0,0
1101,Gryffindor,Cassie,Ornelas,0.2,1,0.6249323415245195,0.6753840077143628,0.2837569561592244,0.3246159922856373,0.8337331414254492,0.2671279514948077,0.6484522212251171,0.15932302126025621,0.2687320068925512,0.26599221734235495,0.4004296463050625,0.297153796183015,0.7508576888001043,0,0,0,0,0,0,0,0,0,0,0
1102,Ravenclaw,Wendell,Oliver,0.2,0,0.4669362695822959,0.3156663586029886,0.6186852556668437,0.6843336413970116,0.7673116903886136,0.7371414435365521,0.5683355686061773,0.7637809094564741,0.8942722732380882,0.7713229744165667,0.42112681796051044,0.8308700707845259,0.2635384548573414,0,0,0,0,0,0,0,0,0,0,0
1103,Ravenclaw,Preston,Foltz,0.2,1,0.4223899293258896,0.23614344181466063,0.7131876598884165,0.7638565581853395,0.7110187110187111,0.6548597333936678,0.6470360310206289,0.6857541026511788,0.7597129498275603,0.7276474930829608,0.5381908458745243,0.8629302895669333,0.43618361054414384,0,0,0,0,0,0,0,0,0,0,0
1104,Ravenclaw,Deirdre,Beauchamp,0.4,0,0.45424740578074013,0.2574801592024447,0.7166823381271406,0.7425198407975554,0.6910816141585372,0.7152908595754404,0.6389083743646432,0.7187219603859829,0.7001914304264678,0.6881625676884907,0.5342393067672057,0.8482983808889082,0.41705389325574327,0,0,0,0,0,0,0,0,0,0,0
1105,Hufflepuff,Guy,Keeling,0.8,1,0.6350463170592147,0.7730920160762437,0.624123125543553,0.22690798392375638,0.7459885921424383,0.22002297484452193,0.3390562959046169,0.737935351077779,0.7778811928767521,0.7184998478807384,0.6482273279795889,0.445430728917222,0.35182611716680423,0,0,0,0,0,0,0,0,0,0,0
1106,Hufflepuff,Ruth,Sowell,0.2,1,0.8103088319440793,0.6272902103367449,0.7536529279098239,0.37270978966325513,0.6431046431046431,0.24024251310773753,0.06079060857842408,0.7658460310097689,0.8334888543263258,0.3503653948931939,0.5057811994362107,0.4466230105011741,0.14941156034220698,0,0,0,0,0,0,0,0,0,0,0
1107,Hufflepuff,Alejandro,Gilson,1.0,0,0.4435998948393981,0.8256819530317997,0.7223971671806368,0.17431804696820044,0.7066474758782451,0.25000749318751825,0.3107169018499722,0.6313192956107362,0.7226508185913976,0.6547790590044393,0.4417007889308997,0.4536444738155655,0.516176662179181,0,0,0,0,0,0,0,0,0,0,0
1108,Ravenclaw,Alexandra,Chesser,1.0,0,0.7516276696101325,0.3543312438162435,0.6156366459051441,0.6456687561837567,0.896902819979743,0.805874625275702,0.8045995120958797,0.7301146753304051,0.8223038428947679,0.7365624157788225,0.4793447989222829,0.8461392479333694,0.26970512876188824,0,0,0,0,0,0,0,0,0,0,0
1109,Hufflepuff,Roxann,Schuster,0.8,0,0.6375748109428885,0.7772375940271248,0.9008815616145848,0.22276240597287533,0.6345220960605576,0.3955723885441402,0.21965746645464188,0.6013672622681488,0.6709742508599666,0.35161168291523814,0.511795171951926,0.4551494941997343,0.47287966300429934,0,0,0,0,0,1,0,0,0,0,1
1110,Hufflepuff,Jordan,Downes,0.6,0,0.47467639917727295,0.8125621408677595,0.7152608446742529,0.1874378591322406,0.6967855429393891,0.3490748503894643,0.09494587280395692,0.9421329215050073,0.687439530320836,0.6061169311113973,0.4915183108604284,0.48216406266230005,0.24488643766013812,0,0,0,0,0,0,0,0,0,0,0
1111,Slytherin,Charlie,Hyland,1.0,1,0.5348035197872044,0.21363009003086236,0.10029268714358551,0.7863699099691379,0.19318727011034706,0.14586395610510122,0.11440510628612399,0.8410734998439819,0.9054465650484311,0.9775871318144632,0.44394758922047317,0.28076392487755786,0.048985972988231215,0,0,0,0,0,0,0,0,0,0,0
1112,Hufflepuff,Eduardo,Ennis,1.0,1,0.5395048172834542,0.749092342906001,0.6132481082660911,0.250907657093999,0.7583026813796043,0.17117958215247434,0.3284769109676061,0.5580578588675702,0.8329985106255378,0.6472117623249575,0.29131711425296464,0.43623637663184284,0.44856038563425543,0,0,0,0,0,0,0,0,0,0,0
1113,Hufflepuff,Leonard,Strange,0.4,1,0.6363994865688261,0.8471555525883776,0.2817923995522862,0.1528444474116225,0.7262647262647263,0.21936669880688991,0.666341334435605,0.10636765649286047,0.07073493953680084,0.5839482928558049,0.19964322893404876,0.13783920509320702,0.9003126764233292,0,0,0,0,0,0,0,0,0,1,0
1114,Hufflepuff,Devon,Pitts,0.2,0,0.4167298145771152,0.8425646304452452,0.6085422272048406,0.15743536955475484,0.7979103363718748,0.29991519872683575,0.07897485363230856,0.7477325146053817,0.7757722123881738,0.5235231529734753,0.6280385092512321,0.43969699708990106,0.28470925435358496,0,0,0,0,0,0,0,0,0,0,0
1115,Hufflepuff,Andria,Crowe,0.8,0,0.692482563444319,0.6227514341269655,0.736682358131013,0.3772485658730346,0.7384722000106616,0.17871222066491008,0.3115252109589685,0.6879012000357186,0.8070278385299121,0.5678575568933403,0.4876232599897513,0.523717616514855,0.3478090936726452,0,0,0,0,0,0,0,0,0,0,0
1116,Hufflepuff,Rodolfo,Baines,0.2,1,0.52325905077092,0.7519763121213383,0.6441250394838502,0.2480236878786618,0.9227570766032306,0.32559046075720116,0.30091755425142774,0.6080771226125142,0.6945546492489424,0.42348420187412716,0.45188524519170836,0.532149492515324,0.39946584444347943,0,0,0,0,0,0,0,0,0,0,0
1117,Hufflepuff,Odessa,Melancon,0.4,1,0.5215656557846063,0.8099573715264006,0.5893776442868902,0.19004262847359946,0.7962044885121808,0.2680420551947764,0.390115525445779,0.6279136282199923,0.7326731876400018,0.6882372839184593,0.20983792052580755,0.4487394717353181,0.4565292917010466,0,0,0,0,0,0,0,0,0,0,0
1118,Slytherin,Marina,Horning,1.0,0,0.6428019114485873,0.2752250218291162,0.14207930335986418,0.7247749781708841,0.19062849832080603,0.31161463613703544,0.2857365704469244,0.6616902252502994,0.7739019658772279,0.8304812397820577,0.34394636427046676,0.2514543477150142,0.1941633734311895,0,0,0,0,0,0,0,0,0,0,0
1119,Ravenclaw,Ellis,Hooker,0.6,0,0.5760249292485656,0.3067277993976893,0.7213811838098722,0.6932722006023109,0.7323951170105016,0.7478677763910887,0.605869775036532,0.633791173640075,0.7205996639774103,0.5222972111248768,0.71311687761075,0.8026503069275861,0.3818995092717245,0,0,0,0,0,0,0,0,0,0,0
1120,Gryffindor,Cori,Royer,0.6,1,0.5600265994463604,0.664702572530607,0.1566775176894376,0.33529742746939306,0.653552961245269,0.27268034352363396,0.6539415930881908,0.18165627695661485,0.14771065033085864,0.3749593628834488,0.5800659125213795,0.18866403262365394,0.7941981152560038,0,0,0,0,0,0,0,0,0,0,0
1121,Ravenclaw,Raymon,Frazer,0.2,1,0.4451231770873606,0.2960400214659816,0.6985100698519782,0.7039599785340186,0.7632603017218402,0.7087064437275448,0.7827464064742344,0.7528806861330306,0.8196387429823028,0.9336921654954347,0.44074912925524407,0.8985033455191046,0.43077691405741086,0,0,0,0,0,0,0,0,0,0,0
1122,Slytherin,Liz,Oswalt,0.8,1,0.5983638247529499,0.2167762672408532,0.2605539821383158,0.783223732759147,0.6333445105435446,0.21942446491138248,0.11464513400846633,0.6434414225348413,0.8398051983739967,0.7362418805831623,0.5656414646968253,0.2399352288186842,0.1895166543622704,0,0,0,0,1,0,0,0,0,0,0
1123,Slytherin,Phillip,Riggins,1.0,0,0.6096144626757187,0.19511814981073705,0.19117923451294366,0.8048818501892631,0.15416600031984648,0.20221495488053792,0.1364189556974474,0.7390631434296944,0.8173374288461264,0.7914884461787078,0.4621705934206118,0.2754240642681044,0.12066270030833369,0,0,0,0,0,0,0,0,0,0,0
1124,Gryffindor,Sunny,Hadley,0.4,1,0.5031625504538917,0.8381905572750246,0.2737176329375677,0.1618094427249754,0.7801588570819341,0.3252671427866699,0.7088607323942928,0.20111615098632293,0.17096143874775718,0.4301536158797134,0.4909875839544115,0.24030607976579954,0.8613366917097321,0,0,0,0,0,0,0,0,0,0,0
1125,Gryffindor,Lawrence,Johnson,0.6,1,0.7858203300187124,0.7571794807440267,0.30334004182094765,0.24282051925597323,0.6548323471400395,0.06512868150302246,0.7845986099509032,0.0776328391678713,0.18946528684085287,0.4127595704272769,0.3722388296030598,0.13169503868247692,0.9197898119598733,0,0,0,0,0,0,0,0,0,0,0
1126,Slytherin,Warner,Sun,0.4,1,0.38151647773842845,0.17160565744172027,0.19165825166376255,0.82839434255828,0.14712937789860867,0.28296776102109505,0.21923069981326082,0.6910556050866307,0.8487095879614369,0.9339195178735126,0.507873544401848,0.3502893535739537,0.23804664089981328,0,0,0,0,0,0,0,0,0,0,0
1127,Gryffindor,Stacia,Dietrich,0.8,0,0.5881338632602879,0.8132233407635215,0.28171704114493157,0.18677665923647865,0.6333445105435446,0.39580782066784037,0.7314152351259475,0.16944466934813857,0.19794509511722294,0.37939361916891146,0.8648255737374344,0.23962220928345823,0.831111304121249,0,0,0,0,1,0,0,0,0,0,0
1128,Slytherin,Wilbert,Cochrane,0.2,1,0.6722855419637196,0.24446108614389406,0.2382383517268961,0.755538913856106,0.18764326456634142,0.3660132895401726,0.3410508460775555,0.6744311398594857,0.5676834975765419,0.6937248800410997,0.43459897987089857,0.29600474779047553,0.2742215659877535,0,0,0,0,0,0,0,0,0,0,0
1129,Hufflepuff,Granville,Watson,0.2,1,0.755045389171551,0.7392300524713502,0.6582681292496935,0.2607699475286498,0.6992376992376993,0.2810067578164036,0.25505914605358015,0.5974470944822087,0.7756597285757416,0.4367032796709894,0.722663098041902,0.3948473334946627,0.32711599426759896,0,0,0,0,0,0,0,0,0,0,0
1130,Slytherin,Kenny,Bearden,0.4,0,0.5858450736897453,0.2573379434624471,0.35545435208742093,0.742662056537553,0.12143504451196761,0.27964163917338386,0.26611558973268845,0.6085366955232505,0.6659428704371396,0.6983739807669328,0.2610956127056562,0.2942987211397399,0.3456594432622574,0,0,0,0,0,0,0,0,0,0,0
1131,Hufflepuff,Ima,Gregg,1.0,1,0.3741320384145493,0.8320495278178452,0.6639586207624919,0.16795047218215475,0.7543046004584465,0.31207052087578185,0.42800859756095716,0.6364327508261323,0.6387888960369145,0.7357787896056952,0.6208246574331923,0.4860668407598043,0.5795804924653668,0,0,0,0,0,0,0,0,0,0,0
1132,Hufflepuff,Jo,Sheffield,0.2,0,0.5362958724463758,0.7824473456430567,0.6045605437354347,0.21755265435694332,0.8536169305400073,0.15767252853222216,0.2341982929604045,0.7993503687125073,0.863306724920037,0.5839482928558049,0.48733155452362076,0.49039465166119356,0.276588352803231,0,0,0,0,0,0,0,0,0,1,0
1133,Slytherin,Monica,Schilling,0.2,1,0.5315404481697416,0.21268046096183393,0.2107333308484094,0.49291427683210426,0.13183005490697802,0.26278777062430925,0.21098104462817566,0.6847737878453846,0.7959884870691204,0.8404054122437453,0.49691726332980296,0.29088638710325776,0.2164198549528814,0,0,0,1,0,0,0,0,0,0,0
1134,Gryffindor,Tessa,Hargett,0.6,0,0.5957425421029028,0.7494654942155854,0.22213542150530932,0.2505345057844147,0.7149634841942534,0.3608886557065763,0.6461872799705461,0.19948215234821817,0.22006201421455013,0.355821817788261,0.5647810115211273,0.21410845017992317,0.7529204846484562,0,0,0,0,0,0,0,0,0,0,0
1135,Gryffindor,Abigail,Lindberg,1.0,0,0.6209810865564542,0.7795667625090381,0.36511886637601854,0.22043323749096194,0.8273362119515965,0.4578875251811486,0.8510444703887196,0.1918983654890665,0.4102908057132843,0.5479093636105755,0.6322260971649307,0.3628143460081449,0.7985625569983064,0,0,0,0,0,0,0,0,0,0,0
1136,Ravenclaw,Moses,Kowalski,0.4,0,0.33967647650124494,0.2853271416666727,0.807117439406182,0.7146728583333274,0.722213337597953,0.6503264729073494,0.5941305793206461,0.7232689892495564,0.7838907935865591,0.7397424175050593,0.8088941758887894,0.8969037174368444,0.45694185087071704,0,0,0,0,0,0,0,0,0,0,0
1137,Ravenclaw,Marsha,True,0.4,0,0.5746253653557676,0.2620803366604352,0.6426003521215264,0.737919663339565,0.7344741190895037,0.8796326161734118,0.6826009799105373,0.7266896618706615,0.8688297767959411,0.7348756796795889,0.5212593089700648,0.8607641382361645,0.27109480175446216,0,0,0,0,0,0,0,0,0,0,0
1138,Ravenclaw,Claire,Mcgee,0.2,0,0.7500038661985989,0.34005571476249846,0.6337125366932125,0.6599442852375017,0.8816034969881124,0.8332017571868809,0.8309280543243901,0.7182249657831683,0.8312132741680901,0.7488005397129015,0.5313066043639765,0.860799230112311,0.2852738090068181,0,0,0,0,0,0,0,0,0,0,0
1139,Slytherin,Dalia,Perea,0.8,0,0.6938357329539304,0.2318160546088306,0.2789848162195488,0.7681839453911696,0.2617410309718002,0.18395112331642915,0.18473198126364831,0.760153631141018,0.6738383189870074,0.662678799582976,0.46827853239654926,0.31548888036702216,0.16131063534112128,0,0,0,0,0,0,0,0,0,0,0
1140,Hufflepuff,Carrie,Mann,0.6,0,0.6367474444427261,0.7866876430445328,0.7271246082192949,0.21331235695546727,0.75776960392345,0.24114437240451797,0.3133367960427076,0.6459340511941495,0.747642072281432,0.5543129382074983,0.5042332626248337,0.45927798324461233,0.4160550657923308,0,0,0,0,0,0,0,0,0,0,0
1141,Gryffindor,Holly,Berman,0.6,1,0.7002458902308893,0.7260035420250667,0.28559443560228437,0.2739964579749333,0.7734420811343888,0.24630339396594286,0.6570651453829062,0.12849681631997906,0.20057923167608133,0.22936884271689004,0.6290796254905878,0.22024559821542414,0.7865983410778652,0,0,0,0,0,0,0,0,0,0,0
1142,Slytherin,Leonard,Gaither,0.2,1,0.619481001500085,0.3380089797278918,0.12287918965138264,0.6619910202721083,0.07990831067754148,0.22404314007584505,0.22059384171456992,0.6583709082109532,0.9245750307563537,0.9867098822358085,0.24036553456466164,0.16344167645963975,0.17939809788509145,0,0,0,0,0,0,0,0,0,0,0
1143,Hufflepuff,Laverne,Conklin,0.2,1,0.4488037981535036,0.5075954586018546,0.869327332504237,0.2106326401320126,0.6379870995255611,0.3474767331222572,0.18409117870877068,0.5765814835433658,0.6390942911896823,0.3605752584178847,0.7796933285873048,0.4688339222218044,0.5302253875884831,0,1,0,0,0,0,0,0,0,0,0
1144,Ravenclaw,Russell,Finney,0.2,0,0.45352829284134666,0.3146113079124829,0.785283699713932,0.6853886920875172,0.8159283543898929,0.7087691178622875,0.6371387427154086,0.564311828632452,0.7270994191295777,0.5126543075727374,0.4960106303858871,0.8687867025932621,0.48755808398836153,0,0,0,0,0,0,0,0,0,0,0
1145,Slytherin,Freddie,Bower,0.6,1,0.7407559191500549,0.309457845832851,0.15242114392654796,0.6905421541671491,0.1225545071698918,0.3253840271435684,0.2968581050743221,0.6409117357876547,0.725018972819819,0.7892600684272851,0.44450624062788086,0.18686508268488253,0.20534589829330785,0,0,0,0,0,0,0,0,0,0,0
1146,Gryffindor,Hans,Bess,0.4,0,0.5178850347184634,0.8367505991992039,0.2978301386810605,0.49291427683210426,0.7351671197825044,0.26761003531978383,0.7535329912082849,0.14578061867464392,0.20748993444793354,0.4864717137007451,0.663618152779588,0.22041656583600966,0.9215920441221176,0,0,0,1,0,0,0,0,0,0,0
1147,Gryffindor,Lidia,Silvers,0.2,0,0.47168396146173236,0.7375514202113094,0.18178809059485257,0.2624485797886908,0.7424702809318194,0.35103897941128254,0.629294789004103,0.24157791108949533,0.16865514062951945,0.3945333035968808,0.6039897181464039,0.2403262926864599,0.7696399878403614,0,0,0,0,0,0,0,0,0,0,0
1148,Hufflepuff,Alonso,Nadeau,0.6,1,0.37823794132657007,0.8178985873160723,0.5734801830827071,0.18210141268392785,0.7842635534943228,0.2729331321432054,0.13484519111599014,0.8583811875644077,0.7787349556462173,0.712211823287745,0.46471896165620147,0.46927383398117634,0.26963998784036136,0,0,0,0,0,0,0,0,0,0,0
1149,Slytherin,Loretta,Gilmer,0.8,1,0.7498028238714566,0.3002228221246393,0.2447989046343594,0.6997771778753609,0.2518790980329442,0.39642669913292156,0.3983757614017236,0.622009641562789,0.5441349904059162,0.5839482928558049,0.566838895936113,0.28519785361241423,0.29565292917010466,0,0,0,0,0,0,0,0,0,1,0
1150,Slytherin,Henrietta,Rhyne,0.6,0,0.4065153178788488,0.15605947794359906,0.1448737448291777,0.8439405220564011,0.2002772002772003,0.2080040597663938,0.18067900726970948,0.7781832028831861,0.8799911757341513,0.9794583286552373,0.31570447942573515,0.3591889340997025,0.15177834715768448,0,0,0,0,0,0,0,0,0,0,0
1151,Slytherin,Cameron,Tillery,0.8,1,0.7509549510539257,0.5075954586018546,0.3302455718515875,0.6966067085746382,0.26952396183165417,0.26066826086328154,0.33102803470230385,0.6403914810001393,0.5917383834554134,0.6202590711544054,0.5791322793530397,0.2990313519243547,0.29747687497285796,0,1,0,0,0,0,0,0,0,0,0
1152,Ravenclaw,Chasity,Slack,0.8,0,0.772242240539412,0.5075954586018546,0.7252344615818803,0.7849949264263569,0.7687509995202303,0.7724839772787714,0.8080871499374702,0.6492196983505641,0.7728726596568426,0.6283101238808417,0.413345633677417,0.8695098759768879,0.3536934902505754,0,1,0,0,0,0,0,0,0,0,0
1153,Gryffindor,Geri,Shields,0.4,1,0.7083571748913599,0.7827564965367666,0.28267010044249735,0.21724350346323354,0.6534996534996536,0.06922781606032598,0.6770255373005829,0.04577821360776552,0.10188352397012221,0.2676138663639638,0.8477878035070902,0.09374387646761208,0.9337733964476485,0,0,0,0,0,0,0,0,0,0,0
1154,Gryffindor,Darwin,Watson,0.4,0,0.5118846944929867,0.7041801246687898,0.2017529802916226,0.2958198753312104,0.7091529399221708,0.16612961248743816,0.5814656753171648,0.16560891078161788,0.17118221633699574,0.33107169120548835,0.39715631345595903,0.1902412019051804,0.8144135145698528,0,0,0,0,0,0,0,0,0,0,0
1155,Gryffindor,Cori,Trask,0.8,0,0.5194624437468104,0.6390501507153111,0.2780048746630877,0.36094984928468893,0.8627858627858626,0.45073511079747336,0.67638993834538,0.17140971366236057,0.32700057276094047,0.298544975305407,0.7269699157091337,0.38511256631662816,0.7244756155817085,0,0,0,0,0,0,0,0,0,0,0
1156,Ravenclaw,Cary,Mcintire,0.4,1,0.6582667058441458,0.13021843064288705,0.7196548840721155,0.869781569357113,0.6807932192547578,0.7683200974547347,0.6987615760196894,0.6766485650135001,0.8180638236409093,0.6359224772261517,0.6628985768165695,0.8830839751403537,0.3189299517957181,0,0,0,0,0,0,0,0,0,0,0
1157,Hufflepuff,Sylvia,Kirk,0.8,0,0.5718571671589626,0.7940497885498178,0.7288418383602652,0.20595021145018225,0.7433232048616665,0.27411731721957017,0.22456772989640864,0.565069726615153,0.7526355012950109,0.42563009091395665,0.4180700431324447,0.4364811775598408,0.42925695922178314,0,0,0,0,0,0,0,0,0,0,0
1158,Slytherin,Jamey,Irish,0.6,0,0.5468505946213446,0.1608349960681417,0.22535794137832374,0.8391650039318586,0.21941468095314243,0.19247988111679498,0.1401123791083453,0.8144735867117264,0.7366787054131401,0.7791657387072103,0.3530470675393754,0.350828645526572,0.1291527337473401,0,0,0,0,0,0,0,0,0,0,0
1159,Gryffindor,Max,Craft,0.0,0,0.4625829299599462,0.8865357410166318,0.3659927079845775,0.11346425898336819,0.8208859747321287,0.18534869176570481,0.732042794831694,0.11030737109087363,0.18371818297524534,0.4257049371018622,0.3756609319181614,0.24420436610315718,0.9889043296999175,0,0,0,0,0,0,0,0,0,0,0
1160,Hufflepuff,Justina,Frierson,0.4,0,0.5516137512951765,0.7249819712367096,0.7127816394399685,0.27501802876329046,0.7192814115891039,0.31065551169548267,0.13718873628283781,0.7604402513359902,0.6419646504520408,0.4637210172999248,0.33651252474316506,0.48363651778540573,0.29204846484561603,0,0,0,0,0,0,0,0,1,0,0
1161,Slytherin,Man,Sepulveda,0.6,1,0.6272984550670399,0.22992735475964476,0.22632596956259235,0.7700726452403553,0.18380510688202997,0.24525585671419736,0.21778415121398637,0.7057028613405391,0.7336271525602993,0.7593378051604466,0.3283899021632549,0.28763379128699634,0.1937508142615191,0,0,0,0,0,0,0,0,0,0,0
1162,Gryffindor,Dewey,Forrest,0.6,1,0.48414085334735474,0.7674146990683199,0.18883571275829375,0.23258530093168023,0.7262647262647263,0.22775250324418705,0.6143963518699892,0.2574789762442186,0.19863684245372193,0.4671974382866578,0.7246787408021336,0.2053503600987963,0.7827984539887958,0,0,0,0,0,0,0,0,0,0,0
1163,Hufflepuff,Ronda,Jamison,0.6,0,0.49398419498012774,0.7967283691256619,0.631351972524201,0.49291427683210426,0.7734420811343888,0.21527556809121787,0.1860221466500587,0.5801125473742891,0.8301407546172175,0.5201350274631595,0.511795171951926,0.42143434253826,0.3894775698093543,0,0,0,1,0,0,0,0,0,0,1
1164,Ravenclaw,Nola,Hawkins,0.6,0,0.5939331611586224,0.22860384309226026,0.6830607341849125,0.7713961569077399,0.7290900367823444,0.6930218290962302,0.6926266837630399,0.626816496171004,0.7438368868790243,0.6208544781636102,0.2920565374482662,0.8276559356645189,0.39983497633213183,0,0,0,0,0,0,0,0,0,0,0
1165,Hufflepuff,Leone,Moya,0.2,1,0.7772914959095619,0.6591541015513659,0.573621013876521,0.3408458984486341,0.8008955701263394,0.2885776147118081,0.1956089777902097,0.9169125726448504,0.7951027697688762,0.5741397902752077,0.4838319124846807,0.49437940438137556,0.07790854214617622,0,0,0,0,0,0,0,0,0,0,0
1166,Ravenclaw,Dino,Darby,0.6,1,0.837712447613009,0.24226654936161052,0.7485149471631929,0.7577334506383897,0.8187536649075111,0.7998732832987042,0.8403694031097375,0.6257112273531873,0.6215558970940465,0.48163562007348615,0.511795171951926,0.8637413330084298,0.39388543883267474,0,0,0,0,0,0,0,0,0,0,1
1167,Ravenclaw,Shanna,Pipkin,1.0,0,0.629888808128296,0.19560651278751237,0.6410587419848999,0.8043934872124878,0.6631483554560478,0.7159417136087248,0.637114401157016,0.5894208069970571,0.6880507679479715,0.5071385583090768,0.5147886579174047,0.7730010404039447,0.37918530420810354,0,0,0,0,0,0,0,0,0,0,0
1168,Gryffindor,Kim,Ochoa,0.6,1,0.47657083649072884,0.7992985836067418,0.325493108267549,0.20070141639325823,0.8370382216536063,0.4642330980383174,0.7848437211045178,0.20060024419149128,0.3151520754645846,0.5036138763595003,0.3073625397980429,0.3540733807625773,0.8324141225517872,0,0,0,0,0,0,0,0,0,0,0
1169,Hufflepuff,Doris,Casey,1.0,0,0.6171922119295424,0.7013808146848468,0.7082655732916223,0.29861918531515325,0.6755690601844447,0.3774672937015695,0.3635317076604721,0.5292376095973497,0.639723665260757,0.4227164472802856,0.3003813238110793,0.4569004384519373,0.4910105528292874,0,0,0,0,0,0,0,0,0,0,0
1170,Ravenclaw,Jim,Mcduffie,0.8,1,0.4981210274809396,0.5075954586018546,0.7095822472197636,0.7759356688627744,0.7052614744922437,0.6100233865330167,0.6688326485539381,0.5697747007282028,0.6919642533707361,0.6227216020988767,0.5030364986288642,0.8238533799652904,0.4809788509141443,0,1,0,0,0,0,0,1,0,0,0
1171,Hufflepuff,Houston,Mills,0.8,1,0.6561480290119542,0.6681534147634325,0.7160233793815712,0.33184658523656757,0.6751425982195214,0.24687595550608385,0.1757314283508851,0.5595006101927705,0.8074875254603705,0.3688516874216571,0.4669603540799057,0.43553875013405097,0.351326703435098,0,0,0,0,0,0,0,0,0,0,0
1172,Hufflepuff,Santiago,Loy,0.4,0,0.5235606142616334,0.7979226911873362,0.6402926846234747,0.20207730881266392,0.8519110826803135,0.33372040433208017,0.25824726543087795,0.725210066932282,0.6939456107807009,0.525944530392234,0.7958851557632417,0.49780605590332444,0.34661484344465193,0,0,0,0,0,0,0,0,0,0,0
1173,Hufflepuff,Pearlie,Avila,0.4,1,0.7540556423302353,0.7703088113397163,0.6528550435814405,0.22969118866028385,0.7469481315635161,0.1957460022980288,0.14150424172830528,0.7654035122519718,0.8681968055285405,0.5298562636662837,0.3842206839314841,0.4081157122331409,0.18701958570373908,0,0,0,0,0,0,0,0,0,0,0
1174,Ravenclaw,Candy,Gagne,0.2,1,0.5367288866894515,0.2399430616393311,0.6142950136733891,0.760056938360669,0.7442294365371288,0.5986709702885509,0.6785490852403563,0.6134777111084508,0.6299930268740348,0.60120670108605,0.5616588680219389,0.7846318918339246,0.4527945455335042,0,0,0,0,0,0,0,0,0,0,0
1175,Ravenclaw,Evelyn,Beebe,0.0,1,0.5812288325626711,0.2968960373353874,0.7410010643400586,0.7031039626646127,0.7537182152566768,0.6323528590687217,0.6542371140906018,0.5697747007282028,0.7314736986451682,0.6508122921427436,0.449102175391729,0.8282120717176888,0.39955269900551527,0,0,0,0,0,0,0,1,0,0,0
1176,Hufflepuff,Elma,Hamlin,0.2,0,0.6191021140373939,0.7377501062063332,0.7386832773925747,0.2622498937936668,0.738045738045738,0.2274588970414592,0.2553607236401367,0.6683801279848326,0.7711181088346041,0.527853212174705,0.6520670936725617,0.47593174545869077,0.37918530420810354,0,0,0,0,0,0,0,0,0,0,0
1177,Gryffindor,Lowell,Lerma,0.6,0,0.4642995221378532,0.9263019633855889,0.3241961428005124,0.07369803661441107,0.7715763100378485,0.18285503085439223,0.6521190940978265,0.12862520049088583,0.13400624582669077,0.3781490703889102,0.6306236649369898,0.17374633570629322,0.9602206105875712,0,0,0,0,0,0,0,0,0,0,0
1178,Hufflepuff,Georgiana,James,0.6,1,0.5541422451788504,0.772183611054522,0.7014524893356883,0.22781638894547807,0.8011621088544165,0.22694499909852348,0.26310419968526855,0.703726793040457,0.7716874831210376,0.5863493855463598,0.4296387882618019,0.493815688482958,0.3746037260607114,0,0,0,0,0,0,0,0,0,0,0
1179,Slytherin,Carole,Thomas,0.4,0,0.4235265917139632,0.1842047893270054,0.32296251046004715,0.8157952106729949,0.32229862999093767,0.19236536090879247,0.2570744301498373,0.789098216169149,0.6783989074512363,0.8260221675473934,0.4646392974051442,0.45493978514788275,0.27602379814999783,0,0,0,0,0,0,0,0,0,0,0
1180,Slytherin,Matilda,Mitchell,1.0,0,0.5722327315671748,0.29300962734353164,0.23041782279386708,0.7069903726564685,0.1186097339943493,0.34589930659482065,0.45908157018511264,0.5667632714497643,0.7050990598738031,0.6866150414122578,0.4931661663987569,0.21089291138487137,0.2663178008424893,1,0,0,0,0,0,1,0,0,0,0
1181,Ravenclaw,Lenny,Bentley,0.2,0,0.27551304455407266,0.2643397418387975,0.68817721069838,0.7356602581612026,0.6938003091849246,0.7295077756066135,0.5341166944278037,0.5979467238952789,0.8211311122279987,0.6447798926711885,0.413666362975602,0.8416898787730085,0.44239371172970865,0,0,0,0,0,0,0,0,0,0,0
1182,Hufflepuff,Tamela,Settle,0.2,1,0.8395682229404761,0.5662585050471701,0.6680696511461527,0.43374149495283,0.6263660109813955,0.21091571976723242,0.28984289843069516,0.7241533031271937,0.8244808693883797,0.5660924367786518,0.612551087072089,0.45761182096517816,0.24158596430277504,0,0,0,0,0,0,0,0,0,0,0
1183,Slytherin,Johnathon,Faison,0.6,0,0.8168891019593895,0.3208314260588632,0.17805082832484523,0.6791685739411369,0.0,0.28521488517501437,0.1868531886514165,0.5066741615301597,0.8817367651076753,0.7043638163113835,0.49680370753254005,0.08676424266958856,0.18239458027532898,0,0,0,0,0,0,0,0,0,0,0
1184,Hufflepuff,Sal,Alston,0.2,0,0.4940305893633144,0.8015463303590381,0.6102641975619221,0.1984536696409619,0.7008369316061623,0.35176686943640556,0.20405264982457616,0.6221096291289433,0.713111559106252,0.49661943834517086,0.5222794550116675,0.40243110903242457,0.3885655969079776,0,0,0,0,0,0,0,0,0,0,0
1185,Ravenclaw,Savannah,Macon,0.2,0,0.6801725871054545,0.2842107084029821,0.6715582711572383,0.715789291597018,0.6333445105435446,0.826392604091987,0.7055155105122141,0.7354045376929841,0.80142902712035,0.6789755802800325,0.7567181435601552,0.8415217185025148,0.2785860077300561,0,0,0,0,1,0,0,0,0,0,0
1186,Gryffindor,Lorri,Muir,0.6,0,0.5818938187216801,0.6354373726240807,0.09375597911720548,0.36456262737591943,0.6218348526040834,0.3140127353798775,0.6434836067506623,0.2298755633999173,0.12407956374124705,0.3888826865112891,0.5009783907375701,0.1727441117235508,0.7366786815477483,0,0,0,0,0,0,0,0,0,0,0
1187,Gryffindor,Ashley,Fogg,0.6,1,0.7360082272706184,0.843131277513934,0.33272425727034766,0.15686872248606615,0.736446505677275,0.14155251125706822,0.7096393054032749,0.10825197794327963,0.18276366132313276,0.32711435854726656,0.524257180791866,0.150039106386778,0.8827680548920833,0,0,0,0,0,0,0,0,0,0,0
1188,Hufflepuff,Alana,Mccauley,0.6,0,0.5631118259282742,0.7780261397950581,0.775312692378441,0.22197386020494195,0.6484354176661868,0.3227791944720675,0.14310116387924354,0.5529816299300615,0.7158758051531388,0.32225919636023476,0.5245560559064637,0.41070324681267517,0.4273895861380119,0,0,0,0,0,0,0,0,0,0,0
1189,Ravenclaw,Bettina,Guajardo,0.8,0,0.6278938496512689,0.20305549040618992,0.6781520866679832,0.7969445095938102,0.7002505464043925,0.5751678331454891,0.6788971950776134,0.6693019955838291,0.6419646504520408,0.556719713184213,0.45728522395591165,0.7904279468332814,0.4405914795674643,0,0,0,0,0,0,0,0,1,0,0
1190,Slytherin,Miguel,Dejesus,0.4,0,0.6317677806473563,0.1976439109261303,0.23365707241358455,0.8023560890738699,0.30300122607814917,0.27193631283560005,0.2491094253117637,0.6950351772724633,0.6987024379860947,0.6712608185965712,0.7309033511150922,0.3573419784743619,0.18801841316715162,0,0,0,0,0,0,0,0,0,0,0
1191,Hufflepuff,Juli,Loftin,1.0,0,0.5219213460557042,0.6909818807788882,0.1979471075121792,0.30901811922111183,0.6956660802814649,0.243732969994498,0.6558300135056628,0.18562021849380247,0.22790927153034496,0.43376232281057125,0.2879690851135976,0.2216133391801083,0.802167021322795,0,0,0,0,0,0,0,0,0,0,0
1192,Ravenclaw,Herman,Perea,0.4,1,0.45812906917402535,0.32212358336202496,0.7760387886922293,0.6778764166379753,0.8050535742843435,0.6529053943624611,0.7138038612255699,0.6913079504884855,0.7303153247783896,0.5839482928558049,0.7095007732488998,0.8885257425581361,0.4796543188430973,0,0,0,0,0,0,0,0,0,1,0
1193,Gryffindor,Venus,Wenger,1.0,1,0.4163586595116218,0.6772515949199203,0.1728292913228588,0.32274840508007985,0.6333445105435446,0.22612900964816596,0.5983816542113191,0.185988820735429,0.2001578306597868,0.4119419469528303,0.6247469985853296,0.22601498338891007,0.8150214965041039,0,0,0,0,1,0,0,0,0,0,0
1194,Ravenclaw,Louie,Duff,0.8,1,0.7932588961229761,0.2264182704658664,0.6700866161455454,0.7735817295341337,0.7268511114664962,0.6784588238487731,0.7188797219714925,0.6244798550728942,0.6072490297035456,0.4756243642304803,0.6677997700906123,0.7714087114319229,0.37542884440005214,0,0,0,0,0,0,0,0,0,0,0
1195,Gryffindor,Damian,Collins,0.4,1,0.41678394135749963,0.8036752843908851,0.25536736047879777,0.19632471560911496,0.808891731968655,0.39186859586678446,0.6633478100684188,0.2537212075976166,0.2732850377421905,0.48377593109923184,0.4692223247864039,0.30054451362378964,0.7858600773005602,0,0,0,0,0,0,0,0,0,0,0
1196,Ravenclaw,Leslie,Valle,0.6,1,0.7221827010809891,0.3161025672847568,0.7075326526053953,0.6838974327152434,0.6333445105435446,0.7168397794511693,0.6716747989664813,0.6605417996659741,0.6828372980162505,0.49631923261054633,0.347813112767429,0.8060382170182689,0.3456160159812394,0,0,0,0,1,0,0,0,0,0,0
1197,Ravenclaw,Lorene,Cates,1.0,1,0.607820546525834,0.27920739848765885,0.721681939353247,0.7207926015123413,0.8078255770563463,0.7638466347553319,0.701934294688843,0.6430046636529302,0.7480053549021175,0.578144735491269,0.3952036854893681,0.8640880407447566,0.3806184044816954,0,0,0,0,0,0,0,0,0,0,0
1198,Hufflepuff,Alexandria,Farmer,0.6,1,0.5492476377526561,0.7175317811927898,0.4841126029857875,0.2824682188072103,0.8447145370222293,0.2033841991302697,0.37346112883330457,0.7538949248012545,0.8172162859734328,0.8105488558754361,0.5248909681814782,0.48697979100963046,0.3123072914404829,0,0,0,0,0,0,0,0,0,0,0
1199,Ravenclaw,Rolando,Braun,0.6,0,0.563088628736681,0.34094080214223654,0.6910573580180422,0.6590591978577636,0.8260035183112107,0.7026439243959572,0.6691712602398381,0.5942389046660387,0.6734163551290867,0.5218091436988316,0.8729202863936897,0.8088211431641872,0.43796412906587917,0,0,0,0,0,0,0,0,0,0,0
1200,Slytherin,Alvaro,Gore,0.8,0,0.8304826562330854,0.3044046421790858,0.2639454901991737,0.6955953578209143,0.11956927341542728,0.3238666010275877,0.2998063189427238,0.5900181522075163,0.6194043740165484,0.6059919958082133,0.6509916358275657,0.19169175969757016,0.2601728405784514,0,0,0,0,0,0,0,0,0,0,0
1201,Hufflepuff,Sierra,Mcclendon,0.2,0,0.6629834681347911,0.626745000477443,0.6984226334748108,0.3732549995225572,0.7844767844767845,0.2879402222714426,0.29155773599503076,0.7822847291375351,0.7162669930124765,0.527941518054506,0.4412165495881256,0.55552770040409,0.28664176835888305,0,0,0,0,0,0,0,0,0,0,0
1202,Hufflepuff,Adelaida,Faber,0.2,1,0.5061936501554212,0.7210944415576895,0.7284230634657441,0.2789055584423106,0.766032304493843,0.26743749781393494,0.27198902231053007,0.5868911621143683,0.7326092707304361,0.4753604103884938,0.8076127757859333,0.5029283468806687,0.4558344552047597,0,0,0,0,0,0,0,0,0,0,0
1203,Ravenclaw,Hellen,Friday,1.0,0,0.512889906128698,0.29616496450406343,0.732996899835815,0.7038350354959366,0.7857028626259396,0.6597926160430985,0.8251249231852704,0.6750109681945649,0.6830428318495885,0.7910808342141429,0.19240500273715092,0.8786099012991858,0.5167629304729231,0,0,0,0,0,0,0,0,0,0,0
1204,Ravenclaw,Hope,Schmitt,0.8,0,0.5254782487666827,0.20279232434633626,0.7452176389931536,0.797207675653664,0.7065941681326297,0.6956294770170861,0.6067323635939283,0.6796987556491285,0.7604395339770565,0.596718905228468,0.511795171951926,0.8649254732771157,0.3744734442176576,0,0,0,0,0,0,0,0,0,0,1
1205,Hufflepuff,Bettie,Hammonds,0.4,0,0.5343705055441288,0.5075954586018546,0.8540577899151458,0.3050192552525643,0.5985926755157523,0.3393620783025081,0.14609599371356205,0.6674992566961309,0.667797026954958,0.3662305001124917,0.40851885732255644,0.4860499966592534,0.41683675685065363,0,1,0,0,0,0,0,0,0,0,0
1206,Ravenclaw,Jack,Hulsey,1.0,1,0.4360453427771678,0.2825510320509502,0.6920009728905671,0.7174489679490499,0.7285569593261901,0.6076403318679077,0.6946769038696571,0.7363516763881626,0.7381249005268606,0.8308831425598656,0.6429954743055398,0.8480516148158462,0.4479524037000044,0,0,0,0,0,0,0,0,0,0,0
1207,Slytherin,Hilary,Fort,0.4,0,0.7188732350803396,0.31993140543856835,0.1261074562412934,0.6800685945614318,0.05773228850151928,0.348018134662426,0.2981848359108933,0.631369481398596,0.7516634250877681,0.8493752211642499,0.34173357929944365,0.15413278429051808,0.21214226777261477,0,0,0,0,0,0,0,0,0,0,0
1208,Slytherin,Morgan,Bunker,0.2,1,0.7242008567496095,0.23863086414740534,0.19609414707590694,0.7613691358525948,0.1341222879684418,0.2901260361503833,0.20002918450004875,0.6684602604178705,0.722644382273229,0.6809794256197501,0.22199178068318856,0.22670053828130612,0.1590307030876797,0,0,0,0,0,0,0,0,0,0,0
1209,Gryffindor,Marquis,Mackenzie,0.6,1,0.6602230023351839,0.8142366052070755,0.16510383555706534,0.18576339479292456,0.6343088650780959,0.2751408542766073,0.6072662883421397,0.22892573301309466,0.10375092652355301,0.35018728037845065,0.7173755229398538,0.0920215671863441,0.7601076996569246,0,0,0,0,0,0,0,0,0,0,0
1210,Hufflepuff,Aurora,Grimm,0.4,1,0.6504028578940043,0.6970821867703099,0.8089891477923846,0.30291781322969036,0.6972120049043126,0.2588397175402224,0.2858785898678442,0.6857337369645554,0.712130579896445,0.495245750205487,0.47639386756420915,0.5062401777838665,0.40574108655057106,0,0,0,0,0,0,0,0,0,0,0
1211,Hufflepuff,Violeta,Bess,0.2,1,0.5934614849295579,0.7164187622221091,0.838319450490843,0.283581237777891,0.6616024308332001,0.34551627810226426,0.23204518508604166,0.46283036651442805,0.6610639881018675,0.23650137407235908,0.6748047230897799,0.4579616167866061,0.5142658618143918,0,0,0,0,0,0,0,0,0,0,0
1212,Slytherin,Stan,Kirkwood,0.2,0,0.8049966750692049,0.32433376316307155,0.1010970976698199,0.6756662368369286,0.18129964283810437,0.33235673807495436,0.28240815348992127,0.651684287129333,0.7426578346468218,0.7512394017351092,0.710187690042567,0.1737963065379257,0.13753419898380165,0,0,0,0,0,0,0,0,0,0,0
1213,Hufflepuff,Camille,Cowley,0.2,0,0.5389790142740052,0.7515707523995817,0.713019645343324,0.24842924760041843,0.693000693000693,0.17823050823220293,0.4195545690256078,0.5234260780330862,0.7721585212021079,0.6794669454469684,0.7924887049361712,0.45093818832715066,0.5687453858513919,0,0,0,0,0,0,0,0,0,0,0
1214,Hufflepuff,Donnell,Hammons,0.8,1,0.591389202480553,0.7100060205547563,0.5220189465058446,0.2899939794452437,0.6689055919825151,0.3346721154172767,0.14231793297869053,0.3538622824999087,0.727676693828164,0.11127405632479993,0.5430770059431941,0.40936161420384426,0.48343249229165763,0,0,1,0,0,0,0,0,0,0,0
1215,Gryffindor,Michell,Dunne,1.0,1,0.8257581615452423,0.6010255449302747,0.20702355105724948,0.39897445506972534,0.6837251452636068,0.29021359964891064,0.7475854856761897,0.13090087999450659,0.14516354685971894,0.24495786578236367,0.5064584356775921,0.20390766288666345,0.7547661440917185,0,0,0,0,0,0,0,0,0,0,0
1216,Slytherin,Reed,Cuevas,1.0,1,0.4546494904350247,0.16684195718942102,0.201910787627855,0.8331580428105791,0.2756543525774295,0.2879378623610327,0.21007193827467163,0.6803832704915009,0.8208899943513774,0.7869579164472348,0.4627274860433896,0.388293293970542,0.19414165979068052,0,0,0,0,0,0,0,0,0,0,0
1217,Ravenclaw,Christa,Dunn,1.0,0,0.6674063993319209,0.24913376858813446,0.7848307219667678,0.7508662314118657,0.7774934698011622,0.7658016206801989,0.7288044071237467,0.7176271831097794,0.7393699223066503,0.6182638211365964,0.6331244390590617,0.8967936693132493,0.35975159595257744,0,0,0,0,0,0,0,0,0,0,0
1218,Ravenclaw,Kent,Soule,0.8,1,0.3729721788348824,0.2082850945368544,0.6282784544466412,0.7917149054631457,0.6866570712724559,0.6140788630659099,0.6693935666603275,0.6743917689545245,0.7291233956273402,0.7907402542202437,0.53349635953928,0.8367685940622295,0.461653710861163,0,0,0,0,0,0,0,0,0,0,0
1219,Ravenclaw,Virgie,Lafleur,0.8,0,0.6284041878663224,0.3682462806768403,0.6997740487611331,0.6317537193231598,0.8529239298470067,0.6180641309937976,0.6430954727491864,0.8829976404118235,0.8119586417944977,0.8097497506948464,0.3706040033659157,0.8521436083095323,0.25602553524123856,0,0,0,0,0,0,0,0,0,0,0
1220,Slytherin,Jamar,Parr,0.6,0,0.723381222646645,0.3087535853634667,0.2906083625029448,0.6912464146365336,0.13620129004744383,0.31955542340121357,0.2916299831046683,0.5453614774245096,0.7011833448178962,0.6494495854185284,0.7613066401461108,0.22488558644701165,0.3009510574542928,0,0,0,0,0,0,0,0,0,0,0
1221,Hufflepuff,Rosario,Sharpe,0.4,0,0.39994278026073643,0.8133859356857993,0.5776051961529786,0.18661406431420074,0.7248254171331096,0.35458926491023346,0.23485518339026581,0.669377016637328,0.7023800684092472,0.6060235551288113,0.4570546199915034,0.42844345351224794,0.4080644460850307,0,0,0,0,0,0,0,0,0,0,0
1222,Slytherin,Erika,Bedford,0.4,0,0.8298176700740764,0.3371657179722429,0.11380383481545651,0.6628342820277572,0.15336638413561493,0.361489083244952,0.34398662507186484,0.8272848825115611,0.4890649910163639,0.7905293910388018,0.6231141448370922,0.18386627131691138,0.15649020714813044,0,0,0,0,0,0,0,0,0,0,0
1223,Gryffindor,Marianne,Frazer,0.4,1,0.7416296800334039,0.6967379858641245,0.3077107582281591,0.3032620141358755,0.835172450557066,0.3323861644545192,0.6736653671091473,0.13513388169833723,0.21238296194673642,0.15805781271465932,0.21851596481165383,0.2769784940138879,0.7411951187736137,0,0,0,0,0,0,0,0,0,0,0
1224,Hufflepuff,Thomas,Fredrickson,0.8,0,0.6603776502791395,0.674977468042629,0.7398462541583761,0.3250225319573711,0.7034490111413189,0.20593627942436213,0.2293817944105133,0.7885825395826019,0.7866456704113828,0.5911683644586904,0.431518857817111,0.500825922396983,0.29291701046597474,0,0,0,0,0,0,0,0,0,0,0
1225,Ravenclaw,Dawna,Mackenzie,0.4,1,0.627120609931491,0.24523028792569312,0.7079471949672796,0.754769712074307,0.7220001066154912,0.6624887667253362,0.7022142845061224,0.6231592139581238,0.7186199877079131,0.6095005801063375,0.324977761460232,0.8138499493834779,0.42039779389412435,0,0,0,0,0,0,0,0,0,0,0
1226,Gryffindor,Dee,Faison,0.6,0,0.5151554985076473,0.7186854450331592,0.16580766244154338,0.2813145549668408,0.7088864011940936,0.20892706536427275,0.558051769916669,0.25604429811937385,0.22071154331480716,0.41103169210769847,0.5669679838796307,0.1943778322653238,0.7290137664480828,0,0,0,0,0,0,0,0,0,0,0
1227,Slytherin,Alva,Keen,0.8,0,0.6055317569552913,0.34494589145955357,0.14306274685475281,0.6550541085404465,0.16600031984647368,0.2539518516372385,0.28795115729441545,0.6685781991267713,0.8457439203188276,0.9616679562779633,0.36083381160775607,0.21735486982598407,0.21883006904937685,0,0,0,0,0,0,0,0,0,0,0
1228,Slytherin,Vincenzo,Straub,0.2,1,0.5482733557057359,0.19107529235500612,0.3730578484087226,0.808924707644994,0.3472466549389626,0.2080304268699911,0.2680363975268604,0.6264578265368397,0.7175675374496873,0.6395803021123693,0.528166360003186,0.4300088319233886,0.3035784079558779,0,0,0,0,0,0,0,0,0,0,0
1229,Slytherin,Kasey,Shelly,0.6,1,0.39579821536272675,0.15502057674303288,0.16496243841113678,0.8449794232569673,0.21936137320752705,0.2633706024700256,0.20986926599041808,0.7226345573430082,0.8603143337384498,0.920746488874688,0.441960052440858,0.3774813465623156,0.18949494072176143,0,0,0,0,0,0,0,0,0,0,0
1230,Ravenclaw,Sofia,Mckay,1.0,1,0.6773270649366717,0.27111926313953655,0.8051901266297706,0.7288807368604636,0.7580894503971427,0.5592194986667958,0.6634268136575054,0.6509394505114626,0.612221060041777,0.49542096164381577,0.5203942116709872,0.8166648793204423,0.4534676683892822,0,0,0,0,0,0,0,0,0,0,0
1231,Ravenclaw,Katheryn,Stover,0.4,0,0.5998561774121213,0.241990353802199,0.7013958201237519,0.7580096461978011,0.7353270430193507,0.8595571488629697,0.7295367687952337,0.5738035860330154,0.7928208293470682,0.5810545578582441,0.39606138483374703,0.8545862836243343,0.39284318408824426,0,0,0,0,0,0,0,0,0,0,0
1232,Gryffindor,Darryl,Matthew,1.0,0,0.6577795648206857,0.7246060743538538,0.2342157225861247,0.27539392564614623,0.760914760914761,0.43797501921763704,0.7216728308669674,0.25861245072850836,0.2950173403298198,0.43738102030759946,0.3522535859903736,0.2803711765997266,0.6900377817344856,0,0,0,0,0,0,0,0,0,0,0
1233,Hufflepuff,Deloris,Peachey,1.0,1,0.6540293521797628,0.7089063281433592,0.7811603841628797,0.29109367185664103,0.7225331840716456,0.27669767143025253,0.2535599162634891,0.6628332176808207,0.7215207482798865,0.4395131618559786,0.5411945780142899,0.4928541710765464,0.3804881226386416,0,0,0,0,0,0,0,0,0,0,0
1234,Hufflepuff,Dennis,Passmore,1.0,0,0.5086138904783261,0.803047258195558,0.6547803723852658,0.19695274180444197,0.8714217175755637,0.24291927819197975,0.30777751622575905,0.6199385225242677,0.7625952812557514,0.5641570345547056,0.1516967697962772,0.4925579956418697,0.42717244973292223,0,0,0,0,0,0,0,0,0,0,0
1235,Hufflepuff,Dwight,Jamieson,0.4,1,0.43821814638974377,0.8849724152025832,0.767775803487179,0.49291427683210426,0.6866570712724559,0.277572405528603,0.252997134510345,0.5832809147848497,0.7089652691505639,0.5561347575572994,0.574269520089863,0.4187847655216983,0.5388674165110523,0,0,0,1,0,0,0,0,0,0,0
1236,Ravenclaw,Kimberly,Dent,1.0,1,0.45070596786415723,0.15171415087281906,0.6687640632832826,0.8482858491271811,0.6141052294898448,0.6722829724560966,0.6016418836436019,0.6261240388261745,0.654941781466822,0.5794051939374769,0.2640313150134361,0.8118480280330757,0.44347939375515705,0,0,0,0,0,0,0,0,0,0,0
1237,Gryffindor,Isiah,Abreu,0.2,0,0.5807262267448154,0.7556377199423351,0.39275248561376075,0.24436228005766494,0.9215843061996908,0.38614545899367936,0.8077781302451599,0.18071012308895462,0.40101900840398225,0.46309319173234814,0.4508037378135542,0.40956851590560395,0.8031007078646807,0,0,0,0,0,0,0,0,0,0,0
1238,Hufflepuff,Dwight,Bosley,0.6,0,0.8263535561294713,0.5005708475205205,0.78145041121573,0.49942915247947967,0.6366544058851752,0.18194415068192726,0.2981098846586893,0.5681235119636713,0.8174262935094289,0.3945567720645761,0.42594221663660004,0.5022413883132263,0.3497633213184522,0,0,0,0,0,0,0,0,0,0,0
1239,Slytherin,Sonja,Gillespie,0.2,0,0.5832547206284893,0.2986578644107528,0.06232378589822539,0.7013421355892473,0.2073138226984381,0.3448525125079165,0.3449194038889899,0.7291780740241078,0.7592518508833992,0.9800458515103261,0.6545749144826314,0.25768413830354087,0.18795327224562472,0,0,0,0,0,0,0,0,0,0,0
1240,Hufflepuff,Stephanie,Hackney,0.4,1,0.5781126764919661,0.734340496293098,0.6257986634969839,0.265659503706902,0.7282904205981129,0.34232087724652394,0.34267155853585524,0.5619401699486757,0.6891422777672594,0.49977285862632204,0.46122524071866056,0.4425613363884794,0.44575932600859863,0,0,0,0,0,0,0,0,0,0,0
1241,Slytherin,Hershel,Means,0.4,1,0.5810741846187155,0.2692237845822665,0.23610488145946262,0.7307762154177337,0.1312436697052082,0.23158507250523647,0.23532254096408864,0.5892537185670392,0.8702765051972521,0.837627298519033,0.5071822236622558,0.25129517096481363,0.25758891735788425,0,0,0,0,0,0,0,0,0,0,0
1242,Hufflepuff,Kathryn,Nesmith,0.6,1,0.5649985308445324,0.6909406180093509,0.714147835185338,0.30905938199064925,0.5935284396822859,0.37767661629138244,0.45908157018511264,0.7058686930139861,0.6205491656847814,0.5899080026977093,0.4906556453658837,0.4708299481370146,0.44148173882833197,0,0,0,0,0,0,1,0,0,0,0
1243,Ravenclaw,Alba,Pulido,0.2,1,0.7153859239441411,0.26384985609799017,0.5220189465058446,0.7361501439020101,0.8193933578548963,0.70435120143981,0.7126647469358378,0.5032293990521081,0.6790190990934848,0.42110636487315567,0.71645944977588,0.7765879916161303,0.40543709558344554,0,0,1,0,0,0,0,0,0,0,0
1244,Hufflepuff,Lester,Villegas,0.2,1,0.6115939563583502,0.7409767039111989,0.5452691576887043,0.49291427683210426,0.9375233221387067,0.26103520988961987,0.3498918062063905,0.865671428382002,0.7578176108879947,0.726733951646048,0.3608285529327062,0.5459773761270816,0.23622269509705998,0,0,0,1,0,0,0,0,0,0,0
1245,Hufflepuff,Eve,Kelsey,0.0,0,0.7350880720040827,0.6159040465745881,0.5678435108886423,0.38409595342541203,0.65611173303481,0.1837118437645962,0.24994551106386712,0.7379072077360508,0.875191149870623,0.6603610024863298,0.8627034712031468,0.4268191207491808,0.22039345116602252,0,0,0,0,0,0,0,0,0,0,0
1246,Ravenclaw,Leonard,Jude,0.2,0,0.5897190046858327,0.1660008191393129,0.6301021264144996,0.8339991808606874,0.698598006290314,0.713712186034084,0.6209562851744258,0.7411231217465379,0.7745144037413255,0.6614604751384586,0.8673169899877304,0.8411197059693811,0.2791505623832892,0,0,0,0,0,0,0,0,0,0,0
1247,Ravenclaw,Jordon,Scribner,0.2,0,0.2515967400213414,0.24445225866488868,0.6762547834296844,0.7555477413351115,0.7034490111413189,0.7934629385010039,0.45908157018511264,0.6745278725587921,0.9706316859404046,0.8994515442722486,0.37261505896339964,0.9142711080442378,0.40396056802883573,0,0,0,0,0,0,1,0,0,0,0
1248,Ravenclaw,Curt,Bradley,0.4,0,0.44793776966735227,0.3595219933076764,0.6913422145159447,0.6404780066923236,0.8148088917319687,0.7413533096478525,0.6556012947845766,0.6825561309005425,0.8319486002645181,0.7333981591652768,0.6685049994609354,0.8554978301991142,0.3881530377383072,0,0,0,0,0,0,0,0,0,0,0
1249,Hufflepuff,Dalton,Mcdermott,0.2,0,0.3854058735289114,0.7947536746686241,0.7300325653889085,0.20524632533137604,0.6568580414734261,0.33915521738905535,0.17309039444165306,0.6277722890511692,0.6801858496306953,0.4857625834904482,0.5604018711713787,0.44559243228250434,0.4699917488166066,0,0,0,0,0,0,0,0,0,0,0
1250,Hufflepuff,Leslie,Perron,0.2,1,0.4767796112150689,0.7726023980095617,0.6216144164605968,0.22739760199043846,0.8247774401620556,0.3211108930945492,0.3015965517165695,0.725485423383979,0.695904346577022,0.6115711946718642,0.6110857798176978,0.5071736216893624,0.38222521387935904,0,0,0,0,0,0,0,0,0,0,0
1251,Hufflepuff,Nestor,Tafoya,1.0,1,0.5752284923371944,0.7826937614879435,0.5905063219413711,0.21730623851205658,0.7511061357215203,0.3976726236813581,0.34884044385726537,0.882996982137679,0.6241523175921884,0.7231886748900767,0.36057313851179734,0.48581249484149464,0.30620575845746295,0,0,0,0,0,0,0,0,0,0,0
1252,Hufflepuff,Murray,Evans,0.0,0,0.40100211867683216,0.8975524355937322,0.719241042678234,0.10244756440626794,0.7323418092648861,0.28472141314202193,0.16814120334985438,0.5142869930957791,0.7451920855911118,0.44307539479001695,0.45319246259014523,0.39588015759340495,0.508772310765623,0,0,0,0,0,0,0,0,0,0,0
1253,Hufflepuff,Lauri,Nieto,0.4,0,0.5597250359556469,0.7552943399601392,0.5950710475074129,0.24470566003986083,0.8427421504344582,0.12480289064862841,0.27664719110043384,0.7309656124218536,0.8829250488888122,0.733904729128594,0.34213402389534314,0.48081709608829476,0.3146957918964694,0,0,0,0,0,0,0,0,0,0,0
1254,Slytherin,Isabella,Smoot,0.4,0,0.6435210243879808,0.21311009954341067,0.22413452640260995,0.7868899004565895,0.17463617463617462,0.1934376986154069,0.15283810428972627,0.7601839404332926,0.7498210011241981,0.75522132265289,0.511795171951926,0.2807226568312093,0.13738220350023886,0,0,0,0,0,0,0,0,0,0,1
1255,Ravenclaw,Kareem,Mullins,0.8,0,0.8456149575491394,0.5075954586018546,0.6672966271608846,0.86377642891089,0.635908097446559,0.8854560749169691,0.6399698242043429,0.6851342825103235,0.7098073543666038,0.4231746708087731,0.4890813241737417,0.8018883921126942,0.21116515394971122,0,1,0,0,0,0,0,0,0,0,0
1256,Ravenclaw,Ida,Leroy,0.2,0,0.48802251674063996,0.30548612907280065,0.9030970941640354,0.6945138709271995,0.7914067914067914,0.6715107439853699,0.6616417811857543,0.5995204328103189,0.7099563395816145,0.5260204801641118,0.511795171951926,0.9049507057397397,0.5246666956181874,0,0,0,0,0,0,0,0,0,0,1
1257,Ravenclaw,Gina,Crittenden,0.6,1,0.7419621731129085,0.2559476766958079,0.6109949532947422,0.7440523233041922,0.7845833999680153,0.6892689582814967,0.7431906500359622,0.813157503258973,0.6822653887531114,0.721449090469188,0.5664035926653405,0.8213205887125437,0.2750249706865853,0,0,0,0,0,0,0,0,0,0,0
1258,Ravenclaw,Herlinda,Thornburg,0.6,0,0.5218440220837264,0.22821944760252644,0.7017450180104806,0.7717805523974737,0.7357535049842742,0.3955723885441402,0.6022215254707783,0.6784343279293535,0.7903932486846471,0.5700245628266295,0.5050140714542132,0.8710581295524693,0.31908194727928085,0,0,0,0,0,1,0,0,0,0,0
1259,Gryffindor,Darrin,Lees,1.0,1,0.5647124321482145,0.7047266593254068,0.27989822728651365,0.2952733406745932,0.7386854309931232,0.1123947098018964,0.6321717795052892,0.04775481780299555,0.1287858269061697,0.21645028599364613,0.5402073409976276,0.1940145611634561,0.9150345246884093,0,0,0,0,0,0,0,0,0,0,0
1260,Hufflepuff,Kelsey,Shelley,0.4,1,0.5324219414502884,0.8059351364636727,0.6724660216230807,0.19406486353632718,0.6324964017271709,0.3758715418574262,0.17725450347511468,0.635388870885365,0.6783939238259536,0.4484260657434426,0.5710629881053063,0.386163638190966,0.39303860685282493,0,0,0,0,0,0,0,0,0,0,0
1261,Hufflepuff,Jeramy,Wolford,0.4,1,0.8174226373660363,0.6542824160159991,0.6617828171479004,0.3457175839840009,0.7249320326243404,0.3012800843103986,0.2467297583986946,0.5884618618200558,0.7707187004251105,0.3342867650165181,0.26256903024466594,0.43219856499492726,0.2790854214617623,0,0,0,0,0,0,0,0,0,0,0
1262,Hufflepuff,Patrice,Osborne,0.2,1,0.4770889071029801,0.796242749360041,0.579672347831583,0.20375725063995895,0.6333445105435446,0.23181169367753787,0.3106877133236095,0.5676347588046866,0.7960201723788821,0.6304694016740187,0.4609385333123058,0.43184989211353636,0.44790897641898647,0,0,0,0,1,0,0,0,0,0,0
1263,Slytherin,Troy,Burden,0.6,1,0.519794936826315,0.2473080978965702,0.3274753591262964,0.75269190210343,0.10085825470440857,0.2512558902800887,0.24846325504451072,0.5327567881127814,0.8336866254098081,0.7832237886126857,0.4396052603539638,0.28626464664726664,0.3486559256524949,0,0,0,0,0,0,0,0,0,0,0
1264,Slytherin,Stan,Taylor,1.0,1,0.7617880395280144,0.30827789849418247,0.10565444728817394,0.6917221015058177,0.13183005490697802,0.29675927248458667,0.266809776884121,0.7122404805393646,0.7325492850267435,0.8298523561689467,0.44061186003466746,0.1748962263038597,0.13885873105484867,0,0,0,0,0,0,0,0,0,0,0
1265,Ravenclaw,Raleigh,Boles,1.0,1,0.5495801308321606,0.21012418016576825,0.7382336754775638,0.7898758198342318,0.6971586971586972,0.7600421129552951,0.7028152697648755,0.6588042950348229,0.7928826170422838,0.6784482898461471,0.5129099293322599,0.8757932869521666,0.39783732140530687,0,0,0,0,0,0,0,0,0,0,0
1266,Slytherin,Russel,Curtin,0.2,0,0.4506982354669595,0.1387438624170258,0.2223507859227966,0.8612561375829743,0.1165307319153473,0.23104729879263528,0.10716210406473567,0.7230450339753505,0.8471237294697808,0.8201536412184445,0.7153709634708831,0.32869044417331705,0.16506709514917273,0,0,0,0,0,0,0,0,0,0,0
1267,Slytherin,Junior,Alexander,0.2,0,0.5722327315671748,0.2573133322306599,0.2586460618086698,0.7426866677693403,0.07937523322138715,0.2773323780496801,0.22744680562310376,0.5226534772839427,0.8594648723265695,0.7574342107881008,0.9015172031249108,0.23001433432956886,0.2818647674469102,1,0,0,0,0,0,0,0,0,0,0
1268,Hufflepuff,Mike,Rudd,0.6,1,0.5864404682739743,0.671840860359216,0.8030042916558086,0.328159139640784,0.748280825203902,0.2284287879506865,0.18664549634694333,0.6843145497942903,0.7690987323125713,0.4307381350312651,0.6175186545352224,0.5321416319350678,0.3568853954053937,0,0,0,0,0,0,0,0,0,0,0
1269,Gryffindor,Frances,Bock,1.0,1,0.4913087855496961,0.6655242322138708,0.20622583150302623,0.3344757677861293,0.6906018444479983,0.12888095503287622,0.6539828212907343,0.1321050156919064,0.17290957527124065,0.39998709420228007,0.4938325354699823,0.20738849626538283,0.878143049463673,0,0,0,0,0,0,0,0,0,0,0
1270,Hufflepuff,Josefa,Wynne,0.8,1,0.4862131357963596,0.7895422087161358,0.63161243711953,0.2104577912838643,0.7920464843541767,0.3240020415301946,0.23143307863487173,0.6700351060510196,0.7191688081373105,0.5218292752563838,0.5099602970413373,0.4662823217234436,0.37490771702783693,0,0,0,0,0,0,0,0,0,0,0
1271,Gryffindor,Tiffany,Titus,1.0,0,0.7742449314136368,0.7119483328768085,0.3149400873383434,0.2880516671231917,0.7515859054320593,0.27440417807511364,0.7536927433716067,0.09729822842417829,0.22373949174231786,0.2743542214273687,0.38119299028573445,0.23116113684203426,0.8167368741043124,0,0,0,0,0,0,0,0,0,0,0
1272,Slytherin,Rosemarie,Barnard,0.6,0,0.4866152204506441,0.1994928731714243,0.21277032550008354,0.8005071268285758,0.32251186097339946,0.27782130980637526,0.45908157018511264,0.798855394153875,0.6569998635228047,0.8374046990716074,0.362343734363121,0.4123357208910084,0.21830894167716158,0,0,0,0,0,0,1,0,0,0,0
1273,Gryffindor,Tammy,Doyle,1.0,1,0.4802591899540696,0.8692562190817466,0.2603673403948467,0.13074378091825348,0.7990831067754145,0.4391123574651634,0.6676348097493779,0.2983386855317645,0.3101044228341109,0.5290092132528332,0.6004641885393793,0.2755116535909658,0.7387414773961003,0,0,0,0,0,0,0,0,0,0,0
1274,Hufflepuff,Isidro,Maclean,0.8,0,0.4258540432704947,0.7699428639762493,0.7380801416824714,0.23005713602375075,0.6813796044565276,0.30943641241285835,0.15852651129711437,0.7786122827374106,0.691965476599357,0.5669229179093191,0.5436675503365707,0.4868043316288976,0.3770356537977157,0,0,0,0,0,0,0,0,0,0,0
1275,Hufflepuff,Isaias,Humphreys,0.6,1,0.73805731252803,0.4825417905303573,0.6707870228079872,0.5174582094696428,0.7541979849672157,0.3955723885441402,0.36409056321002664,0.8859733553693692,0.7509242378624327,0.6668593015459156,0.4453503324549072,0.6139576393329955,0.21813523255308986,0,0,0,0,0,1,0,0,0,0,0
1276,Hufflepuff,Dominic,Merchant,0.2,0,0.8304826562330854,0.5802966158171599,1.0,0.41970338418284037,0.6333445105435446,0.3527400979306952,0.05197951096210671,0.5163372278415851,0.6880894984241473,0.0,0.5133892943087736,0.4308049964093999,0.3679159247839493,0,0,0,0,1,0,0,0,0,0,0
1277,Gryffindor,Colleen,Hairston,0.4,0,0.45157199635030854,0.842956633526188,0.29907202838589103,0.15704336647381217,0.799882722959646,0.3478695658912769,0.6458887668307189,0.16821601270144085,0.23519083093483348,0.3764019591302701,0.6105352738533046,0.25745140898093793,0.8466799843661789,0,0,0,0,0,0,0,0,0,0,0
1278,Hufflepuff,Gilda,Martens,0.4,1,0.714272458747661,0.6408786646110873,0.7741409771485953,0.49291427683210426,0.721360413668106,0.12593735632913514,0.354539817843645,0.6458120250521036,0.8280748779976018,0.6060404474635401,0.5635522470829852,0.5114944142155227,0.4045034090415599,0,0,0,1,0,0,0,0,0,0,0
1279,Hufflepuff,Anita,Mccall,0.8,1,0.38320214032754435,0.7120393162478794,0.8087471044666117,0.2879606837521207,0.5827069673223519,0.4224962699493398,0.27372355564591994,0.666403023635419,0.5592547908206865,0.5022826203194908,0.6758595373879398,0.5105924126310536,0.5398879576149738,0,0,0,0,0,0,0,0,0,0,0
1280,Ravenclaw,Marybeth,Tam,0.2,0,0.5795972967539397,0.2735911271415779,0.7216599922998541,0.7264088728584223,0.785276400661016,0.7896013256184677,0.7541362411045238,0.6853537320089178,0.7845510891847641,0.705670795132611,0.6732464383504073,0.8885889079351998,0.38478742345941724,0,0,0,0,0,0,0,0,0,0,0
1281,Hufflepuff,Fabian,Bloom,0.4,0,0.472573187139477,0.831595045470974,0.6609550955055613,0.16840495452902607,0.6635748174209712,0.35889128879085397,0.10882685840224754,0.7337031246604251,0.7088623309202243,0.5052945076874068,0.7372559088791103,0.4030243021068042,0.329765058409693,0,0,0,0,0,0,0,0,0,0,0
1282,Slytherin,Rita,Madrid,0.2,1,0.7483259360066807,0.19347603856242085,0.5724200813047151,0.8065239614375792,0.735966735966736,0.9324999035294265,0.6887217197014441,0.5697747007282028,0.831637385811319,0.6067106914630147,0.5651458890906778,0.8347217551103598,0.1730142875754549,0,0,0,0,0,0,0,1,0,0,0
1283,Hufflepuff,Gayle,Bolling,1.0,1,0.4992499574718154,0.846968756189527,0.5468436599811602,0.153031243810473,0.9600191907884216,0.3095133623540998,0.3011074573398923,0.7894454838988804,0.7239462866315457,0.6527589843445223,0.6581188794733357,0.509427643078001,0.30431667173318283,0,0,0,0,0,0,0,0,0,0,0
1284,Slytherin,Samatha,Duffy,0.8,1,0.6237492847532592,0.25985506500942407,0.32979394518171823,0.740144934990576,0.1687723226184765,0.30961955528423185,0.2812675954932484,0.5601539431275463,0.6952003645291881,0.64884558718151,0.46551062869643767,0.29507046167995266,0.32774568984235897,0,0,0,0,0,0,0,0,0,0,0
1285,Gryffindor,Marshall,Giron,0.8,1,0.7297836475264061,0.6181059383516754,0.15143737797951945,0.38189406164832473,0.6719441334825951,0.2926272670254141,0.6339899283496029,0.21161086759327874,0.18529681676467982,0.2894829988577319,0.362296117674054,0.18986277111281663,0.6765970382594346,0,0,0,0,0,0,0,0,0,0,0
1286,Hufflepuff,Juana,Rendon,0.4,1,0.6505343086463665,0.7548177723624099,0.6618842856490607,0.2451822276375903,0.7456154379231302,0.2145633948521232,0.45908157018511264,0.7020526817216031,0.8336640465109635,0.5408895423292901,0.5607647734561145,0.43451406735057485,0.2829721631128675,0,0,0,0,0,0,1,0,0,0,0
1287,Hufflepuff,Sheri,Mccool,0.0,0,0.6141069854476284,0.7320025582135217,0.6976040412572763,0.26799744178647844,0.7285036515805746,0.19403916213356837,0.33263280380710736,0.5697747007282028,0.7963371379844135,0.5839482928558049,0.8180268910202395,0.45635047856897026,0.44054805228644633,0,0,0,0,0,0,0,1,0,1,0
1288,Ravenclaw,Rex,Ault,1.0,1,0.5640861079751944,0.2026099260011899,0.7295438824700949,0.7973900739988103,0.694706540860387,0.6897009912478047,0.5997175309341835,0.617077891821605,0.7212951025574966,0.508731041591552,0.8541101742897313,0.8276730605000789,0.3939505797542016,0,0,0,0,0,0,0,0,0,0,0
1289,Hufflepuff,Carmel,Adams,0.6,1,0.5326616457634196,0.7389816532463063,0.7872256007780918,0.2610183467536939,0.6622954315262007,0.27315553229980843,0.325100934587639,0.6063548224940467,0.6798197085937473,0.5434699681146512,0.5959501410358569,0.478506366227803,0.5189342945238199,0,0,0,0,0,0,0,0,0,0,0
1290,Ravenclaw,Barrett,Sweeney,0.6,0,0.6832578135873684,0.18086387498000384,0.7697779948852993,0.8191361250199963,0.6825523748600671,0.613970059359775,0.660054675862289,0.7755642356080079,0.654658480230683,0.6162467234335465,0.34731283475667457,0.8495995876564192,0.3549745950406045,0,0,0,0,0,0,0,0,0,0,0
1291,Hufflepuff,Tommy,Stidham,0.6,0,0.3603606390053044,0.793609146259474,0.6448048179342202,0.20639085374052604,0.8367716829255291,0.19312608695737876,0.44516615700418005,0.8234805333956692,0.7238339982903752,0.9573888129450612,0.25243806310828276,0.5650872889364018,0.48451817431710603,0,0,0,0,0,0,0,0,0,0,0
1292,Slytherin,Franklin,Groves,0.2,1,0.5776719298516926,0.1924901208922029,0.2415078966967091,0.8075098791077971,0.3109973879204649,0.21176489239874074,0.2137144447191562,0.7200064995120845,0.7594939702805827,0.7312475658094775,0.28575478294284007,0.3725707297818861,0.1774655838797933,0,0,0,0,0,0,0,0,0,0,0
1293,Slytherin,Lourdes,Shivers,0.6,0,0.5704344060745712,0.2795448800920924,0.10301193259003098,0.7204551199079079,0.24350978197132045,0.24367432076554005,0.2781489833011465,0.8469775243018987,0.7305012442832027,0.9890941605619428,0.7515286210816757,0.29374679611170806,0.1422677726147566,0,0,0,0,0,0,0,0,0,0,0
1294,Ravenclaw,Alyson,Vickers,0.2,1,0.3800163926820593,0.31017819917453565,0.6420278865315244,0.6898218008254645,0.793165947012101,0.6966142778906865,0.6392231263801937,0.7706032015637719,0.7920134919527322,0.8192034529911189,0.9121269893534021,0.8693933709480814,0.3677856429408955,0,0,0,0,0,0,0,0,0,0,0
1295,Slytherin,Garrett,Getz,0.8,1,0.5670630808963395,0.2832952083935815,0.16430560521282814,0.7167047916064186,0.15491230875846254,0.39185313850919057,0.3343442193973532,0.6314627017004301,0.7222812219752518,0.8464393862709256,0.6862509171990374,0.26659186014455666,0.271203369957007,0,0,0,0,0,0,0,0,0,0,0
1296,Ravenclaw,Saul,Thornton,0.6,0,0.5322286315203439,0.16752165881529751,0.6710760818258703,0.8324783411847027,0.6641078948771256,0.6497331907379972,0.6862953898488837,0.6981755368343184,0.7419883436741932,0.7319594561921439,0.3605901317332415,0.8442257581108555,0.39631736656967914,0,0,0,0,0,0,0,0,0,0,0
1297,Hufflepuff,Darwin,Gillespie,0.4,0,0.6300047940862626,0.6892091104931366,0.6454879925359737,0.31079088950686345,0.7206674129751053,0.18634348416090565,0.3043977581929985,0.7813998812917557,0.8099652436164813,0.5839482928558049,0.48782227899081415,0.4834369151938836,0.3117427367872498,0,0,0,0,0,0,0,0,0,1,0
1298,Ravenclaw,Tiffany,Wagoner,1.0,1,0.8551490032940012,0.1916352032265283,0.6630839818479359,0.8083647967734718,0.8126232741617356,0.9156320290312205,1.0,0.728261075490739,0.8845918730147192,0.8654148353238318,0.35045053941498705,0.9403541977463717,0.28160420376080253,0,0,0,0,0,0,0,0,0,0,0
1299,Ravenclaw,Lauretta,Edge,0.2,1,0.5908479346767085,0.3489978502964881,0.7320562687008456,0.651002149703512,0.841995841995842,0.6620630049553138,0.671005201220075,0.6942694295782135,0.7848868642696827,0.6592878793912448,0.37009568248444735,0.8467408630580244,0.373518044035263,0,0,0,0,0,0,0,0,0,0,0
1300,Slytherin,Les,Asher,1.0,1,0.4809473733046719,0.2050253777033716,0.2597077978086967,0.7949746222966285,0.3071592302361533,0.28055801098120103,0.31501890332350235,0.6793539906624867,0.7173140271397924,0.8007885958671421,0.5029457352561418,0.4081589454245527,0.2861206409866678,0,0,0,0,0,0,0,0,0,0,0
1301,Gryffindor,Richie,Mcmanus,0.2,0,0.5857600173205697,0.6760586293110521,0.24532710532278926,0.32394137068894807,0.7464150541073619,0.317372190527496,0.6954685338163139,0.140899190152761,0.21382398832106,0.3259358934344446,0.6669105203185122,0.2616166743120172,0.8054457810396491,0,0,0,0,0,0,0,0,0,0,0
1302,Hufflepuff,Alice,Novak,0.8,0,0.6899231399718541,0.7412946462096646,0.7034071990142351,0.25870535379033555,0.8032944186790341,0.07268910711542247,0.5076087438568279,0.4503976653906997,0.8568112072717428,0.6755184164611002,0.5928312107233237,0.4598419798780376,0.5608633343466366,0,0,0,0,0,0,0,0,0,0,0
1303,Hufflepuff,Ivonne,Binder,0.6,0,0.8089711272288634,0.5933989067935924,0.689082936866483,0.4066010932064078,0.7853297084066314,0.09962444399799132,0.15191081449942126,0.6949646659884198,0.954931676221867,0.45088665649777293,0.691302592420237,0.48924728767870884,0.1698006687801277,0,0,0,0,0,0,0,0,0,0,0
1304,Gryffindor,Trena,Crain,0.4,0,0.7531122898721061,0.6425941251742084,0.1555788776400756,0.3574058748257916,0.6457167226397995,0.3846329976780847,0.6754901896363156,0.2297561857810466,0.6419646504520408,0.3561508853586922,0.49932922133159363,0.19376919876543966,0.6559256524948973,0,0,0,0,0,0,0,0,1,0,0
1305,Slytherin,Shelby,Hough,0.2,1,0.7403692992901659,0.3151831371998226,0.15155481997519082,0.6848168628001776,0.1827389519697212,0.33386043478657684,0.27984039515221204,0.621692491426894,0.7461045849103296,0.7359561787340071,0.7156901735053388,0.2048138754962698,0.18684587657966736,0,0,0,0,0,0,0,0,0,0,0
1306,Hufflepuff,Denver,Whitney,0.2,0,0.5673723767842507,0.7539180680993043,0.6875089060671205,0.2460819319006958,0.8452476144783837,0.34679200190802684,0.23318755265589672,0.6873572875592723,0.6885084648151248,0.41193913022147344,0.6047059102777763,0.5132812925488998,0.340535024102141,0,0,0,0,0,0,0,0,0,0,0
1307,Ravenclaw,Lindsey,Horowitz,0.8,0,0.5702024341586379,0.2307516613221979,0.6755269521455902,0.7692483386778023,0.7442827442827442,0.8572442017840887,0.7078128480319985,0.60159853267445,0.7121571443116245,0.542784410460813,0.4646862707107262,0.8535893936067654,0.392387197637556,0,0,0,0,0,0,0,0,0,0,0
1308,Ravenclaw,Nita,Girard,1.0,1,0.5618669099794318,0.2034871961157617,0.5183612566858244,0.7965128038842385,0.6708779785702863,0.7357108883403786,0.7855766872853073,0.6421905875139287,0.6954903414145212,0.7759300755999684,0.481372760489294,0.7815856362494035,0.40812958700655755,0,0,0,0,0,0,0,0,0,0,0
1309,Gryffindor,Ivory,Pendergrass,0.2,1,0.48987829206810696,0.6472945749245642,0.10587493043430901,0.35270542507543584,0.6340956340956341,0.251395597096405,0.661648998842325,0.2698347908775902,0.20358337052008557,0.5515327279414968,0.23248534117202954,0.20548005967303407,0.759130585834021,0,0,0,0,0,0,0,0,0,0,0
1310,Ravenclaw,Gaye,Kimble,0.6,0,0.3964477367273402,0.12121937161266545,0.6834324693634548,0.8787806283873347,0.5824937363398901,0.5928355487258711,0.4905674983695204,0.6108314039106498,0.5989930444311842,0.46811185047987425,0.4782333598919748,0.7893468363129607,0.4565727189820646,0,0,0,0,0,0,0,0,0,0,0
1311,Hufflepuff,Vicky,Soto,0.8,0,0.7049935821103258,0.7094022188061476,0.7821759847088638,0.2905977811938525,0.7068607068607069,0.22100144368235028,0.23718302393047028,0.734994182471048,0.7735243848304649,0.5185180178337122,0.44663441992154634,0.4846353729480378,0.3231423980544578,0,0,0,0,0,0,0,0,0,0,0
1312,Hufflepuff,Curtis,Nunez,0.2,0,0.33945996937970707,0.9216553318072918,0.7201466028092663,0.07834466819270831,0.7492936723705955,0.3282990324169441,0.13256169737904638,0.6551479017036952,0.6903850879627024,0.49677928633529544,0.5886866262028293,0.4282980327774972,0.4591783558431407,0,0,0,0,0,0,0,0,0,0,0
1313,Gryffindor,Elden,Word,0.2,1,0.5277593059400275,0.6782138352692367,0.18474980247071096,0.3217861647307633,0.7026493949570873,0.285143166001811,0.6064801063207071,0.5697747007282028,0.20470250724902211,0.3466511304654332,0.5270152593555679,0.2197245540384014,0.7632127502497069,0,0,0,0,0,0,0,1,0,0,0
1314,Hufflepuff,Dionne,Ingraham,1.0,1,0.5425668465737749,0.7747954450674127,0.6380796267738791,0.22520455493258737,0.8412495335572258,0.3659946312186209,0.2416242019190603,0.7802617861255097,0.672820003929852,0.5165975209082746,0.25600583624523143,0.5103549108132955,0.3019064576366874,0,0,0,0,0,0,0,0,0,0,0
1315,Hufflepuff,Easter,Searcy,0.6,0,0.36224734392156255,0.8336593440969506,0.6587425353723421,0.16634065590304944,0.6740764433072125,0.33370569822944085,0.21794537869621317,0.6391542780043554,0.6911705504165339,0.5906004987254545,0.9041455301657982,0.4232939312390134,0.4754635862248665,0,0,0,0,0,0,0,0,0,0,0
1316,Hufflepuff,Ruben,Hyman,0.6,1,0.43926202001144393,0.770137327284861,0.8018329640053172,0.2298626727151391,0.6489151873767258,0.2711527883379383,0.22762262228624888,0.5675333116746984,0.7046228312855898,0.4824786418476724,0.5647068416282964,0.45965444889190965,0.5313979241759673,0,0,0,0,0,0,0,0,0,0,0
1317,Slytherin,Lia,Layton,0.8,1,0.5783446484078995,0.24891529819938388,0.20882618537366485,0.7510847018006163,0.00015992323684631984,0.23662072665657571,0.16234846359933863,0.6447957291473939,0.8656567751936498,0.8733419433059316,0.3513718326766891,0.19560071396527573,0.21175142224345334,0,0,0,0,0,0,0,0,0,0,0
1318,Slytherin,Luisa,Ritchie,0.4,1,0.635943275134157,0.23092633582787833,0.2922085119356677,0.7690736641721219,0.29569806492883416,0.24511740079875582,0.2809651339152491,0.7123810980267157,0.6325744132255754,0.6823128972302246,0.44520415353692894,0.3595067261300851,0.24573326963998787,0,0,0,0,0,0,0,0,0,0,0
1319,Hufflepuff,Della,Kirkwood,0.6,1,0.44172092232033777,0.7581304239728676,0.7290867249068939,0.24186957602713255,0.7078735540274002,0.2749802803302312,0.3098138806042307,0.5656750690131355,0.7055362995293482,0.5536879812139339,0.5270186198503211,0.4766074746257667,0.53302644721414,0,0,0,0,0,0,0,0,0,0,0
1320,Gryffindor,Gale,Redmon,1.0,0,0.4067318250003866,0.7527412261727328,0.5220189465058446,0.24725877382726735,0.6723705954475185,0.18066123461312236,0.6121592751653585,0.12991548209278028,0.08246601292284825,0.3635749938257927,0.37234770926223554,0.16224883340566995,0.9201155165675078,0,0,1,0,0,0,0,0,0,0,0
1321,Gryffindor,Cecil,Jeffries,0.4,0,0.6222646644912856,0.5962000716959112,0.13979142638549236,0.4037999283040889,0.6259928567620875,0.15868257397140753,0.6445750019665898,0.2661089988870379,0.36374385598367853,0.5790385632541571,0.7214602104281237,0.20890221943483553,0.6811569027663178,0,0,0,0,0,0,0,0,0,0,0
1322,Hufflepuff,Jennie,Easterling,0.8,0,0.5414379165828991,0.7687392626896169,0.747929468259578,0.23126073731038307,0.6904952289567674,0.2649270902691317,0.45908157018511264,0.7817027669535564,0.7138485294293159,0.6520470561469279,0.5566475208642423,0.48693543487818086,0.38945585616884526,0,0,0,0,0,0,1,0,0,0,0
1323,Gryffindor,Kimberlee,Brand,0.4,0,0.8356788271499931,0.5410180576949241,0.2058307296431162,0.4589819423050759,0.6931073084919239,0.2753234619731295,0.6818477928306697,0.11549136504445415,0.22390282919755164,0.18659465934932284,0.4512344495920814,0.22297799205969143,0.693186259608286,0,0,0,0,0,0,0,0,0,0,0
1324,Ravenclaw,Homer,Matlock,0.6,1,0.5238003185747645,0.2150576001460434,0.8186679924019318,0.7849423998539568,0.7446025907564369,0.8155740484260878,0.45908157018511264,0.6382873689808419,0.6419646504520408,0.7425156718968348,0.5707287179969014,0.9550537635616071,0.4459547487731793,0,0,0,0,0,0,1,0,1,0,0
1325,Gryffindor,Ariel,Lilley,1.0,0,0.6939439865146992,0.6938062516954359,0.2869244503870352,0.30619374830456425,0.7528652913268299,0.2706919715474531,0.7584154488975008,0.14530738009680133,0.2577600641149504,0.38078708973434333,0.7780119229331701,0.25924530568954424,0.806922308594259,0,0,0,0,0,0,0,0,0,0,0
1326,Ravenclaw,Leone,Loera,0.2,0,0.72677574501647,0.2712197006559985,0.6368471080420646,0.7287802993440017,0.7907670984594061,0.7244494017317066,0.7071157569143468,0.5928465501946569,0.7043542626239403,0.5067250762010337,0.5440520620633458,0.7852396831287793,0.3566031180787771,0,0,0,0,0,0,0,0,0,0,0
1327,Ravenclaw,Augusta,Graham,0.4,1,0.4411487249277021,0.23177680613563478,0.69004035174156,0.7682231938643653,0.6211951596566981,0.6990020357491725,0.6215156929539095,0.6384372015359496,0.7042942410755094,0.6559548270232647,0.8332153363019812,0.8025304330786692,0.45220827723976204,0,0,0,0,0,0,0,0,0,0,0
1328,Gryffindor,Christi,Dykes,0.6,1,0.7532746702132596,0.8296195846530257,0.27311448662324883,0.17038041534697435,0.7095794018870942,0.34387851469277814,0.7941076154141646,0.24492365521586826,0.25619180909569617,0.5221298800480471,0.3494279464877962,0.19909418041940707,0.7713336518000609,0,0,0,0,0,0,0,0,0,0,0
1329,Gryffindor,Terry,Guillory,0.4,0,0.627190201506271,0.804410003636715,0.18990691185771225,0.19558999636328508,0.6608561223945839,0.3125931958757193,0.6697499869648339,0.2653979044998,0.2109187805377485,0.49118028326689306,0.5143709210790817,0.15789884443855542,0.7484257610630999,0,0,0,0,0,0,0,0,0,0,0
1330,Gryffindor,Fermin,Shockley,1.0,0,0.6921732675564078,0.7953910339753718,0.2591625503871068,0.20460896602462825,0.6225811610426996,0.09897767698617488,0.7141390221620112,0.14778511752981804,0.23644884691085488,0.501899387638259,0.3736865176591843,0.11427964238851665,0.8687627567637991,0,0,0,0,0,0,0,0,0,0,0
1331,Hufflepuff,Melba,Cornelius,0.6,0,0.6111532097180769,0.8381277609797052,0.6021273685514934,0.16187223902029482,0.8452476144783837,0.2048365625746997,0.31179937640286426,0.5213458769881317,0.8283673872602508,0.5401363613774441,0.7854650607883595,0.40592148740145567,0.4197463846788553,0,0,0,0,0,0,0,0,0,0,0
1332,Ravenclaw,Dena,Bowles,0.8,0,0.6957301702673863,0.14961042042298703,0.6229459056159814,0.8503895795770131,0.701156778079855,0.6822325570190324,0.6931927241066074,0.7232595761826761,0.6771337487293198,0.6181679115423048,0.2817464841216217,0.8210794373396653,0.31061362748078347,0,0,0,0,0,0,0,0,0,0,0
1333,Hufflepuff,Wilfred,Sheffield,0.6,1,0.5402703246060344,0.7285775973115559,0.6816188111537606,0.2714224026884442,0.8449277680046909,0.19406507347312635,0.3782531801183524,0.5884976185531143,0.7808215792387865,0.606729197459085,0.7659158692916112,0.5205860174875458,0.4687323576670865,0,0,0,0,0,0,0,0,0,0,0
1334,Ravenclaw,Jere,Bogan,0.6,1,0.559655444380867,0.08409642517224732,0.6059835698116487,0.9159035748277531,0.6119729196652274,0.7778504614492876,0.7248985520838798,0.6802624748032342,0.7212186901033183,0.7040492618507425,0.5792672480357243,0.8512862435915222,0.36105441438311553,0,0,0,0,0,0,0,0,0,0,0
1335,Slytherin,Suzan,Bragg,0.4,1,0.6753243740624468,0.5075954586018546,0.25376771915376195,0.7190145268005796,0.07692307692307696,0.31360099891168564,0.26583233587322175,0.5716431237462415,0.7379859169768954,0.7251189713975537,0.5457442554316544,0.21258069026001145,0.28060537629739,0,1,0,0,0,0,0,0,0,0,0
1336,Ravenclaw,Johnnie,Lassiter,1.0,0,0.39320012990427294,0.24864848597630665,0.8634418898546321,0.7513515140236935,0.7117650194573272,0.8455262417196273,0.6248146456650534,0.5912644998083357,0.870955482017709,0.599208793067151,0.4993815726374915,0.9351061374849178,0.4517088635080558,0,0,0,0,0,0,0,0,0,0,0
1337,Hufflepuff,Brandie,Lerner,0.8,0,0.725476702287243,0.6161580051031901,0.7451058667065831,0.38384199489681003,0.6018444479982942,0.3207961652293914,0.32818880487264196,0.4658827893830199,0.6979713506989409,0.33724266791810537,0.39213437296128284,0.4354017514495748,0.46708212098840496,0,0,0,0,0,0,0,0,0,0,0
1338,Ravenclaw,Tanya,Farrar,0.2,1,0.6733294155854198,0.16543239384882213,0.8109031023438102,0.834567606151178,0.7608614531691454,0.7862233513285027,0.7184841525175069,0.7165021247770047,0.7406836787744998,0.5667356887849573,0.4407248838170869,0.9381650261448516,0.3427063881530377,0,0,0,0,0,0,0,0,0,0,0
1339,Hufflepuff,Lorri,Dagostino,0.2,0,0.8763048420271252,0.6548875610483554,0.6038263369680693,0.3451124389516447,0.8827229596460366,0.0,0.45908157018511264,0.47253815159929785,1.0,0.5989790048687185,0.5255075235066763,0.44970969192701593,0.3553871542102749,0,0,0,0,0,0,1,0,0,0,0
1340,Slytherin,Napoleon,Silver,0.4,0,0.5773858311553748,0.24380796996720352,0.35279851269242185,0.7561920300327967,0.22922330614638312,0.28569211923454196,0.2881627121818862,0.643981736589305,0.6281471201099181,0.6658086549829619,0.5258637218002076,0.35404530726166084,0.32835367177661007,0,0,0,0,0,0,0,0,0,0,0
1341,Ravenclaw,Shari,Bernier,0.6,0,0.8231214141007995,0.27259727874463885,0.7381336660725196,0.7274027212553612,0.841995841995842,0.634006990232253,0.7181939567607137,0.7608035282630593,0.755885949075509,0.6159081019958629,0.3091346929440902,0.8520532116365791,0.2798671125200851,0,0,0,0,0,0,0,0,0,0,0
1342,Hufflepuff,Tonia,Fournier,0.6,1,0.5722327315671748,0.7729773436126929,0.5387965802871019,0.22702265638730715,0.8697691774614851,0.13478976572761234,0.3805509022995234,0.6910812424460603,0.8668335939981348,0.801647314378967,0.547508619009429,0.47024433490788264,0.35986016415512223,1,0,0,0,0,0,0,0,0,0,0
1343,Slytherin,Dorsey,Creighton,0.4,1,0.5498971591172696,0.26668778519757647,0.13136315429489778,0.7333122148024237,0.09973879204648438,0.3468313735810761,0.2618359933199057,0.7156217589594794,0.7412286172816236,0.908058440047597,0.5565766704392334,0.2419407997242061,0.20764754418725845,0,0,0,0,0,0,0,0,0,0,0
1344,Ravenclaw,Latoya,Gifford,1.0,1,0.3498755084051158,0.20560144632145846,0.7205315912857715,0.7943985536785417,0.6798869875792953,0.7193198747391717,0.5981998674093781,0.5525602122245652,0.7178325737642619,0.5544714840252031,0.737314616639115,0.8512402030500178,0.4981977678377557,0,0,0,0,0,0,0,0,0,0,0
1345,Hufflepuff,Porter,Healy,0.4,1,0.59254906206022,0.5075954586018546,0.6815378555490229,0.2601237427353956,0.6892691508076123,0.35001410282746775,0.3682327416998969,0.5565680264551951,0.6595713607125272,0.49953872578576336,0.6585490414994494,0.44401835108607973,0.48794892951752294,0,1,0,0,0,0,0,0,0,0,0
1346,Slytherin,Morton,Grantham,0.2,0,0.5300248983189768,0.1999405658019537,0.14940331132900336,0.8000594341980465,0.28258435950743643,0.2110190408283929,0.16454652616123716,0.8485368303940578,0.7699319492161867,0.8598743009304879,0.573501010836103,0.3507323534184259,0.08978590350458157,0,0,0,0,0,0,0,0,0,0,0
1347,Hufflepuff,Kristine,Burdick,0.2,0,0.6397553469526622,0.7141864627193579,0.7659667029689871,0.2858135372806422,0.7762673916520071,0.30254997018004554,0.14902211764737752,0.6834393525024248,0.7312804047865059,0.3259259296411801,0.302153246673238,0.49949973021365657,0.30281843053806407,0,0,0,0,0,0,0,0,0,0,0
1348,Gryffindor,Pablo,Rome,0.2,0,0.6363066978024527,0.6385124948378177,0.1850733315532987,0.36148750516218237,0.7043019350711658,0.3400045674364585,0.6739359922304802,0.24304223892668045,0.31445387142301556,0.44641541408367813,0.5542971407962941,0.25828575342819593,0.678334129500152,0,0,0,0,0,0,0,0,0,0,0
1349,Slytherin,Genaro,Keyes,0.2,1,0.5024589023088938,0.21954851960523444,0.31521654216905065,0.7804514803947658,0.164934164934165,0.20328738527402307,0.20838250912680276,0.5743943716193514,0.875711008463557,0.7857326254243386,0.763863822131442,0.322353132076277,0.2949363790333087,0,0,0,0,0,0,0,0,0,0,0
1350,Slytherin,Estela,Burleson,1.0,0,0.7365340302800675,0.28367943244976973,0.3158800190155617,0.7163205675502304,0.26147449224372304,0.2668229079133807,0.29508707972678955,0.6319308811171641,0.6265841429008192,0.6035347871841092,0.21683475347433218,0.29823518743834426,0.2711382290354801,0,0,0,0,0,0,0,0,0,0,0
1351,Ravenclaw,Stacia,Tillery,0.4,1,0.4929016593724386,0.35341816266268,0.6323510777699923,0.6465818373373201,0.801695186310571,0.3955723885441402,0.7418809822831267,0.6447858322365273,0.803023257386144,0.7843245273287253,0.4049271675637638,0.8245330394224943,0.4240456854996309,0,0,0,0,0,1,0,0,0,0,0
1352,Ravenclaw,Marty,Wooley,0.2,0,0.537061379768956,0.2716131893857182,0.7217473426362364,0.7283868106142819,0.7718961565115411,0.6835546692625066,0.7835778673821221,0.6971815894093571,0.7918817867182434,0.8164294500698268,0.5077364037686961,0.8856942492556317,0.4354887740478569,0,0,0,0,0,0,0,0,0,0,0
1353,Ravenclaw,Sebastian,Gaines,0.2,1,0.5489847362479315,0.11210146849220201,0.659826690441242,0.8878985315077982,0.6065888373580682,0.8102565825363621,0.7038559867862005,0.692813918382834,0.79705185547847,0.7296699024677253,0.5357955080513485,0.8692538456485227,0.34390063838103097,0,0,0,0,0,0,0,0,0,0,0
1354,Hufflepuff,Ahmad,Barnette,0.8,0,0.43792431529622816,0.858544209438487,0.7681281639003708,0.14145579056151292,0.653552961245269,0.27647356498437575,0.27927689049510246,0.6780297242216805,0.6959253366440732,0.6612658215849498,0.431390734357031,0.4404036071079861,0.5149606983106788,0,0,0,0,0,0,0,0,0,0,0
1355,Ravenclaw,Sabina,Fox,0.2,0,0.369237430988355,0.20637449036594385,0.6962072259181633,0.7936255096340563,0.6577642731488885,0.748956846406881,0.5936970175971819,0.678024342760951,0.8535142311535444,0.7385183692088593,0.47154619417181604,0.870568246961465,0.3843748642897469,0,0,0,0,0,0,0,0,0,0,0
1356,Hufflepuff,Leila,Ruiz,0.2,1,0.5722327315671748,0.8335061055408381,0.5436205958269351,0.16649389445916177,0.8189135881443573,0.2842560341938326,0.10090365775576357,0.705901392302652,0.8416584516868642,0.4542153603581867,0.2429640522897019,0.37817616571001567,0.1811569027663178,1,0,0,0,0,0,0,0,0,0,0
1357,Hufflepuff,Danilo,Pickard,1.0,1,0.5961446267571873,0.6931119744540206,0.722079902475482,0.30688802554597955,0.7975904898981822,0.24600582298271498,0.2654140640050735,0.6224990180607399,0.7557965577941023,0.4522347450628944,0.6166492868165748,0.5130367723559119,0.38732791939896644,0,0,0,0,0,0,0,0,0,0,0
1358,Gryffindor,Leif,Cantu,0.4,0,0.5355303651237957,1.0,0.33352069183309346,0.0,0.7312223466069621,0.1757909587699873,0.6877397286823242,0.17022971134490003,0.1655218716413658,0.4852595359400358,0.3469064420577183,0.1291167683582451,0.9501020541103921,0,0,0,0,0,0,0,0,0,0,0
1359,Ravenclaw,Blair,Candelaria,0.0,0,0.5537942873049503,0.18063353313279032,0.7826777384639307,0.8193664668672098,0.7035556266325497,0.7747831563266917,0.747370141077879,0.6567413655087092,0.7564461758653024,0.6651483706818748,0.3329648331169909,0.9143429762065854,0.43251400529812833,0,0,0,0,0,0,0,0,0,0,0
1360,Hufflepuff,Dianne,Vaught,0.8,0,0.3987442586950806,0.8728460197416882,0.7092706580401852,0.12715398025831173,0.7532917532917532,0.3346015205433348,0.13765165870178178,0.7264993266609138,0.6973797005074049,0.517733289646252,0.40296578425434104,0.45326435861314696,0.38997698354106053,0,0,0,0,0,0,0,0,0,0,0
1361,Slytherin,Bradly,Cain,0.4,1,0.6962482408796375,0.18808114607579585,0.10009662114147792,0.8119188539242043,0.08945039714270483,0.3028181510910111,0.14606571129092477,0.7574805095002793,0.7484289703445189,0.7567443795613601,0.5739886805398015,0.21385270058656725,0.0620358709341208,0,0,0,0,0,0,0,0,0,0,0
1362,Gryffindor,Cruz,Pannell,0.4,0,0.5876312574424323,0.7187904178349407,0.28795871799064293,0.28120958216505937,0.8411962258116105,0.34076675115934,0.6655701578872834,0.17077810494140794,0.23705602932840655,0.2746870557296131,0.40467590882769194,0.3027339659603191,0.7681634602857516,0,0,0,0,0,0,0,0,0,0,0
1363,Gryffindor,Lina,Townsend,0.2,0,0.7085040904381176,0.6511546249059611,0.199876219644345,0.34884537509403907,0.6229543152620075,0.11829715757746098,0.6498983871692768,0.12351876612316465,0.19802986027379682,0.33977722241409325,0.5858832550204942,0.13771034772399704,0.8009944847353108,0,0,0,0,0,0,0,0,0,0,0
1364,Ravenclaw,Ruth,Treat,0.2,0,0.534084406847811,0.3829555412015682,0.7103932460611602,0.617044458798432,0.8703555626632549,0.8554791035433771,0.7329988555523641,0.655200710029916,0.9310490270723687,0.7479076312534556,0.1570499318246578,0.8914734601544385,0.3496764667564164,0,0,0,0,0,0,0,0,0,0,0
1365,Hufflepuff,Fidel,Ginn,0.8,0,0.40847161436988694,0.8942973041734382,0.7247975757047996,0.10570269582656183,0.6595767364998135,0.45267565284196454,0.13898248597110693,0.7114064473232514,0.5940591083675693,0.44683535996209517,0.5448174557162384,0.41366135160431705,0.42220002605636864,0,0,0,0,0,0,0,0,0,0,0
1366,Hufflepuff,Rudolf,Crouch,1.0,1,0.667189892210383,0.6206170968849278,0.6214565184764994,0.3793829031150723,0.7881017111786343,0.12994227760468668,0.22119668517706564,0.6873621529579331,0.9074649865549456,0.5740818297515864,0.7588145273379592,0.49241089049706416,0.2504885569114518,0,0,0,0,0,0,0,0,0,0,0
1367,Slytherin,Kelvin,Zamora,0.4,0,0.46945703106877196,0.17933399697604677,0.3464588655283842,0.8206660030239533,0.16440108747801058,0.27901817416589564,0.2401573084190572,0.5309452745165605,0.8142567467374338,0.7085346877612257,0.5165707097744832,0.3614207774226175,0.3436183610544144,0,0,0,0,0,0,0,0,0,0,0
1368,Ravenclaw,Fernando,Champion,1.0,1,0.42681286052301937,0.356343947935232,0.6358343294486772,0.6436560520647682,0.7969507969507968,0.7126030410728756,0.6817834964539972,0.5966329796900882,0.7787315925841523,0.7041309242840638,0.5724627745228633,0.8110122799107714,0.454249359447605,0,0,0,0,0,0,0,0,0,0,0
1369,Hufflepuff,Bobbie,Snow,0.8,1,0.5761795771925212,0.7942006662362865,0.668179384011543,0.20579933376371357,0.7947118716349486,0.2554293273473665,0.22974247243395898,0.7226177697383035,0.767454272460463,0.5648537854870311,0.6873058698934149,0.4655338821889923,0.33108959048074,0,0,0,0,0,0,0,0,0,0,0
1370,Gryffindor,Christian,Maldonado,0.2,0,0.5181865982091768,0.823396974848495,0.1687995692985345,0.1766030251515051,0.6870835332373794,0.38554952408484255,0.6360636603925138,0.23711126204700686,0.08774587086810881,0.37765871120611916,0.5353143182540792,0.1614905681458969,0.795500933686542,0,0,0,0,0,0,0,0,0,0,0
1371,Ravenclaw,Eula,Stinson,0.4,0,0.5176066684193433,0.5075954586018546,0.7514280148811078,0.7752867699149278,0.665600511754358,0.6214690816643906,0.5225883948695395,0.6357168961589822,0.618723767582431,0.43931709944557484,0.3774154182645395,0.7935572999805173,0.4281278499153168,0,1,0,0,0,0,0,0,0,0,0
1372,Ravenclaw,Alex,Leavitt,0.6,0,0.6106815334890122,0.18444848005632777,0.6733207822499845,0.49291427683210426,0.6966256197025429,0.6912774774263072,0.6795331259611407,0.5338957739510046,0.7459658167767234,0.5299806219353624,0.5740794947908404,0.8061134540007269,0.42276458070960177,0,0,0,1,0,0,0,0,0,0,0
1373,Hufflepuff,Catina,Whitehurst,1.0,1,0.5848321296568362,0.748222953077381,0.6860268474422866,0.2517770469226191,0.7550509088970628,0.2058138807444952,0.26199830955915143,0.6322291271462521,0.8056426619967971,0.5631717264689735,0.5618681022264392,0.45909438254861407,0.38902158335866593,0,0,0,0,0,0,0,0,0,0,0
1374,Slytherin,Loren,Forrest,0.4,1,0.5659186861110681,0.2343247256177853,0.16803746505209813,0.7656752743822149,0.124526893757663,0.27371984966785357,0.18919697601158314,0.7469522422499311,0.7644981167680995,0.8528380123921655,0.4981646120572008,0.2621949884309107,0.16354714031354498,0,0,0,0,0,0,0,0,0,0,0
1375,Hufflepuff,Tammi,Almond,0.4,1,0.7226543773100537,0.7580998469847755,0.646628673785039,0.2419001530152246,0.8221653606268992,0.21846448065618632,0.18321307613187246,0.5893030609686022,0.8439809080511069,0.37931842214690054,0.7374342249998104,0.42124260052699636,0.2797368306770313,0,0,0,0,0,0,0,0,0,0,0
1376,Gryffindor,Autumn,Thomsen,0.4,1,0.5505080184958941,0.826701760992633,0.5220189465058446,0.1732982390073669,0.7550509088970628,0.26621018979121197,0.638809561422432,0.1567843347959392,0.18210587079177282,0.332370387924866,0.33073230977323675,0.19935750985800985,0.845203456811569,0,0,1,0,0,0,0,0,0,0,0
1377,Gryffindor,Lauri,Wilkinson,0.2,1,0.8282479934429272,0.8169552235901005,0.3850166219221989,0.18304477640989952,0.7501465963004424,0.20946496684943805,0.8276380046152653,0.11772179410720217,0.30686036602802425,0.43850091321063683,0.7131929350578005,0.21352339842080972,0.8582099274764408,0,0,0,0,0,0,0,0,0,0,0
1378,Ravenclaw,Levi,Felder,0.4,0,0.5611555294372361,0.18720464054771085,0.6269020071134055,0.8127953594522894,0.6529132682978838,0.705001596307447,0.6477670057572021,0.6937068603883029,0.6714483160040793,0.6357199601075736,0.6847198558520545,0.8015523523067153,0.36739479741173403,0,0,0,0,0,0,0,0,0,0,0
1379,Slytherin,Bryan,Logsdon,0.4,1,0.5948610488223559,0.3083634501303874,0.2466104616864423,0.6916365498696128,0.20726051495282263,0.3955723885441402,0.34465347716508615,0.5679071211012099,0.7448926866372133,0.7835863629555866,0.6233578619924527,0.2841335871926443,0.322338993355626,0,0,0,0,0,1,0,0,0,0,0
1380,Hufflepuff,Daphne,Schuler,1.0,1,0.5722327315671748,0.6972460130482134,0.7491418924899919,0.3027539869517867,0.6626152779998934,0.2939373832867621,0.17225720565258146,0.6534537028097309,0.7644337868856167,0.3297166815556024,0.7649924588515769,0.41878167743659805,0.2675337647109915,1,0,0,0,0,0,0,0,0,0,0
1381,Ravenclaw,Diane,Maldonado,0.8,0,0.6403816711256823,0.2874911517567223,0.6852347979932463,0.7125088482432779,0.8364518364518365,0.8059936082266081,0.8226583741576688,0.5709493435915468,0.7456406244888518,0.615655819517865,0.7230798364701143,0.8647648928518696,0.4339253919312112,0,0,0,0,0,0,0,0,0,0,0
1382,Hufflepuff,Zachariah,Norman,0.4,0,0.5782054652583394,0.5075954586018546,0.6650534324500662,0.2695802694889595,0.7444426675195905,0.2253848804516264,0.2622343561357858,0.7738044067076099,0.7837553256641242,0.6661394945417358,0.502115269992071,0.48622489456996776,0.32218699787206323,0,1,0,0,0,0,0,0,0,0,0
1383,Ravenclaw,Domenic,Carrion,1.0,1,0.5722327315671748,0.0888130333390994,0.7295037616567056,0.9111869666609008,0.5953942107788261,0.8981695147306908,0.5558316184997117,0.7401555268915405,0.8799026457690562,0.6528034557865168,0.5366089488542408,0.9253000636145534,0.2641030095105745,1,0,0,0,0,0,0,0,0,0,0
1384,Ravenclaw,Carlotta,Neeley,0.4,1,0.5087994680110728,0.24195016182521312,0.7363066018773969,0.758049838174787,0.7362332746948131,0.7112384454919266,0.6366558728058506,0.6903004226396001,0.7786729129890929,0.6523964679770501,0.4151491385105473,0.8706942969805831,0.380900681808312,0,0,0,0,0,0,0,0,0,0,0
1385,Hufflepuff,Bobbie,Meehan,1.0,0,0.6247622287861683,0.6442652802240584,0.5666673023516514,0.49291427683210426,0.7441761287915134,0.25236826685455677,0.3525720929091966,0.8788505857992344,0.7630558151537914,0.8025866985346057,0.4499556633263498,0.5191149660394865,0.2528553437269293,0,0,0,1,0,0,0,0,0,0,0
1386,Hufflepuff,Julius,Tirado,1.0,0,0.577099732459057,0.7599877127003147,0.6871432690143602,0.24001228729968524,0.8061197291966522,0.27390210165408996,0.25706712093336553,0.6934244472857228,0.7401349190708381,0.5208508682946297,0.5791227842881788,0.4920779387761863,0.3572762409345551,0,0,0,0,0,0,0,0,0,0,0
1387,Ravenclaw,Adolph,Damico,0.2,1,0.7943646289222585,0.1959401786520871,0.5965280152451171,0.8040598213479131,0.7071805533343994,0.7718905308139415,0.6368273851341778,0.62303868361158,0.6726604537948255,0.4171066084550339,0.5916571901515476,0.7539784361824751,0.2696834151213792,0,0,0,0,0,0,0,0,0,0,0
1388,Ravenclaw,Lettie,Estrella,0.2,1,0.5143049348158916,0.26536489085939025,0.7520309974088348,0.7346351091406099,0.7322885015192707,0.7056567612677981,0.5537893534356182,0.6279565474297565,0.6571060138884338,0.440656537430501,0.380115297624381,0.8230577769492976,0.41225517870326145,0,0,0,0,0,0,0,0,0,0,0
1389,Ravenclaw,Elmo,Stanton,0.6,0,0.1640892009340736,0.2532801167102656,0.58017532279714,0.7467198832897345,0.6186363878671571,0.45386092156905194,0.44815067257188457,0.7088700824326872,0.725449230416068,0.8052549686709298,0.47360344995935305,0.7557973183068983,0.4648239023754723,0,0,0,0,0,0,0,0,0,0,0
1390,Gryffindor,Hai,Burns,0.4,1,0.542559114176577,0.7926669748834934,0.3552860369464203,0.2073330251165066,0.8127298896529666,0.3285295499542229,0.8211805731419172,0.16040984891083793,0.3312089428504441,0.5395813616881469,0.7110433800128306,0.32490866286476594,0.8834194641073524,0,0,0,0,0,0,0,0,0,0,0
1391,Hufflepuff,Jess,Rafferty,0.8,0,0.6926294789910769,0.6637038173148604,0.652485859308781,0.33629618268513967,0.7902340210032518,0.12960709088323377,0.4060811368261494,0.5635832690560337,0.6419646504520408,0.629160207598197,0.3697544380151512,0.48313540579403413,0.41887783905849657,0,0,0,0,0,0,0,0,1,0,0
1392,Ravenclaw,Sybil,Wills,0.2,1,0.5188129223821969,0.2988472077497326,0.7535232039514221,0.7011527922502675,0.8200330508022817,0.7747183829088446,0.7134046291546047,0.6473535080028646,0.8106541040969888,0.6624348203770298,0.3439474194065036,0.9007242401766615,0.4095409736396404,0,0,0,0,0,0,0,0,0,0,0
1393,Slytherin,Nell,Boettcher,0.2,1,0.5485517220048559,0.1791090588644187,0.20967485914311035,0.8208909411355816,0.2693107308491924,0.23366818570410933,0.193404628698608,0.8290152285297272,0.6806317204332167,0.7809483552314732,0.7223202120987121,0.3700707845252125,0.1427454727059539,0,0,0,0,0,0,0,0,0,0,0
1394,Ravenclaw,Suzette,Culp,0.8,0,0.5725917448927517,0.21371975641935503,0.753081794551613,0.7862802435806452,0.6950263873340796,0.6987829855760936,0.6901151073049325,0.6175364944894198,0.625217781785273,0.5331901472873598,0.511795171951926,0.8387345813314592,0.46888435315064925,0,0,0,0,0,0,0,0,0,0,1
1395,Hufflepuff,Ike,Galvez,0.6,1,0.7605663207707654,0.5346891065047736,0.729004429900076,0.46531089349522653,0.6784476784476785,0.13967908950280658,0.31802005760105356,0.6728049904678198,0.8446042148520945,0.5711789644965145,0.628539840658078,0.5187393425972138,0.322338993355626,0,0,0,0,0,0,0,0,0,0,0
1396,Ravenclaw,Romona,Whitlow,0.6,1,0.6807293197036945,0.16251079097347712,0.5682487746192199,0.8374892090265231,0.7273841889226504,0.3955723885441402,0.7583168612950758,0.6975885066963837,0.8543794319528374,0.7267586252471386,0.3014288186226855,0.8591956717399227,0.24445216484995877,0,0,0,0,0,1,0,0,0,0,0
1397,Gryffindor,Rolf,Cottle,0.2,0,0.8366531091969133,0.8332422751994937,0.1868094788712594,0.1667577248005064,0.5510421664267818,0.23625725707081663,0.687983110446844,0.1773431941767701,0.08590615251730953,0.3593969168101988,0.2575720111482145,0.017975743372267525,0.7961740565423199,0,0,0,0,0,0,0,0,0,0,0
1398,Hufflepuff,Cedrick,Batson,0.6,1,0.5103768770394198,0.7827128138877463,0.8267854782333297,0.21728718611225378,0.6651740497894344,0.3955723885441402,0.3219358217081574,0.6361767197039767,0.6535481193187811,0.5550675710673282,0.5074815920587085,0.48405846250419055,0.5374994571589873,0,0,0,0,0,1,0,0,0,0,0
1399,Gryffindor,Lauretta,Hirsch,0.4,0,0.5314012650201816,0.6298733894205558,0.1450957823966663,0.37012661057944424,0.683511914281145,0.23529392613450945,0.5803835881107448,0.1948469536557461,0.18522886130075492,0.33284140512096994,0.3399413728337693,0.20580683522370982,0.7454292786728623,0,0,0,0,0,0,0,0,0,0,0
1400,Gryffindor,Alisha,Broome,0.6,0,0.6231306929774368,0.741503711641143,0.21820270318244678,0.258496288358857,0.7044618583080121,0.2269033724635921,0.645574451065861,0.17247975860967393,0.161293873026558,0.3354379669851129,0.21431500795117875,0.17561069690220163,0.8018630303556694,0,0,0,0,0,0,0,0,0,0,0
1401,Slytherin,Jesse,Van,0.6,0,0.5414688461716901,0.19543766124413953,0.14668796578665702,0.8045623387558607,0.2042219734527427,0.3368373332050272,0.23966280745163074,0.7472512844375104,0.7136552410619883,0.8123236575479412,0.37837968746235806,0.32344154170683537,0.1664350545012377,0,0,0,0,0,0,0,0,0,0,0
1402,Slytherin,Adriana,Byars,1.0,1,0.6065215037966071,0.24234038014633907,0.2519350978352812,0.757659619853661,0.1629084706007783,0.3196999416122367,0.2549945453233978,0.6090430209455374,0.7317359333253607,0.7098625309032504,0.5501880404545099,0.28498337206540686,0.26019455421896037,0,0,0,0,0,0,0,0,0,0,0
1403,Ravenclaw,Juliana,Aranda,0.4,1,0.6008613890478326,0.24620500594305259,0.593271637722327,0.7537949940569476,0.6915613838690762,0.66900040530073,0.692246295956829,0.6493677694057313,0.693910195095977,0.6676913218149098,0.7485756566008027,0.76521822374468,0.3891952924827377,0,0,0,0,0,0,0,0,0,0,0
1404,Gryffindor,Neil,Seely,1.0,1,0.7720025362262809,0.7086820169997531,0.2512701497295997,0.29131798300024697,0.7077136307905538,0.36884746183492295,0.728141863660237,0.19087716206371297,0.28688760194954116,0.37297213350143105,0.05659517837097239,0.22539119019853063,0.7111217266686933,0,0,0,0,0,0,0,0,0,0,0
1405,Gryffindor,Rosemarie,Rosenberg,0.4,1,0.5573666548103243,0.77441332250068,0.15060639510977816,0.2255866774993201,0.6399594861133323,0.2600064643051851,0.6372533125642351,0.2884156609043581,0.21717090594290597,0.5438762278942574,0.43303861191974385,0.15429420692079193,0.7455378468754073,0,0,0,0,0,0,0,0,0,0,0
1406,Gryffindor,Clarissa,Muniz,0.2,1,0.5909639206346752,0.5075954586018546,0.3012819226321589,0.32876205225185196,0.7601684524761448,0.2079257856574818,0.7134466415351823,0.5697747007282028,0.32528808138750404,0.408600076942988,0.6699743742731236,0.28258898317218256,0.8308724540756504,0,1,0,0,0,0,0,1,0,0,0
1407,Ravenclaw,Ulysses,Lovell,1.0,1,0.5946522740980159,0.2151536621452699,0.6085191169415233,0.7848463378547302,0.7390052774668159,0.7833453842954844,0.7401700326370053,0.7902357461830123,0.8150594953741835,0.8301253936731934,0.5444929952554675,0.8716398124914732,0.2802579580492465,0,0,0,0,0,0,0,0,0,0,0
1408,Hufflepuff,Keshia,Stubblefield,0.4,0,0.6251952430292439,0.6856689103363466,0.7703315281119504,0.31433108966365353,0.6333445105435446,0.3866814278576016,0.22808682045049164,0.7537756324138208,0.63946797469697,0.4153449209523609,0.36428568349510604,0.5176714266223258,0.3325009771138229,0,0,0,0,1,0,0,0,0,0,0
1409,Hufflepuff,Angie,Cash,0.6,0,0.7007639608431406,0.6971928619959199,0.6886128539727092,0.3028071380040802,0.8382642998027612,0.16246322846434183,0.2574643272715728,0.5856468076779728,0.8561463894020763,0.4495164772856737,0.744407691778712,0.4819066286588901,0.3337603682633431,0,0,0,0,0,0,0,0,0,0,0
1410,Gryffindor,Vonda,Pierson,0.6,1,0.5112738351143622,0.7721841108089298,0.1789506513523072,0.2278158891910703,0.6361746361746362,0.1746390091239015,0.6720478468329812,0.2039692872499487,0.16447058368097245,0.5236305365429015,0.47153619424361254,0.14552264155922534,0.8619881009250012,0,0,0,0,0,0,0,0,0,0,0
1411,Hufflepuff,Jeniffer,Carrion,0.4,0,0.594752795261587,0.7199417288884686,0.7604021245760164,0.2800582711115314,0.7881550189242497,0.16004017678682653,0.3199121319464975,0.6381968997382506,0.7951179546987279,0.5830257968121206,0.44198814474855475,0.5157902213258666,0.4360099014200721,0,0,0,0,0,0,0,0,0,0,0
1412,Slytherin,Johnnie,Bui,0.8,0,0.4055874302151153,0.18502147238359082,0.3433810814589318,0.8149785276164094,0.23018284556746096,0.2929709008642051,0.2572836441093857,0.5942267121631855,0.7615590936365099,0.7368609326632695,0.7164824246338304,0.41087337222823367,0.3469188344117775,0,0,0,0,0,0,0,0,0,0,0
1413,Ravenclaw,Hilton,Mckinney,0.8,1,0.6910984643459165,0.24322356257980352,0.6487204970870161,0.7567764374201966,0.7379924303001226,0.7115518442208955,0.7603896411609473,0.6672549648351235,0.7001279298699848,0.657162975478752,0.7516832966360162,0.8109367621933041,0.37586311721023147,0,0,0,0,0,0,0,0,0,0,0
1414,Ravenclaw,Leroy,Brannon,0.8,0,0.6262004546649552,0.26348219313628446,0.5220189465058446,0.7365178068637157,0.7486006716775947,0.7865742804593941,0.7097233640516484,0.5661487826879252,0.6696703649431488,0.49207085552855007,0.666251302045974,0.8145256785505547,0.42791071351022714,0,0,1,0,0,0,0,0,0,0,0
1415,Hufflepuff,Delmer,Cope,0.2,0,0.41240740454355657,0.8305974046107032,0.6393558631331495,0.16940259538929692,0.7323418092648861,0.4087414288299275,0.20642065491625597,0.9423246819936649,0.6236485816893859,0.7036803257712563,0.6050352103638678,0.49564243118763823,0.29897511616797673,0,0,0,0,0,0,0,0,0,0,0
1416,Slytherin,Trinidad,Ruffin,0.8,1,0.5082813973988216,0.17292949771539487,0.3810084545421683,0.8270705022846054,0.18886934271549657,0.22777480535969621,0.23751876437426908,0.7252975743858787,0.6115161162638422,0.7072462656292277,0.40532152877980765,0.39234401941787955,0.31532548747122946,0,0,0,0,0,0,0,0,0,0,0
1417,Gryffindor,Leonard,Koehler,0.2,0,0.46053384470253467,0.6425885466112604,0.22685538495030574,0.3574114533887398,0.7232794925102618,0.2661805800089298,0.7185446599054155,0.5697747007282028,0.27240203807665103,0.4863261094294436,0.5164827537643925,0.29212246334864095,0.8441394884266297,0,0,0,0,0,0,0,1,0,0,0
1418,Ravenclaw,Gena,Sotelo,0.6,0,0.40478326090654626,0.23981287530087494,0.7157878252007636,0.7601871246991252,0.727437496668266,0.7287443708864094,0.6664187570175794,0.6414052520038012,0.7912473997796432,0.7056361037733931,0.5044791142546124,0.8807757718949445,0.4438702392843184,0,0,0,0,0,0,0,0,0,0,0
1419,Slytherin,Casandra,Hoag,0.2,0,0.684425405564233,0.20989915652502292,0.9334094672768841,0.49291427683210426,0.7597419905112213,0.7339613926933062,0.6905053664213101,0.678021047237713,0.7830983746617229,0.52451676041986,0.1497912399930038,0.9445278851277263,0.39030268814869506,0,0,0,1,0,0,0,0,0,0,0
1420,Hufflepuff,Ernestine,Sowers,1.0,1,0.7155251070937012,0.6085990191105406,0.6161072201113211,0.39140098088945957,0.8352790660482968,0.20562131530412026,0.38878466524294686,0.7465634552814132,0.7910212194952283,0.6479888998840986,0.31424149478707186,0.5481937790244913,0.28853085508316323,0,0,0,0,0,0,0,0,0,0,0
1421,Ravenclaw,John,Fallon,0.8,1,0.4756661460185887,0.20766358462502685,0.7690183509200461,0.7923364153749733,0.6624553547630471,0.5862832605418671,0.6518531762016656,0.6530048734670554,0.661951891693184,0.6413842737772141,0.6393430500934559,0.8413027451953609,0.4981977678377557,0,0,0,0,0,0,0,0,0,0,0
1422,Hufflepuff,Melba,Bass,0.8,0,0.6056090809272691,0.6326367888116143,0.7329533797428855,0.36736321118838566,0.5967802121648276,0.3533598520954498,0.217913073286864,0.5734018656007922,0.6872166056642263,0.357040814320215,0.5369554839776693,0.45140561211742136,0.40719590046467197,0,0,0,0,0,0,0,0,0,0,0
1423,Gryffindor,Odessa,Windham,0.6,1,0.5990829376923433,0.7155091474907703,0.1426475147495631,0.28449085250922973,0.6055759901913748,0.2311164411831666,0.6516096534938078,0.14075218531491007,0.02324725600269252,0.3054311295876693,0.3997819696159263,0.105809024956781,0.8563208407521606,0,0,0,0,0,0,0,0,0,0,0
1424,Slytherin,Constance,Mclean,1.0,0,0.6736851058565176,0.24204627367836107,0.2008981034596626,0.757953726321639,0.11658403966096276,0.30367813138572636,0.23228647241228967,0.7334387577431756,0.6494532192919393,0.7492588145973763,0.4321984226350161,0.24443990277585192,0.18812698136969647,0,0,0,0,0,0,0,0,0,0,0
1425,Hufflepuff,Candi,Hammonds,0.4,1,0.6326415415307054,0.7184722648517491,0.6441660818724674,0.281527735148251,0.7672583826429981,0.23795669610630565,0.2579284786872749,0.6588728252591788,0.7991394591284855,0.5839482928558049,0.2906451164552849,0.4610039420809991,0.32961306292613024,0,0,0,0,0,0,0,0,0,1,0
1426,Hufflepuff,Dee,Suarez,0.4,1,0.5459072421632154,0.7819728664201387,0.7460598083283216,0.2180271335798613,0.7240258009488779,0.19611664788340846,0.33793622513428706,0.7627730285451867,0.7444138638088403,0.7428565584843726,0.5508291427536256,0.4948734979975173,0.434077387414774,0,0,0,0,0,0,0,0,0,0,0
1427,Hufflepuff,Vince,Madigan,1.0,1,0.3690518534556083,0.8391400324622739,0.7676964067683669,0.1608599675377262,0.6333445105435446,0.20133036422794823,0.39346295773280315,0.5341484161555315,0.7199540082632466,0.6799298830985865,0.47724087106154167,0.4872293644327835,0.6479133191470883,0,0,0,0,1,0,0,0,0,0,0
1428,Ravenclaw,Merle,Pogue,0.2,1,0.6814870946290769,0.15755045806049273,0.7238117737132678,0.8424495419395075,0.6294578602270909,0.6667189490243716,0.6348916154753125,0.6966727145112117,0.6657088989338126,0.548857934983942,0.433179275153926,0.8096439774760694,0.35408433577973686,0,0,0,0,0,0,0,0,0,0,0
1429,Ravenclaw,Osvaldo,Lassiter,1.0,1,0.4430740918299491,0.18021597483708401,0.783005313235546,0.8197840251629162,0.6669332053947438,0.771303837011014,0.6348124490643713,0.655800500085551,0.8488674370953891,0.676273454294299,0.7582648120947918,0.9097762598123911,0.4025491813957528,0,0,0,0,0,0,0,0,0,0,0
1430,Slytherin,Grant,Villalobos,1.0,0,0.6825232358535793,0.28899808650668923,0.2374613271044769,0.7110019134933109,0.19308065461911614,0.3589438851146317,0.3219506104250515,0.5857114979281217,0.6787446533943624,0.6840075137495252,0.48333478274600306,0.2630408430135444,0.2783471576844574,0,0,0,0,0,0,0,0,0,0,0
1431,Ravenclaw,Janie,Demers,0.6,1,0.5608307687549294,0.2393005037625446,0.5651007343538534,0.7606994962374556,0.7190681806066421,0.622356556624508,0.7183094623307708,0.5672474539106519,0.655160355439706,0.6314185237309011,0.5774567498629805,0.7547063820612575,0.4599600469014635,0,0,0,0,0,0,0,0,0,0,0
1432,Hufflepuff,Judy,Jett,0.8,1,0.4553067441968359,0.7668689741757557,0.5908119013054753,0.23313102582424436,0.6797803720880644,0.34805133391720394,0.1331861089646678,0.8584797843783029,0.7203209174019389,0.6416667871420144,0.5442717264191422,0.4460014631908679,0.2538758848308508,0,0,0,0,0,0,0,0,0,0,0
1433,Ravenclaw,Desiree,Galvan,0.8,0,0.5908788642654996,0.19816555459174331,0.5220189465058446,0.8018344454082568,0.7015832400447786,0.7908860228710182,0.641110020312072,0.799903337093016,0.7874047773940855,0.7012975318084597,0.6516014723847663,0.8783243937948586,0.2652755460980588,0,0,1,0,0,0,0,0,0,0,0
1434,Gryffindor,Roderick,Pellegrino,1.0,1,0.6548335214883318,0.7691231664606086,0.2533672593506988,0.23087683353939145,0.7301028839490378,0.17123237863771554,0.6067340732379946,0.14472377014754048,0.1490527788745525,0.2540420165739422,0.21016518175147203,0.15811697554068158,0.8115038867416512,0,0,0,0,0,0,0,0,0,0,0
1435,Ravenclaw,Darlene,Hess,0.8,0,0.5830614106985448,0.7847558916051016,0.6271395718822576,0.21524410839489855,0.7931126392664855,0.3211795601263673,0.27433372098389425,0.8132463491150042,0.7093909738359215,0.6321313614318259,0.5927683444761863,0.48321148498151983,0.29600034741824816,0,0,0,0,0,0,0,0,0,0,0
1436,Slytherin,Sherwood,Cassidy,0.2,1,0.7250359556469697,0.2405360210798967,0.16809099739743205,0.7594639789201034,0.23807239191854576,0.24859414984483763,0.20319674754961745,0.8043156165645793,0.6578652119395676,0.7212149591176396,0.4376179200858448,0.27392297417406364,0.09910105528292872,0,0,0,0,0,0,0,0,0,0,0
1437,Gryffindor,Donte,Richard,0.2,1,0.689575182097954,0.7850865344522465,0.3155006507932501,0.2149134655477535,0.737565968335199,0.19098216400461204,0.748393055635439,0.06332613833792161,0.11360313723918596,0.27509354085971416,0.3185188406435751,0.17885178258308818,0.9298432275155254,0,0,0,0,0,0,0,0,0,0,0
1438,Hufflepuff,Lyle,Haynes,0.4,0,0.5753908726783478,0.7591464394723083,0.710260392320264,0.24085356052769175,0.7470014393091317,0.27108544066657475,0.3346239177978633,0.6271293187891722,0.7120606423865569,0.5580176664776015,0.5548114356010067,0.4748228421724628,0.45240370000434277,0,0,0,0,0,0,0,0,0,0,0
1439,Hufflepuff,Melva,Trimble,0.6,1,0.8710700091242287,0.6405231744430309,0.6978454760354555,0.35947682555696925,0.7084066314835546,0.22210802341951663,0.30650425169445994,0.6514950023408304,0.7992589966977248,0.46344436798990746,0.41738654152705806,0.44924984798199286,0.2823858948191254,0,0,0,0,0,0,0,0,0,0,0
1440,Gryffindor,Winnifred,Gunter,0.6,1,0.6365309373211883,0.7683886576726522,0.31818897075502445,0.23161134232734792,0.7774401620555467,0.284369003579782,0.7895611726819003,0.12273464561905786,0.19946957226524595,0.3846783350847272,0.5855538924926349,0.2561271819426756,0.8869587875103141,0,0,0,0,0,0,0,0,0,0,0
1441,Slytherin,Domingo,Luce,0.4,0,0.518387640536319,0.17951287934076743,0.3009272144171706,0.8204871206592328,0.20608774454928294,0.11285329508253483,0.09998516446790626,0.7201449022952647,0.8590196042276252,0.7704763431456372,0.30971458824944287,0.3442737637974243,0.1771833065531767,0,0,0,0,0,0,0,0,0,0,0
1442,Hufflepuff,Willard,Morley,0.6,1,0.7022872430911031,0.6194728747678665,0.664068882984438,0.3805271252321335,0.7203475665014127,0.2213334789627868,0.45908157018511264,0.5697747007282028,0.7812133032157349,0.6612461496934858,0.6664873995411837,0.5170535288671393,0.2668823554957224,0,0,0,0,0,0,1,1,0,0,0
1443,Gryffindor,Janell,Anthony,0.4,0,0.6061580811283114,0.7201681307122638,0.15679438472503948,0.2798318692877362,0.6531798070259609,0.26435766737023525,0.6229523969523684,0.24910439936498316,0.20838686463467002,0.43741143606215466,0.3943285136325149,0.1662001786597603,0.727537238893473,0,0,0,0,0,0,0,0,0,0,0
1444,Slytherin,Frederic,Colson,0.2,0,0.4730603281629371,0.2684413338376329,0.6468936140445507,0.7315586661623672,0.8359720667412975,0.8656514514935275,0.7735076004189902,0.6039285769947972,0.9267215132803501,0.7683874489994057,0.607865568557375,0.9166107536106739,0.37820819038520004,0,0,0,0,0,0,0,0,0,0,0
1445,Gryffindor,Tyra,Tellez,0.8,1,0.7666362525710221,0.5629352374889306,0.20321579385404642,0.4370647625110695,0.5576523268830961,0.02100056138875789,0.8262731990211787,0.09872156706854757,0.2421474766218867,0.5459546486747038,0.44470724019673596,0.15786936726259262,0.8825943457680115,0,0,0,0,0,0,0,0,0,0,0
1446,Gryffindor,Haley,Pryor,0.4,1,0.7675100134543711,0.6088394660690161,0.6449385708301332,0.391160533930984,0.7966309504771043,0.11579041955087709,0.3387475082486979,0.5833345360938083,0.8933775686866682,0.5476987285062269,0.4683597971260215,0.4863669464846082,0.32626916228774916,0,0,0,0,0,0,0,0,0,0,0
1447,Slytherin,Caroline,Whatley,0.0,1,0.6558619303156364,0.24154532634806616,0.22055496109225523,0.49291427683210426,0.19750519750519752,0.23929927829978526,0.21070419458777812,0.6821800071132506,0.7634507007515545,0.7392382868697717,0.7279305236650669,0.2756927276718815,0.18065748903461157,0,0,0,1,0,0,0,0,0,0,0
1448,Gryffindor,Lee,Harlow,0.2,1,0.4601085628566568,0.3593102706086347,0.6391296473737106,0.6406897293913654,0.7710965403273096,0.7299805623341257,0.7326214305075723,0.6751541017017925,0.7540364587139914,0.7983545596769086,0.4465015806815686,0.8190455121982169,0.4408520432535719,0,0,0,0,0,0,0,0,0,0,0
1449,Slytherin,Ollie,Prescott,0.8,0,0.9107062771600452,0.3826345011007133,0.0,0.6173654988992868,0.07047283970360893,0.2928150890025579,0.23217259981426439,0.7035688470419942,0.8075058740393125,0.8595939800879018,0.4678235731477561,0.04349371350093991,0.042189603508924325,0,0,0,0,0,0,0,0,0,0,0
1450,Ravenclaw,Jasmine,Tiller,0.6,1,0.7811344973168581,0.12188916836592838,0.7601559791076535,0.8781108316340718,0.6492350338504185,0.7871089678450957,0.6255396189655622,0.733703723926095,0.6778930950418091,0.4506808407819086,0.3416430941522803,0.8521132889285418,0.26356016849785036,0,0,0,0,0,0,0,0,0,0,0
1451,Gryffindor,Clarissa,Badillo,0.2,1,0.3736371649938914,0.7605546521779181,0.09365655821813147,0.23944534782208196,0.6944933098779252,0.2815980775856764,0.4763381442417882,0.30306145532126916,0.10384785679372005,0.373436596277455,0.56965480331139,0.1654158050441348,0.7263429886654796,0,0,0,0,0,0,0,0,0,0,0
1452,Slytherin,Salvatore,Foster,0.4,0,0.42680512812582155,0.1521314092518689,0.3242410147906764,0.8478685907481311,0.2616344154805693,0.23271418956896234,0.24544952415508794,0.7449380906216423,0.6766289589704705,0.7809907568733107,0.42248043390580003,0.4392556816554836,0.2856429408954706,0,0,0,0,0,0,0,0,0,0,0
1453,Hufflepuff,Shellie,Trevino,0.8,1,0.7080633437978442,0.7096692210191888,0.5819918157686578,0.2903307789808113,0.7624606855376086,0.13805889682711942,0.33885515483220735,0.6604679912868863,0.8784147797026407,0.6964189646567412,0.6025267383518665,0.4320427570648371,0.320341338428801,0,0,0,0,0,0,0,0,0,0,0
1454,Ravenclaw,Willard,Crawley,0.2,1,0.3641185840434251,0.31219149709855254,0.7799627089779467,0.6878085029014476,0.794392025161256,0.6609405688539225,0.6926665942807535,0.6312279936846534,0.815575458485267,0.7548021785427728,0.5206039432735584,0.9024544100381856,0.507426065054067,0,0,0,0,0,0,0,0,0,0,0
1455,Hufflepuff,Scotty,Batista,0.2,1,0.6409384037239225,0.6636502101890384,0.683010828264326,0.33634978981096175,0.7232261847646463,0.1761399194814864,0.3125800888877118,0.8190549028252408,0.8045211565362199,0.739418297676522,0.7592963112211849,0.5153688380771003,0.30509836279150565,0,0,0,0,0,0,0,0,0,0,0
1456,Hufflepuff,Rico,Windsor,0.6,0,0.6360437962977282,0.706307387527974,0.5499000492997688,0.2936926124720261,0.8731275654352578,0.21504903536228587,0.31034053747330376,0.6625579780588889,0.826472929923809,0.5894351289445504,0.22484767817091622,0.483216538211685,0.29680375211708,0,0,0,0,0,0,0,0,0,0,0
1457,Gryffindor,Carol,Parham,0.4,0,0.3790421106351391,0.7692489628943923,0.17962997730245645,0.23075103710560788,0.777120315581854,0.38256939314525656,0.6212806085393487,0.2589423878617902,0.15554108958455476,0.41738981405401315,0.6336734751454595,0.26358827628142967,0.7883571459590916,0,0,0,0,0,0,0,0,0,0,0
1458,Gryffindor,Tricia,Burt,0.6,0,0.652026661305538,0.7200694732189058,0.21917782029106062,0.2799305267810943,0.6333445105435446,0.29551328013703243,0.6531659237988557,0.12355483228571708,0.07422506637166817,0.1937269025207232,0.39138953520650493,0.17896211144169255,0.8177791288487428,0,0,0,0,1,0,0,0,0,0,0
1459,Hufflepuff,Nikita,Strickland,0.8,0,0.5058766218703122,0.7540218331217374,0.7519821535479282,0.24597816687826257,0.6435844128151821,0.289433051591817,0.2717326731150887,0.6641324339159299,0.6975603516820345,0.578312178383528,0.6409416976430621,0.4622591083070056,0.4641942068007123,0,0,0,0,0,0,0,0,0,0,0
1460,Ravenclaw,Catherine,Sweeney,0.4,0,0.5533535406646769,0.23548872604765866,0.8451954738812175,0.7645112739523415,0.7478010554933632,0.8510774490595479,0.652044996265895,0.5697747007282028,0.8970724122219095,0.621026969379135,0.5900533649319387,0.9425697584387545,0.3403396013375603,0,0,0,0,0,0,0,1,0,0,0
1461,Slytherin,Polly,Lofton,0.4,1,0.3867126486553361,0.19152470398526245,0.3442294249093697,0.8084752960147378,0.6333445105435446,0.2721168155868639,0.3006248487405063,0.6246259177047578,0.7419747598718496,0.7954643165405793,0.430413175970374,0.4352189929586051,0.3670039518825727,0,0,0,0,1,0,0,0,0,0,0
1462,Gryffindor,Lawanda,Epstein,0.4,0,0.554467005861157,0.7943785705510128,0.30286194334584055,0.20562142944898712,0.776374007143238,0.12808611187230173,0.6389257051141918,0.12685026035471886,0.19076934713947033,0.33202271367592207,0.5343093229286745,0.20446267599979556,0.8834628913883703,0,0,0,0,0,0,0,0,0,0,0
1463,Hufflepuff,Bob,Blackburn,0.8,0,0.6252802993984194,0.7000788029062084,0.5967658143426229,0.2999211970937917,0.7926328695559465,0.2837090195095406,0.19639844843603319,0.7935345822796276,0.7883286011971613,0.5559545152876526,0.5508778236384647,0.48556629023845116,0.21123029487123812,0,0,0,0,0,0,0,0,0,0,0
1464,Hufflepuff,Delores,Desjardins,0.4,1,0.5499976802808406,0.7203613824031733,0.7898280416267507,0.2796386175968268,0.6643744336052029,0.20623403953968236,0.23249126396184108,0.6053754885042387,0.7684777753516039,0.5839482928558049,0.24291864944038943,0.4667912942950721,0.4554870369566162,0,0,0,0,0,0,0,0,0,1,0
1465,Ravenclaw,Nicholas,Hurd,0.2,0,1.0,0.10523268343805818,0.6921370239439707,0.8947673165619419,0.6854309931233008,0.8766918826747694,0.7433172248701335,0.6676910930467004,0.6859543604063073,0.38858347907651253,0.5923160497469641,0.825913974932609,0.21101315846614843,0,0,0,0,0,0,0,0,0,0,0
1466,Hufflepuff,Sharla,Metzger,0.6,0,0.3190696379691632,0.8000637042567952,0.7267126690280095,0.19993629574320496,0.6722639799562876,0.3174868094080373,0.3910023499842973,0.6585699539807306,0.6135882063081919,0.7345427637555639,0.6022037076147113,0.49836528004159386,0.6082859252182221,0,0,0,0,0,0,0,0,0,0,0
1467,Hufflepuff,Jerold,Salisbury,0.4,0,0.6678394135749965,0.5434625705426268,0.5220189465058446,0.4565374294573733,0.6894823817900742,0.3776572699123428,0.23196716970257025,0.6109579576622194,0.6781530210683016,0.28364653132921036,0.6355040217603519,0.5211342929604573,0.32650801233334786,0,0,1,0,0,0,0,0,0,0,0
1468,Hufflepuff,Viviana,Greco,0.2,0,0.5644959250266768,0.785123490735726,0.6728427070126589,0.21487650926427407,0.7287701903086518,0.19266086578888972,0.09644512476970778,0.7594367344224262,0.8610847177898967,0.5714912948815535,0.10315393047850084,0.42968289857774067,0.255699830633604,0,0,0,0,0,0,0,0,0,0,0
1469,Ravenclaw,Alden,Guidry,1.0,0,0.4074741351313734,0.24055862779459436,0.7698121372965546,0.7594413722054058,0.6867636867636869,0.7159007739503317,0.6905910814098143,0.5420134503039947,0.6947805163279782,0.5974248346223828,0.4455033916226625,0.8567661909705521,0.5542189603508925,0,0,0,0,0,0,0,0,0,0,0
1470,Slytherin,Nigel,Reedy,0.4,0,0.6527071122589425,0.3137247252561932,0.16362614934774422,0.6862752747438069,0.18849618849618852,0.37317279877667975,0.3535202215307648,0.5915111267231662,0.7372189492353615,0.8038941054142477,0.45226465038989383,0.24250591929766838,0.2650149824119512,0,0,0,0,0,0,0,0,0,0,0
1471,Hufflepuff,Katrina,Burley,0.8,0,0.5113356942919444,0.731855881833887,0.6309255308925353,0.26814411816611317,0.7083533237379391,0.2851254007255474,0.2028091872282734,0.8419154185104628,0.748056719838505,0.6757075685773016,0.535042619785738,0.48014922750147576,0.28099622182655143,0,0,0,0,0,0,0,0,0,0,0
1472,Slytherin,Leeann,Clayton,0.4,1,0.5939331611586224,0.22428781160129135,0.24079533316917137,0.7757121883987088,0.20176981715443254,0.2177593173816636,0.23431714646718294,0.6800268933084597,0.7789235936933372,0.7944390462002464,0.670448864522703,0.3078517651775175,0.21963347374820866,0,0,0,0,0,0,0,0,0,0,0
1473,Hufflepuff,Nellie,Pennell,0.8,1,0.4740268778126595,0.7691552168224911,0.839506520727627,0.23084478317750892,0.6242870089023935,0.36960634270189635,0.25571184358688254,0.7259524066993809,0.5959046781163709,0.5201486176998081,0.402012166979602,0.498921416094763,0.48514786989186615,0,0,0,0,0,0,0,0,0,0,0
1474,Gryffindor,Modesto,Doll,0.6,1,0.5722327315671748,0.7202673621042098,0.28269478298552997,0.2797326378957902,0.7554773708619863,0.24407147088467362,0.7365942443669579,0.08070074827564465,0.08599618708775361,0.21052680993118972,0.47473250811972495,0.2076981469804985,0.8799887089069354,1,0,0,0,0,0,0,0,0,0,0
1475,Hufflepuff,Rhea,Currie,0.4,1,0.6549263102547052,0.6884197183309723,0.6986368287749796,0.3115802816690278,0.7331947331947333,0.15132646571010727,0.19982459182162757,0.5026962221779291,0.8896061172502906,0.4180655563576742,0.6381308804485638,0.43010203594643365,0.37542884440005214,0,0,0,0,0,0,0,0,0,0,0
1476,Slytherin,Stefanie,Phipps,0.6,0,0.6005520931599214,0.313128857528946,0.260730010492915,0.6868711424710542,0.1450503758196066,0.2865502348079357,0.3002462152998218,0.6087350712362458,0.7496887887549359,0.8172513475576103,0.6597148559655138,0.2546246881735886,0.30768228601207276,0,0,0,0,0,0,0,0,0,0,0
1477,Ravenclaw,Tommy,Herron,0.6,0,0.5929434143173067,0.37444686954956313,0.7666971036007735,0.625553130450437,0.8704621781544859,0.677152402419232,0.7089864516449237,0.812158723300518,0.8344893143295666,0.8037293125539314,0.6417141798198148,0.8972389150377948,0.3315890042124463,0,0,0,0,0,0,0,0,0,0,0
1478,Ravenclaw,Augustus,Grooms,0.2,1,0.38115305507013286,0.2337333899471,0.7073125892412698,0.7662666100529001,0.6978516978516979,0.7280274270744825,0.6366463628651312,0.7930438720774943,0.8372295884925531,0.8541430516213672,0.8194424636655507,0.9029243604435389,0.36018586876275677,0,0,0,0,0,0,0,0,0,0,0
1479,Slytherin,Bruno,Lovett,0.8,0,0.4184850687410111,0.22067528925303365,0.20213410200215504,0.7793247107469665,0.16722639799562877,0.39412883802839727,0.3077279824626574,0.608180106237882,0.7754394335819877,0.8603791570443904,0.20074841768089177,0.34086816740116366,0.3069874495157858,0,0,0,0,0,0,0,0,0,0,0
1480,Slytherin,Lucas,Seaman,0.6,0,0.5857368201289764,0.2544559144518811,0.1897379367871895,0.745544085548119,0.6333445105435446,0.2520381808843074,0.24590124526806983,0.6750963700188181,0.8104528806404507,0.8295610840400808,0.5480668045008704,0.29473414113896446,0.1988752334216355,0,0,0,0,1,0,0,0,0,0,0
1481,Ravenclaw,Blanche,Janes,0.2,0,0.7460371464361382,0.2256418876479038,0.7011035233375075,0.7743581123520963,0.6333445105435446,0.8330475333440255,0.7585154336872848,0.6172409019609074,0.7205875877358536,0.5269431080819966,0.5389256977935997,0.8424029456963049,0.35191297172884006,0,0,0,0,1,0,0,0,0,0,0
1482,Hufflepuff,Jae,Mejia,0.6,0,0.5557737809875818,0.7762458589601271,0.6436820416140628,0.22375414103987304,0.7238658777120316,0.33353068970037053,0.19004130617556794,0.7341783345477726,0.7136989437980626,0.5180987283254617,0.3642620566551736,0.44126686726118913,0.3136535371520389,0,0,0,0,0,0,0,0,0,0,0
1483,Hufflepuff,Heidi,Porterfield,0.2,1,0.47333096206485936,0.7263219117340636,0.7793418380146959,0.27367808826593654,0.6287115517884749,0.3794981938221517,0.35626470514675845,0.6479898632102389,0.5817237588356765,0.5529139489282688,0.5417523078679223,0.500367201391997,0.5421244625873974,0,0,0,0,0,0,0,0,0,0,0
1484,Ravenclaw,Maryann,Russell,0.8,0,0.8855991834588559,0.23854677602943786,0.5612696140299857,0.7614532239705623,0.7773868543099313,0.705049434121767,0.8146677789897264,0.6864624156946875,0.5953268651078846,0.5793647649130079,0.8574761202210086,0.7594494000412125,0.31417466452425413,0,0,0,0,0,0,0,0,0,0,0
1485,Hufflepuff,Donn,Arthur,1.0,1,0.4138533628195413,0.7760979262937172,0.8037039224894715,0.22390207370628273,0.5861719707873554,0.2803161809599229,0.1515568293771855,0.8071031717578618,0.6995602109942691,0.6365047757792833,0.5286588046538978,0.47319654426433166,0.4110609284752682,0,0,0,0,0,0,0,0,0,0,0
1486,Hufflepuff,Burt,Mosier,0.8,1,0.6276850749269288,0.6111659053700753,0.7352887357584237,0.38883409462992485,0.6949197718428488,0.33955247092390245,0.18074369377322644,0.7139310200976603,0.697686647887578,0.3709700369483497,0.49956300382927943,0.5188238438349757,0.29582663829417644,0,0,0,0,0,0,0,0,0,0,0
1487,Slytherin,Felipe,Carvalho,0.6,0,0.5715942656542381,0.20029266794397907,0.1965116437440705,0.799707332056021,0.18247241324164407,0.26969728614194727,0.20244575001336118,0.7275174151574623,0.7480054081545475,0.7864756900819313,0.4715188610129709,0.30748400231550244,0.17297086029443698,0,0,0,0,0,0,0,0,0,0,0
1488,Hufflepuff,Lola,Clemons,0.6,1,0.3441071400955724,0.9280230857404005,0.6338137823219397,0.07197691425959968,0.8117703502318888,0.32337302177086785,0.2652563174679898,0.7160364498744396,0.6876294316630185,0.6818453050220306,0.4867177955651632,0.45306335234658013,0.4583532375037999,0,0,0,0,0,0,0,0,0,0,0
1489,Ravenclaw,Pat,Parr,0.6,1,0.7243709694879606,0.21667985400527784,0.7340444672274095,0.7833201459947222,0.7370861986246602,0.6982097055687896,0.755659378556945,0.637573072658877,0.6823760628731377,0.5839482928558049,0.4511041864935338,0.8376183789349928,0.4041994180744344,0,0,0,0,0,0,0,0,0,1,0
1490,Ravenclaw,Thomas,Dowdell,1.0,0,0.7037332013670878,0.22980137879968282,0.7749825491526171,0.7701986212003173,0.7678447678447679,0.7431478634517565,0.7124883646131933,0.5886898803968018,0.7089053088882625,0.46909481456940766,0.3775719241676751,0.8550509000645132,0.4041994180744344,0,0,0,0,0,0,0,0,0,0,0
1491,Hufflepuff,Clark,Wentworth,0.8,0,0.571246307780338,0.7582490128790641,0.6455737591191836,0.2417509871209359,0.7400181246335094,0.304486378020487,0.2827361229824671,0.6840376889519145,0.723369986538326,0.5699125998573256,0.6853634871558746,0.4569669726491113,0.37306205758457467,0,0,0,0,0,0,0,0,0,0,0
1492,Gryffindor,Stanford,Valentin,0.4,0,0.43190851027635585,0.7653170196878232,0.24359098535302284,0.2346829803121768,0.7850098619329388,0.4282467034648305,0.7105350855169993,0.2461460940134886,0.2892038226508171,0.5203905356666175,0.5767634913446511,0.3147460555327537,0.7865983410778652,0,0,0,0,0,0,0,0,0,0,0
1493,Hufflepuff,Rosalind,Shank,0.8,1,0.6694322873977391,0.8438224610691315,0.5570787522205797,0.15617753893086858,0.9154006077083,0.2322864695335524,0.1894871579256692,0.7831753150110768,0.8398300469786601,0.5704691003912484,0.5680903424912814,0.439523502854233,0.18510878533894995,0,0,0,0,0,0,0,0,0,0,0
1494,Ravenclaw,Vada,Stinnett,0.4,1,0.6802499110774323,0.11459167506434281,0.8409958668687726,0.8854083249356574,0.6340956340956341,0.623221803193539,0.6205865156282225,0.6034952019248893,0.6126137606215286,0.38461414754152334,0.2083002955586926,0.8427813764886679,0.4420245798410562,0,0,0,0,0,0,0,0,0,0,0
1495,Gryffindor,Jackie,Mcafee,0.2,1,0.6878431251256515,0.8176879266479778,0.37978202704859965,0.18231207335202232,0.7732821578975425,0.09618725489465858,0.7361150585684109,0.06172527777887959,0.225992488609764,0.34014827326451824,0.3953205368387222,0.19716075841124206,0.9359230468580362,0,0,0,0,0,0,0,0,0,0,0
1496,Hufflepuff,Garry,Saul,0.2,0,0.5818319595440978,0.7566212202023705,0.7085931788180495,0.24337877979762956,0.7204541819926435,0.2433771411616885,0.41475233411206436,0.6925411912522845,0.7077753870859801,0.7148971121033405,0.511795171951926,0.4866861421900363,0.471750553697833,0,0,0,0,0,0,0,0,0,0,1
1497,Slytherin,Nelda,Gonsalves,0.8,1,0.5588358102779023,0.2709332874137736,0.20151430569072412,0.7290667125862265,0.2525187909803294,0.21540625098143085,0.25944371288262047,0.71211780254983,0.8044267874782054,0.8833339628068851,0.5031416714471302,0.3126972514358192,0.21116515394971122,0,0,0,0,0,0,0,0,0,0,0
1498,Hufflepuff,Delmar,Meza,0.8,0,0.6455391800566012,0.7644842084243657,0.780445631833397,0.2355157915756344,0.7969507969507968,0.19097940667157087,0.37542066553750897,0.5147309785198306,0.7673285584244273,0.49451021858594296,0.3638546007248963,0.48279290908284456,0.5123550614496027,0,0,0,0,0,0,0,0,0,0,0
1499,Ravenclaw,India,Fort,0.4,1,0.5722327315671748,0.1698256950946852,0.6615850100954727,0.8301743049053149,0.7909803294418679,0.8620687524898663,0.7427822478444809,0.7006585032277705,0.6419646504520408,0.49627491240158933,0.6692720935372463,0.8575491609111312,0.18397967603248364,1,0,0,0,0,0,0,0,1,0,0
1500,Ravenclaw,Marty,Seifert,0.8,1,0.6089649413111052,0.28080437725489854,0.74997720367138,0.7191956227451015,0.7187483341329496,0.6180938425370508,0.6639132253051562,0.6627695796133679,0.6715456804900567,0.5967436189312775,0.6999421086042693,0.8059357487399215,0.43594476049854525,0,0,0,0,0,0,0,0,0,0,0
1501,Hufflepuff,Bud,Park,0.2,1,0.6745897963286578,0.724243882226783,0.6498232988712812,0.275756117773217,0.7168825630364092,0.2637340245872893,0.2754122317499306,0.7024703744731229,0.7620983091401377,0.5666622358947137,0.8712552814254665,0.44369522509052356,0.31984192469709477,0,0,0,0,0,0,0,0,0,0,0
1502,Ravenclaw,Emile,Hudspeth,0.2,0,0.32203114609591266,0.2535545240826849,0.7210453202289304,0.7464454759173152,0.7221067221067221,0.7092067782977683,0.5823111946870301,0.6291761373626582,0.7439992566594795,0.6279054393885491,0.4628762943501891,0.8661065254607005,0.4634342293828984,0,0,0,0,0,0,0,0,0,0,0
1503,Gryffindor,Kim,Creamer,1.0,1,0.6003355860383837,0.8278107145943019,0.3880396557450356,0.17218928540569814,0.873394104163335,0.3187169533585446,0.7559251557712204,0.15196708483163918,0.31006914328004825,0.3956411971706627,0.5644640760280198,0.31706969920366745,0.8471359708168672,0,0,0,0,0,0,0,0,0,0,0
1504,Hufflepuff,Suzanne,Turk,0.2,1,0.6294635262824181,0.6931062744600003,0.7804717848869588,0.30689372553999983,0.7100058638520176,0.16621549522134196,0.18151564828631128,0.6065756007181757,0.8364951309388444,0.4434633576905916,0.2198750369795105,0.4697084117753739,0.3729100621010119,0,0,0,0,0,0,0,0,0,0,0
1505,Ravenclaw,Katy,Elliott,0.6,1,0.8124816355566553,0.24534820192223597,0.8462913741986913,0.7546517980777642,0.7230662615278,0.67391615014765,0.7579485614371645,0.6531477557822527,0.5596465301396095,0.45553548908327207,0.5567169930066809,0.8315606789070878,0.44910322664697966,0,0,0,0,0,0,0,0,0,0,0
1506,Hufflepuff,Chas,Betts,1.0,1,0.5639855868116234,0.7189247587826522,0.6874096567675971,0.28107524121734795,0.7921530998454075,0.1625639196969003,0.4373318352836129,0.7126844488644409,0.7742122930009165,0.7897622647634607,0.2374743506824287,0.5316874026902276,0.45283797281452215,0,0,0,0,0,0,0,0,0,0,0
1507,Slytherin,Sheldon,Boatman,0.8,0,0.6917557181077277,0.2603581295864983,0.22980088171465107,0.7396418704135019,0.186363878671571,0.22584863774414685,0.24213860691879796,0.7215397125602334,0.7002964014568296,0.7623331756723698,0.4264208634900475,0.26448943566087013,0.19457593260085987,0,0,0,0,0,0,0,0,0,0,0
1508,Slytherin,Cara,Pape,0.4,1,0.793645515982865,0.31667868669971444,0.11725467054111388,0.6833213133002857,0.036569113492190414,0.3177370415788852,0.2260364642154427,0.6329041956876279,0.7780202542817339,0.7793916241544592,0.4340130178134519,0.11350453302819276,0.14841273287879445,0,0,0,0,0,0,0,0,0,0,0
1509,Hufflepuff,Leila,Michaud,0.6,1,0.7832995685322364,0.7031668439719008,0.5565827003015901,0.29683315602809934,0.8257902873287488,0.2327820938033415,0.2706309746461585,0.6421372377068367,0.8484074066976537,0.4911638173951915,0.660067903475224,0.4308513176859127,0.23081599861032703,0,0,0,0,0,0,0,0,0,0,0
1510,Hufflepuff,Jacque,Oleary,0.8,1,0.49669826639654824,0.7212186206073025,0.661421136608458,0.2787813793926975,0.7377258915720454,0.3709231097221582,0.27995239569277275,0.7887764561608581,0.6473203058348682,0.5965876645073861,0.4646591931334054,0.5179064018250029,0.35738480913709997,0,0,0,0,0,0,0,0,0,0,0
1511,Gryffindor,Flossie,Zuniga,1.0,0,0.7564372206671512,0.5391802292018949,0.2021508710835059,0.46081977079810527,0.7062210139133217,0.3955723885441402,0.63260061003593,0.11173799798397438,0.20999300932877432,0.16420559355584818,0.4188323316178155,0.22836389321064848,0.7085378034481262,0,0,0,0,0,1,0,0,0,0,0
1512,Ravenclaw,Lettie,Leblanc,1.0,0,0.4860662202496018,0.3209062926641304,0.5935443843927876,0.6790937073358697,0.7977504131350285,0.8446406122691679,0.7550141113608202,0.6128112100751864,0.8902948480781756,0.791061398810232,0.3171158372027363,0.8459814748582152,0.37657966734702747,0,0,0,0,0,0,0,0,0,0,0
1513,Ravenclaw,Josue,Traylor,0.6,1,0.2950218826840697,0.2653499204359373,0.7126183552038715,0.7346500795640628,0.7238658777120316,0.733131220433159,0.623805111651997,0.5697747007282028,0.7802744819368364,0.7090260544723269,0.3144472992564154,0.8790773250894566,0.4753767316628306,0,0,0,0,0,0,0,1,0,0,0
1514,Ravenclaw,Catharine,Mahan,0.6,1,0.483151106506039,0.11988170390797694,0.6344307653567639,0.8801182960920231,0.6030705261474493,0.6549792389343719,0.631420231413315,0.7660429831644073,0.7615197374101836,0.7892280444321059,0.7146225417520871,0.8438709090592632,0.34246753810743913,0,0,0,0,0,0,0,0,0,0,0
1515,Gryffindor,Diego,Cooper,0.2,1,0.7286933795215192,0.17338601893771122,0.6821890026278135,0.8266139810622889,0.6980116210885442,0.6886499378299129,0.6465637569877827,0.7214526831620907,0.6401049604346309,0.5169239009280501,0.7147274884290555,0.813068944587962,0.30920224084770054,0,0,0,0,0,0,0,0,0,0,0
1516,Ravenclaw,Chad,Ashworth,0.2,1,0.4223976617230874,0.08911649434000517,0.6980179879362197,0.9108835056599951,0.5478437016898556,0.5433944029570653,0.4282466942737921,0.6754437165957947,0.5330044259576289,0.4197033782089828,0.7174142995583984,0.7786022653069361,0.42315542623876323,0,0,0,0,0,0,0,0,0,0,0
1517,Hufflepuff,Nadia,Dunbar,0.4,1,0.5158823438442386,0.7294778789393036,0.7557461324394317,0.2705221210606965,0.6882029958953035,0.3117265061566589,0.18290736315399245,0.6897338290540267,0.7010742995185825,0.4592790684567428,0.9569820569250084,0.4838818801834198,0.3871542102748947,0,0,0,0,0,0,0,0,0,0,0
1518,Ravenclaw,Sung,Hammonds,0.6,1,0.38965095959049223,0.5075954586018546,0.735035608212109,0.7865375009146642,0.6850578389039927,0.7514853333798156,0.6536616140492809,0.609018408512451,0.738248612413871,0.6376824011768014,0.42377587968234337,0.8753323200671074,0.4765709818908238,0,1,0,0,0,0,0,0,0,0,0
1519,Gryffindor,Jesus,Belcher,0.4,1,0.4522679120981087,0.7420761621205777,0.1767235912825112,0.25792383787942236,0.6525934218241911,0.3052206404273972,0.7272464508553237,0.23641867531825642,0.22818440745536456,0.5839482928558049,0.6028077119966783,0.21912518479382045,0.8379728145220827,0,0,0,0,0,0,0,0,0,1,0
1520,Gryffindor,Gordon,Conyers,0.0,0,0.6016578259592039,0.7011628316918453,0.35604318163838805,0.29883716830815477,0.8553227783997015,0.2378583701099527,0.7835381113625091,0.11459255388840524,0.2952513466127224,0.38731298022844685,0.3846346988587053,0.33979463672609134,0.8684370521561645,0,0,0,0,0,0,0,0,0,0,0
1521,Ravenclaw,Kraig,Friday,0.8,1,0.6289841176561558,0.14253122098015295,0.7122774496661125,0.8574687790198472,0.7077669385361693,0.7812674085612774,0.663271610928296,0.6838654070100261,0.7673930175572664,0.5727750996765157,0.5674901636146117,0.8838658221408967,0.315651192078864,0,0,0,0,0,0,0,0,0,0,0
1522,Ravenclaw,Ruben,Rau,0.8,0,0.5069668898751991,0.29439123114718835,0.6955522108162248,0.7056087688528118,0.8039874193720348,0.7687644370321814,0.7304044997565483,0.5896434388706943,0.7989748891374661,0.6595405322088607,0.7436425002184245,0.8660739601996367,0.4365744560733053,0,0,0,0,0,0,0,0,0,0,0
1523,Ravenclaw,Carlotta,Irons,1.0,1,0.673391274763002,0.20048293475165765,0.6798847916489172,0.7995170652483425,0.7113385574924037,0.6909113360426161,0.703394608452171,0.6597742871292899,0.6858631435221368,0.5856083659531182,0.3767018622251609,0.8188279425661092,0.3738654622834065,0,0,0,0,0,0,0,0,0,0,0
1524,Hufflepuff,Alberto,Radford,0.8,0,0.5411131559005923,0.8757432019581738,0.6215141406918979,0.12425679804182613,0.726477957247188,0.2827512841991294,0.45908157018511264,0.552483594919654,0.7562666750831439,0.5790390309651808,0.6959333434903767,0.3698293524173249,0.46373822035002393,0,0,0,0,0,0,1,0,0,0,0
1525,Gryffindor,Grant,Stewart,1.0,1,0.6066142925629804,0.7417172186851176,0.6920090087097012,0.2582827813148822,0.7439628978090517,0.3000820712193661,0.2008525215417495,0.5761965929733965,0.7485291650688678,0.3730161138067898,0.2202395327341728,0.44120201747406984,0.37236722108828774,0,0,0,0,0,0,0,0,0,0,0
1526,Hufflepuff,Cathryn,Horn,1.0,1,0.5144750475542428,0.7082582886986875,0.6982292642026253,0.2917417113013126,0.6369209446132523,0.24342360244733707,0.1599833245537039,0.7014496080407004,0.792331194713143,0.566504953638122,0.5579456662175086,0.44798232941558286,0.3495678985538716,0,0,0,0,0,0,0,0,0,0,0
1527,Hufflepuff,Vicente,Palmer,0.6,1,0.579829268669873,0.6743515200389653,0.6947564579065539,0.32564847996103485,0.7983901060824138,0.3007272488575297,0.30116241972507074,0.876324232013438,0.689122878236766,0.642759529338018,0.5174071525335071,0.5752936909298452,0.2913536283493291,0,0,0,0,0,0,0,0,0,0,0
1528,Hufflepuff,Carson,Casas,0.6,0,0.7278892102129502,0.6455013741100398,0.7491930967646573,0.35449862588996023,0.7722160029852337,0.22957462388560568,0.12897059336368724,0.7536543543289396,0.8123222877706959,0.38066624610088096,0.3829551835277309,0.5127153307704105,0.20469448907803883,0,0,0,0,0,0,0,0,0,0,0
1529,Gryffindor,Norma,Wenzel,1.0,0,0.5345483506796778,0.6749293772237502,0.21811509646734087,0.3250706227762498,0.7443893597739751,0.19299252244211768,0.6147619045708173,0.09288930742715176,0.054828443146055617,0.17760853303384244,0.5008429905492918,0.20389783716134172,0.8731054848655927,0,0,0,0,0,0,0,0,0,0,0
1530,Hufflepuff,Odessa,Devito,0.8,1,0.44887338972828356,0.8451565774510491,0.7551190283765664,0.15484342254895106,0.7379391225545071,0.2800073573076421,0.19398451742042372,0.5697747007282028,0.7188059988456913,0.5522986777264219,0.5855322349761324,0.4662202792864169,0.42765014982411953,0,0,0,0,0,0,0,1,0,0,0
1531,Ravenclaw,Madonna,Sommers,0.6,0,0.5268623478650851,0.24481379363341413,0.7367662440612353,0.755186206366586,0.7386321232475078,0.7306153339254391,0.6823462632095842,0.6226630620161828,0.7436228453568072,0.6079451419667696,0.5751532856394864,0.8608573422592095,0.4317540278803145,0,0,0,0,0,0,0,0,0,0,0
1532,Slytherin,Christal,Coy,0.2,1,0.6715200346411394,0.25107540164996506,0.18221424727805818,0.748924598350035,0.08358654512500668,0.3140189899924753,0.22111605565796885,0.6632532337842831,0.7344994597639729,0.7592660032876613,0.28479872702122255,0.21322188902095945,0.1906457636687367,0,0,0,0,0,0,0,0,0,0,0
1533,Ravenclaw,Wallace,Moriarty,0.2,0,0.5722327315671748,0.21201791391517433,0.6673555887183804,0.7879820860848259,0.6363345594114825,0.6598461872619035,0.5409153756626178,0.5760723641509724,0.6391518458401365,0.5016031062714236,0.7481322335000494,0.7778687047279708,0.46907977591523,1,0,0,0,0,0,0,0,0,0,0
1534,Ravenclaw,Jacklyn,Whatley,0.6,0,0.6606560165782596,0.12254348963126699,0.651184197264132,0.8774565103687332,0.6649608188069727,0.8463836981215718,0.7446176898666356,0.6774845025051786,0.7671873164738701,0.6510377602154965,0.28650420512710545,0.8690079217804894,0.31556433751682805,0,0,0,0,0,0,0,0,0,0,0
1535,Gryffindor,Reid,Fultz,0.2,0,0.3063653093732119,0.8683607175772218,0.22000349873139416,0.1316392824227783,0.7245055706594169,0.3955723885441402,0.6263606998479831,0.2057686701371725,0.12067331099192473,0.4955964933008276,0.5759854030459914,0.19235794387433441,0.928735831849568,0,0,0,0,0,1,0,0,0,0,0
1536,Hufflepuff,Eliseo,Yocum,0.6,0,0.5484743980328781,0.7652955066683365,0.80062286588398,0.2347044933316636,0.6634682019297403,0.3955723885441402,0.27863585801887863,0.589677400554016,0.7391519928583091,0.5322334735358285,0.35359771860760264,0.45570394584284785,0.5010856820254483,0,0,0,0,0,1,0,0,0,0,0
1537,Hufflepuff,Ismael,Novak,0.6,1,0.5477320879018913,0.767827103150672,0.8399415608242664,0.232172896849328,0.5453382376459299,0.3822049902292832,0.14257628564988786,0.5865388212234276,0.6408268663905443,0.3178218567194723,0.5510421999920216,0.4091715566026354,0.4638033612715508,0,0,0,0,0,0,0,0,0,0,0
1538,Ravenclaw,Cletus,Deluca,1.0,1,0.5882962436014413,0.159549888523775,0.6379353580572075,0.8404501114762253,0.664161202622741,0.8125705699488709,0.6858259876604802,0.6439708201984014,0.6946570194972651,0.5792103875350585,0.7895407015781394,0.8321729619620909,0.3612932644287141,0,0,0,0,0,0,0,0,0,0,0
1539,Slytherin,Franklyn,Horst,0.4,0,0.5565238235157663,0.24464579635653602,0.13691298898392906,0.7553542036434642,0.2319420011727704,0.2870440137009813,0.2433546381378979,0.7622689930126295,0.7563540703833789,0.8731000450394685,0.6108295718761754,0.30582373547126196,0.15681591175576498,0,0,0,0,0,0,0,0,0,0,0
1540,Hufflepuff,Carroll,Call,0.4,0,0.5477939470794736,0.6898732736573754,0.6925273655690481,0.31012672634262467,0.64150541073618,0.3081361713542441,0.12746328820794986,0.7135503393696202,0.7480204495365863,0.4665705566072059,0.511795171951926,0.4512464353672216,0.3064228948625527,0,0,0,0,0,0,0,0,0,0,1
1541,Hufflepuff,Peggy,Brackett,1.0,0,0.675247050090469,0.7207145822600195,0.6272974452264896,0.27928541773998056,0.7821845514153207,0.1297468120839931,0.20444451777131142,0.7744169888993714,0.9043781125030892,0.6593821676910362,0.5815817526425954,0.458920888312946,0.2243236200981457,0,0,0,0,0,0,0,0,0,0,0
1542,Ravenclaw,Louann,Orton,0.4,0,0.39638587754975796,0.13258401063167577,0.5842949007488125,0.8674159893683246,0.5549336318567087,0.6174139913337142,0.5961350512919528,0.8370442359577195,0.7630735150331903,0.9112924723390707,0.5460172796376629,0.8199202824867956,0.33150214965041036,0,0,0,0,0,0,0,0,0,0,0
1543,Hufflepuff,Samual,Bustos,0.4,1,0.670522555402626,0.6873671748733461,0.7140130834624157,0.31263282512665397,0.7060610906764754,0.25652203552815905,0.16766596905780956,0.5573322184873138,0.8086778529145947,0.3400159350196306,0.30342692187830067,0.43524678572451314,0.33736483258783173,0,0,0,0,0,0,0,0,0,0,0
1544,Hufflepuff,Eddie,Blackwell,0.2,1,0.5911340333730263,0.7755640767475614,0.6745860292774215,0.22443592325243855,0.7514792899408285,0.2836420679027629,0.23903639968219587,0.5714174916124312,0.7549014840885101,0.44123688533737415,0.6060901929822586,0.4294518536651925,0.4007469492335085,0,0,0,0,0,0,0,0,0,0,0
1545,Slytherin,Ben,Munger,0.4,1,0.5722327315671748,0.16199346342389195,0.1596545983555803,0.8380065365761081,0.16514739591662672,0.20830357237663694,0.11433027978924123,0.7813306367409993,0.8634389846415294,0.8835740228331564,0.41368657784459706,0.3201824889853625,0.10845963434229382,1,0,0,0,0,0,0,0,0,0,0
1546,Hufflepuff,Bryce,Coughlin,0.4,1,0.5653387563212348,0.7194150356305852,0.7140641859781386,0.2805849643694148,0.6333445105435446,0.2805544103094292,0.26991483406188993,0.7225387870607624,0.7222241956764548,0.5839482928558049,0.5125363508512941,0.5018059683140009,0.37299691666304774,0,0,0,0,1,0,0,0,0,1,0
1547,Gryffindor,Christi,Rodrigues,0.2,1,0.6753475712540402,0.6463771513992317,0.19477689923451183,0.35362284860076837,0.6808465270003732,0.3080093806353491,0.6566817538467968,0.1648480384961858,0.23818053035524991,0.32146922902164643,0.6526635491019578,0.20973487947203873,0.728166934468233,0,0,0,0,0,0,0,0,0,0,0
1548,Slytherin,Carrol,Hacker,0.2,1,0.558603838361969,0.1799358008624394,0.3344201217657269,0.8200641991375609,0.28930113545498165,0.1832473559367124,0.19469926700861695,0.7122834265834129,0.7127797000777049,0.5839482928558049,0.43150482380951116,0.39485210598981857,0.2300994484735311,0,0,0,0,0,0,0,0,0,1,0
1549,Gryffindor,Kelley,Reddy,0.6,1,0.690874224827181,0.7407305389088276,0.2141325341564473,0.2592694610911725,0.6473692627538782,0.1795852246269402,0.6389200294182913,0.11881221864221529,0.09269917800923988,0.25807678691175157,0.4432493032302104,0.1116210818516618,0.8369957006991794,0,0,0,0,0,0,0,0,0,0,0
1550,Slytherin,Evangeline,Roy,0.6,1,0.5547221749686838,0.22217184936395248,0.2905315585578233,0.7778281506360477,0.19771842848765928,0.3277682394403979,0.29200331458931245,0.5934313755032576,0.7077825552096239,0.7042153211907879,0.8239093551966454,0.33618803406326303,0.31106961393147176,0,0,0,0,0,0,0,0,0,0,0
1551,Ravenclaw,Paris,Musgrove,0.6,1,0.35166169215780274,0.21403996363528544,0.6567552080690684,0.7859600363647148,0.6765819073511381,0.8318064408850205,0.6269400500123491,0.7553227747311813,0.9157291619199811,0.8599690249804987,0.3208809255467706,0.9032971765357183,0.3209493203630521,0,0,0,0,0,0,0,0,0,0,0
1552,Ravenclaw,Olga,Bostick,0.4,1,0.595031161560707,0.26360710508954016,0.6687249714275119,0.73639289491046,0.7575563729409883,0.6196622296630553,0.6683119466373494,0.666253013952758,0.6367072426422579,0.5865168185762203,0.5841807117058202,0.8004364306452582,0.41453511095670303,0,0,0,0,0,0,0,0,0,0,0
1553,Hufflepuff,Emilio,Donahue,0.6,1,0.7381732984859967,0.5075954586018546,0.7761796350838887,0.3849589795042208,0.7443893597739751,0.23609642496543778,0.2547257561119446,0.5706934283214269,0.7777229818370753,0.33234745724668857,0.5321108058953326,0.5065700414196433,0.3592956095018891,0,1,0,0,0,0,0,0,0,0,0
1554,Gryffindor,Kendrick,Lahr,0.2,1,0.6440313626030342,0.7418792286614342,0.3033378667751599,0.25812077133856587,0.7537182152566768,0.26708822109100455,0.7712258305199113,0.12810729456498968,0.6419646504520408,0.3947273468132145,0.3969256420433944,0.24885530300010264,0.8651582924393104,0,0,0,0,0,0,0,0,1,0,0
1555,Ravenclaw,Rudolph,Zeigler,0.8,0,0.7334101418121646,0.07505147986558708,0.6019423853487132,0.9249485201344131,0.6372940988325604,0.9344192720572694,0.7748184145301967,0.6758188188102912,0.7502282759865543,0.6179869846297568,0.47731267369576713,0.8625439981943126,0.26746862378946457,0,0,0,0,0,0,0,0,0,0,0
1556,Ravenclaw,Fabiola,Squires,1.0,1,0.49062060219909376,0.1577751040637515,0.7348116498290894,0.8422248959362486,0.681326296710912,0.8558488963901262,0.6937192155498274,0.6665839607814554,0.8220716926428827,0.6769801810895443,0.39706532036666775,0.9208944891156235,0.3731054848655926,0,0,0,0,0,0,0,0,0,0,0
1557,Hufflepuff,Scott,Chew,1.0,1,0.455724293645516,0.8056634750451408,0.539196351508181,0.19433652495485923,0.7233861080014926,0.3668896126796286,0.23071157534326958,0.7538220816468646,0.7038340433788824,0.6505182121244927,0.43844377004848706,0.42397162555115253,0.3304816085464889,0,0,0,0,0,0,0,0,0,0,0
1558,Ravenclaw,Earnest,Roberge,0.4,0,0.5722327315671748,0.263174058307131,0.766742112018077,0.7368259416928691,0.81619489311797,0.8586372504924731,0.7303127632997986,0.7475548432031893,0.7901936335221513,0.501532027595528,0.4725016442454222,0.8668482273549319,0.19351196421592046,1,0,0,0,0,0,0,0,0,0,0
1559,Ravenclaw,Devin,Daly,0.4,0,0.701026862347865,0.25160064142025707,0.7435467455699357,0.748399358579743,0.7554773708619863,0.6539920056842863,0.7338104865684125,0.6787075319012608,0.6207219400116457,0.5668184481831067,0.5922344509002522,0.8296572955449042,0.41842185260780823,0,0,0,0,0,0,0,0,0,0,0
1560,Ravenclaw,Hubert,Upchurch,0.4,0,0.6535267463619071,0.25247054861418444,0.6861292884261477,0.7475294513858157,0.7410309718002025,0.8336592217356121,0.6860934778153451,0.6914764462949164,0.8589392669584778,0.6623278724698473,0.4655230504801865,0.8539153269524142,0.28264645850523307,0,0,0,0,0,0,0,0,0,0,0
1561,Ravenclaw,Keshia,Nava,0.2,0,0.6227981998979324,0.267887483851419,0.6020268540916526,0.7321125161485812,0.7456687456687456,0.73251293322541,0.7013390534441132,0.6552740997411285,0.7378176769480224,0.652867848453284,0.511795171951926,0.7924879803305823,0.35156555348069657,0,0,0,0,0,0,0,0,0,0,1
1562,Ravenclaw,Mari,Stanford,0.8,1,0.3737454185546603,0.3296454013887472,0.6239735259910345,0.6703545986112529,0.7474812090196705,0.7837341491978734,0.6585970943962799,0.6386891462020071,0.8757554556443495,0.7954323143066656,0.6892318184203522,0.8333060084591073,0.4009640856385982,0,0,0,0,0,0,0,0,0,0,0
1563,Hufflepuff,Stanton,Bruner,0.6,1,0.6317523158529608,0.7070802813382725,0.7901075037004047,0.29291971866172767,0.7714696945466177,0.23840401422368052,0.2660083132035423,0.6354704691049281,0.747709511036592,0.441790592580051,0.24166161865443433,0.5151863603211391,0.40178920397793894,0,0,0,0,0,0,0,0,0,0,0
1564,Ravenclaw,Aida,Li,0.8,0,0.5761718447953235,0.3168340171513708,0.6106835979011812,0.6831659828486293,0.786235940082094,0.6538919868467087,0.7278830139685294,0.7009160314220865,0.6805008130083129,0.7253953189357693,0.7609783309723465,0.7966846879826892,0.4012680766057238,0,0,0,0,0,0,0,0,0,0,0
1565,Gryffindor,William,Sawyer,0.4,0,0.4659001283577935,0.7978608248456427,0.2754124160236658,0.20213917515435736,0.7661922277306893,0.3955723885441402,0.6651520097608268,0.20170986253099984,0.2674274721202072,0.5432915231034685,0.8214416954830817,0.22720024659763222,0.8797498588613367,0,0,0,0,0,1,0,0,0,0,0
1566,Gryffindor,Dorian,Hinojosa,0.8,0,0.5655243338539814,0.8525455834841573,0.19529902345093975,0.14745441651584276,0.6634682019297403,0.2669429985467994,0.6752204871664285,0.28447760290674473,0.21841188577894677,0.5775172973132199,0.4680624277490814,0.1503872177981504,0.7855995136144527,0,0,0,0,0,0,0,0,0,0,0
1567,Ravenclaw,Dwayne,Hsu,0.8,1,0.5572197392635665,0.18274749997962433,0.7303652630264824,0.8172525000203759,0.6686923610000534,0.5742871913575547,0.6196846068710024,0.7344698078924645,0.683676053937239,0.6528198247968128,0.7763541535075755,0.8351417346840807,0.3936031615060582,0,0,0,0,0,0,0,0,0,0,0
1568,Ravenclaw,Elaine,Sargent,0.8,1,0.5281381934027187,0.16600093565889748,0.7579961228410734,0.8339990643411026,0.7088864011940936,0.7811954312837757,0.7350308543077523,0.6141456599688435,0.7895668892641773,0.6479750495902636,0.4916252000627722,0.9122632912586419,0.4326225735006732,0,0,0,0,0,0,0,0,0,0,0
1569,Ravenclaw,Louis,Ligon,0.8,1,0.6258370319966596,0.2974823321279659,0.7413041579657652,0.7025176678720343,0.8152886614425076,0.6155082181307363,0.45908157018511264,0.7359570094743659,0.685725962083706,0.6922342614122471,0.4377853859514293,0.8601939654325371,0.4103226646979633,0,0,0,0,0,0,1,0,0,0,0
1570,Hufflepuff,Danette,Amaral,0.8,1,0.5274886720381052,0.7915523418754341,0.594655618113922,0.208447658124566,0.8112372727757343,0.23302295378321736,0.45908157018511264,0.6814346571177731,0.810925384548583,0.5913862682183681,0.511795171951926,0.44596833645978556,0.32833195813610117,0,0,0,0,0,0,1,0,0,0,1
1571,Slytherin,Marcel,Pederson,0.8,0,0.46318605694137294,0.20154594007780063,0.2513113257359632,0.7984540599221995,0.19585265739111896,0.38220245230293226,0.3406588456421604,0.6544952354895078,0.6514254020870053,0.7987465497168428,0.5627582093853553,0.37295084498430464,0.3292656446779867,0,0,0,0,0,0,0,0,0,0,0
1572,Hufflepuff,Vonda,Wingate,1.0,0,0.7713066204784808,0.707684974387782,0.5725770676589994,0.29231502561221817,0.7732821578975425,0.223338549256436,0.2016994832504103,0.5742473230523328,0.8796490829285144,0.41650341734890184,0.46392262554782787,0.39085275504915973,0.2418248143483737,0,0,0,0,0,0,0,0,0,0,0
1573,Gryffindor,Ezekiel,Vallejo,0.4,1,0.6058642500347958,0.651409399514085,0.05263777518504431,0.34859060048591506,0.571885494962418,0.2052150364774552,0.5557125405345116,0.21017104289459873,0.013266537483438057,0.2824720916163684,0.4041084549809455,0.07818329637924776,0.7507491205975595,0,0,0,0,0,0,0,0,0,0,0
1574,Ravenclaw,Jade,Trent,0.8,1,0.5520390331410544,0.11846254259625892,0.7603515838793297,0.8815374574037411,0.6864971480356096,0.653813879440314,0.6545383977090926,0.5542448039205423,0.6467144175151461,0.450763229869844,0.29180960106621845,0.8620487816381338,0.47737438658965564,0,0,0,0,0,0,0,0,0,0,0
1575,Ravenclaw,Laverne,France,0.8,0,0.7320028455221688,0.30390042546243506,0.7346342872752715,0.6960995745375651,0.8145423530038916,0.3955723885441402,0.6898506462816888,0.7385849874307068,0.6624812427163103,0.5552989558435384,0.5877038534741245,0.834483130352564,0.33258783167585876,0,0,0,0,0,1,0,0,0,0,0
1576,Ravenclaw,April,Nason,0.2,0,0.4672764950589982,0.29367060412401613,0.5741292542145972,0.706329395875984,0.7730156191694654,0.7590978205188247,0.7714516315942204,0.7308871645269801,0.8176168447238608,0.9073019441570351,0.468022108123656,0.8527432582891226,0.37340947583271816,0,0,0,0,0,0,0,0,0,0,0
1577,Ravenclaw,Germaine,Theriault,0.6,1,0.6546788735443763,0.1715206184315044,0.6122242068895738,0.8284793815684958,0.7330881177035024,0.85574967551349,0.7396576884400483,0.7054169750801603,0.780907858566147,0.6702820775261633,0.5388522549300439,0.8683490367139635,0.28088765362400664,0,0,0,0,0,0,0,0,0,0,0
1578,Gryffindor,Ivory,Boykin,0.4,1,0.6686435828835655,0.6990085432517444,0.18502224378500598,0.30099145674825556,0.6778612932459087,0.35605411122559355,0.7298751923647581,0.2513046876599305,0.2470594230492001,0.5839482928558049,0.5822915660807129,0.22086321523560146,0.7218048377991053,0,0,0,0,0,0,0,0,0,1,0
1579,Slytherin,Susanne,Linn,0.4,1,0.7945038120718185,0.36486858155033847,0.3223234784290597,0.6351314184496617,0.15869715869715872,0.40871864769928606,0.44235897837405547,0.4799703341668835,0.5587163658781571,0.59865757765071,0.5088058474916999,0.2194592594547346,0.4116689104095193,0,0,0,0,0,0,0,0,0,0,0
1580,Hufflepuff,Silvia,Landers,1.0,1,0.6711179499868549,0.7208134165561114,0.6824284797251129,0.27918658344388875,0.6333445105435446,0.39540553565225456,0.22987241251966514,0.5793324420361755,0.6741272620509353,0.32441675026447525,0.6899039127163791,0.42028697855577607,0.3643331740999696,0,0,0,0,1,0,0,0,0,0,0
1581,Slytherin,Ramon,Crain,0.8,0,0.3337147982617571,0.15633252032547162,0.24083362500319977,0.8436674796745286,0.1480356095740711,0.2054951105349593,0.15176255877795786,0.6886961315554581,0.9234911831827767,0.9367036188142122,0.39584326209751014,0.36891022599729734,0.2343336083727798,0,0,0,0,0,0,0,0,0,0,0
1582,Ravenclaw,Elizebeth,Wong,0.8,0,0.5362417456659914,0.10254067634718851,0.7574038018164309,0.8974593236528117,0.6094674556213018,0.7789481132993948,0.6411779083509446,0.7137049388334376,0.7225029956631469,0.6130783916534773,0.5526023170178869,0.8955797711335913,0.3659616971381422,0,0,0,0,0,0,0,0,0,0,0
1583,Slytherin,Deanna,Dowdell,0.4,0,0.37549294032135844,0.1971562045783339,0.3858804198380582,0.8028437954216663,0.30006930006930005,0.24551182760753315,0.28705364780831116,0.6153478557436693,0.748094500770149,0.7617201835129079,0.5082027573836776,0.45763063021079303,0.3807052590437313,0,0,0,0,0,0,0,0,0,0,0
1584,Slytherin,Josef,Stoll,0.2,1,0.6389743748356865,0.31203858342202306,0.26489150477469525,0.687961416577977,0.09488778719547951,0.432257939347339,0.3931486454609443,0.5674028063851411,0.5910915097488558,0.7356752734045441,0.47386534355746707,0.24324425237179031,0.3774482129673862,0,0,0,0,0,0,0,0,0,0,0
1585,Hufflepuff,Eduardo,Maness,0.4,0,0.5087144116418972,0.7257294832702912,0.7799377176614909,0.274270516729709,0.7238658777120316,0.16542528930176595,0.2648143963684937,0.3974764095553577,0.8253164826741686,0.41740075232395246,0.685441722530948,0.45607563899499176,0.559256524948973,0,0,0,0,0,0,0,0,0,0,0
1586,Slytherin,Earl,Mccloskey,0.6,0,0.6335616967972411,0.24281510190106867,0.08696215946345275,0.7571848980989314,0.1432379124686817,0.25867114558416787,0.18835160390560252,0.7461500589858487,0.8327022830150522,0.8875265617510583,0.2611109922908207,0.22535553685236567,0.0943674816519738,0,0,0,0,0,0,0,0,0,0,0
1587,Hufflepuff,Juliana,Delgadillo,0.6,1,0.6378686420364041,0.7456002438842888,0.6950071911692927,0.25439975611571125,0.6845247614478385,0.25378002662449395,0.2661386777889263,0.635741415532086,0.7662242913910331,0.5371192687251415,0.36620968686104927,0.4287494546722448,0.3851131280670517,0,0,0,0,0,0,0,0,0,0,0
1588,Slytherin,Jessie,Tilley,0.6,1,0.5177535839661012,0.2391536043501623,0.36912576778933476,0.7608463956498378,0.07766938536169309,0.21275109674872528,0.45908157018511264,0.5330539077339695,0.8443005663570835,0.7576255876967556,0.5312172233591174,0.2845810787972639,0.3516958353237504,0,0,0,0,0,0,1,0,0,0,0
1589,Hufflepuff,Dionne,Hynes,1.0,0,0.4947187727139168,0.8446711473368934,0.6913551176260416,0.15532885266310673,0.7669385361693054,0.2669800578257768,0.28958425420739176,0.6471546218944751,0.7264466075389496,0.6016294662582224,0.5649109873486666,0.44963333200452094,0.45635558257697484,0,0,0,0,0,0,0,0,0,0,0
1590,Ravenclaw,Chadwick,Hawkins,0.0,1,0.4106985447628474,0.20032107093406049,0.7855830268710728,0.7996789290659396,0.67620875313183,0.7555573040159184,0.5623978449081898,0.5658699134964773,0.8261762420806196,0.5339635805800018,0.3210038490168531,0.8759022121357255,0.43281799626525386,0,0,0,0,0,0,0,0,0,0,0
1591,Slytherin,Darrel,Gleason,0.4,1,0.6797395728623788,0.23148552614718562,0.2418257130456982,0.7685144738528145,0.16472093395170317,0.2949741949850182,0.2214149766882464,0.7638835850578846,0.5870047124076623,0.6796964449529744,0.5279141852581011,0.28035264808912097,0.18810526772918748,0,0,0,0,0,0,0,0,0,0,0
1592,Gryffindor,Adell,Dodge,0.4,1,0.6524287459598225,0.6776063858651631,0.3353089433051165,0.32239361413483697,0.8549496241803934,0.30741613451884525,0.7370899060746651,0.10702482413983248,0.25046411712460365,0.25184369149219754,0.5342621332092223,0.3282642884293949,0.8148043600990142,0,0,0,0,0,0,0,0,0,0,0
1593,Ravenclaw,Adeline,Church,0.4,0,0.8043471537045915,0.2726062012412058,0.7292478945605296,0.7273937987587943,0.7959912575297191,0.7161350848445963,0.7873201490185784,0.7283934054509676,0.7288913082898435,0.6528177459073302,0.5714716734993601,0.8491540611968637,0.3292873583184957,0,0,0,0,0,0,0,0,0,0,0
1594,Hufflepuff,Jeanie,Mora,0.6,0,0.36571919026336547,0.7900553182946366,0.7200450325298179,0.2099446817053635,0.760701529932299,0.25729373345720485,0.3988519941031831,0.7129217771397107,0.6643088610446701,0.7700640709116835,0.7435475355803777,0.535628922218997,0.5487036956616147,0,0,0,0,0,0,0,0,0,0,0
1595,Gryffindor,Jung,Blank,1.0,1,0.567395573975844,0.6661887468445991,0.262629151492202,0.333811253155401,0.7691774614851539,0.27044183071441413,0.7244449092122445,0.17481918338974958,0.2994450657288276,0.4434825558314243,0.4181475886838537,0.2991206256572709,0.7975420158943849,0,0,0,0,0,0,0,0,0,0,0
1596,Slytherin,Shelli,Lock,0.4,0,0.6778683327405162,0.672871250678589,0.7465907674157417,0.3271287493214111,0.5588784050322512,0.20341856130611594,0.3509179144483179,0.534833621250498,0.7774105020658862,0.5770870129698432,0.4677566939344137,0.41048315056548496,0.49131454379641293,0,0,0,0,0,0,0,0,0,0,0
1597,Gryffindor,Benjamin,Christensen,0.6,1,0.6825773626339637,0.7618737619107552,0.32372707873578654,0.23812623808924485,0.7885281731435578,0.3218830889954385,0.7612602806057022,0.13855015941037446,0.2456150815531036,0.3513878241432248,0.5314171524333856,0.2642314401874417,0.8249880574977201,0,0,0,0,0,0,0,0,0,0,0
1598,Hufflepuff,Charlotte,Dillon,1.0,0,0.8280082891297961,0.7163140692713801,0.6270834316992099,0.28368593072862003,0.8244042859427475,0.11692019537279053,0.21575208413652439,0.6107418981507756,0.9427601231976372,0.47172687834095356,0.43668823327552275,0.4171216913273652,0.22725496156685632,0,0,0,0,0,0,0,0,0,0,0
1599,Hufflepuff,Kylie,Nowak,0.8,0,0.5645345870126657,0.8349431194547129,0.7173775885872146,0.16505688054528705,0.816674662828509,0.3911582069395454,0.12113179158712295,0.7743812376366792,0.6670831205967619,0.37016604257537333,0.5438127156797729,0.47804371493268816,0.27511182524862116,0,0,0,0,0,0,0,0,0,0,0
