Index,Hogwarts House,First Name,Last Name,Birthday,Best Hand,Arithmancy,Astronomy,Herbology,Defense Against the Dark Arts,Divination,Muggle Studies,Ancient Runes,History of Magic,Transfiguration,Potions,Care of Magical Creatures,Charms,Flying,Arithmancy_missing,Astronomy_missing,Herbology_missing,Defense Against the Dark Arts_missing,Divination_missing,Muggle Studies_missing,Ancient Runes_missing,History of Magic_missing,Transfiguration_missing,Potions_missing,Care of Magical Creatures_missing
3,Gryffindor,Vesta,Mcmichael,0.8,0,0.4410327389697354,0.8393964889281106,0.1733773776155889,0.1606035110718895,0.6798336798336798,0.2521911868501568,0.5202571610452487,0.1951618782532614,0.0715648447013879,0.3026938597235676,0.5179781153906047,0.1179696233490682,0.8296999174881662,0,0,0,0,0,0,0,0,0,0,0
1221,Hufflepuff,Rosario,Sharpe,0.4,0,0.3999427802607364,0.8133859356857993,0.5776051961529786,0.1866140643142007,0.7248254171331096,0.3545892649102334,0.2348551833902658,0.669377016637328,0.7023800684092472,0.6060235551288113,0.4570546199915034,0.4284434535122479,0.4080644460850307,0,0,0,0,0,0,0,0,0,0,0
842,Slytherin,Darwin,Tompkins,0.8,1,0.4473733046719144,0.1912751690819087,0.3917703701015629,0.8087248309180913,0.1286848979156671,0.274440114273077,0.2857970881050205,0.5904838676727698,0.6955475394986336,0.7508264365195276,0.3766065386263673,0.3716440235166109,0.4060016502366786,0,0,0,0,0,0,0,0,0,0,0
223,Slytherin,Dudley,Cleary,1.0,1,0.352318945919614,0.1316081290605224,0.3357203784767901,0.8683918709394778,0.2368996215150061,0.3297681663632803,0.279184269395271,0.6632909733945221,0.670024673990485,0.5839482928558049,0.483934011955968,0.4612032639375111,0.349915316802015,0,0,0,0,0,0,0,0,0,1,0
251,Slytherin,Kristine,Jacob,0.2,0,0.8430555340766744,0.340041100752771,0.2972387599502833,0.659958899247229,0.1475025321179167,0.3251587298666744,0.3207443414437892,0.5589662679049767,0.6127597699819332,0.5799562929101114,0.7867183767733683,0.1937270885140641,0.2930038650280106,0,0,0,0,0,0,0,0,0,0,0
563,Gryffindor,Maritza,Layton,0.2,1,0.5604518812922382,0.7546196400189391,0.2648729658022236,0.2453803599810608,0.7623540700463778,0.2893770987777774,0.7218848089164053,0.1676432506766,0.1947296996094204,0.3998205497246878,0.3769344220357222,0.2489280133674788,0.8466799843661789,0,0,0,0,0,0,0,0,0,0,0
1043,Ravenclaw,Santos,Blair,0.6,0,0.3233688508111285,0.219945562205245,0.7206969911146952,0.7800544377947551,0.7031291646676263,0.7086355527600912,0.6114485693966497,0.6867742670486947,0.8538541210191241,0.7736715588303796,0.381727926322514,0.9006916749155977,0.4176401615494854,0,0,0,0,0,0,0,0,0,0,0
966,Hufflepuff,Merle,Yoon,1.0,0,0.5011289299908758,0.7075824821415739,0.7309813552055916,0.2924175178584262,0.7345807345807346,0.3602726028705774,0.2041868723412566,0.6765621386897454,0.6677530948346254,0.4140041649804625,0.6846636927407673,0.5118141713909693,0.3855039735962131,0,0,0,0,0,0,0,0,0,0,0
422,Hufflepuff,Wallace,Mccune,0.8,1,0.4723102856347524,0.7596279880940034,0.7094296984618923,0.2403720119059965,0.7077669385361693,0.2597233083864048,0.3380288001986589,0.6071517952748291,0.7184512943017032,0.6237693163270369,0.531906320451917,0.4748054366018942,0.5107048247709212,0,0,0,0,0,0,0,0,0,0,0
613,Hufflepuff,Sung,Leake,1.0,1,0.7106459644619024,0.736116960015074,0.7466601846622134,0.263883039984926,0.7333546564315796,0.1470429958338183,0.1003405041294706,0.6152968187182059,0.904270036302076,0.3901193952313714,0.6345312395012714,0.4206115082263785,0.2773483302210449,0,0,0,0,0,0,0,0,0,0,0
204,Gryffindor,Angie,Ladner,1.0,1,0.5175216120501678,0.7636914890354753,0.2176423901937663,0.2363085109645247,0.6763686763686764,0.1160811768464979,0.6584880110132444,0.1365016604801309,0.104458326610575,0.397111809204729,0.4287541143391065,0.1487426721144237,0.9165327658835282,0,0,0,0,0,0,0,0,0,0,0
1116,Hufflepuff,Rodolfo,Baines,0.2,1,0.52325905077092,0.7519763121213383,0.6441250394838502,0.2480236878786618,0.9227570766032306,0.3255904607572011,0.3009175542514277,0.6080771226125142,0.6945546492489424,0.4234842018741271,0.4518852451917083,0.532149492515324,0.3994658444434794,0,0,0,0,0,0,0,0,0,0,0
999,Hufflepuff,Kristi,Holman,0.2,1,0.6673136105655475,0.7230835544398844,0.5747003165370965,0.2769164455601158,0.735966735966736,0.1794317556391655,0.2612136280013076,0.7229299746178159,0.8658633916697366,0.6818742476980792,0.617734469391691,0.424137820676583,0.2696834151213792,0,0,0,0,0,0,0,0,0,0,0
929,Gryffindor,Marlin,Swartz,0.4,1,0.6367474444427261,0.6972920734094721,0.3694153723343116,0.3027079265905281,0.9087371395063704,0.3658688906016271,0.7605819720577129,0.1359385282656319,0.3155706404428954,0.2955435075154671,0.6765877715457262,0.382154180789977,0.7912016328657663,0,0,0,0,0,0,0,0,0,0,0
578,Gryffindor,Gus,Wise,0.2,0,0.5658104325502993,0.7999318437056727,0.0951056573412216,0.2000681562943273,0.5671944133482595,0.3513223336827293,0.4590815701851126,0.2263170360860469,0.0029270094272464,0.3654658373908299,0.4973652471648011,0.0672801100930411,0.8011899074998915,0,0,0,0,0,0,1,0,0,0,0
433,Gryffindor,Otis,Billingsley,0.4,0,0.6060962219507292,0.7469722480349978,0.2455969928229624,0.2530277519650022,0.7039820885974731,0.3955723885441402,0.7461552927594112,0.1349202937440039,0.1339655520636204,0.3926853496186483,0.662217576640099,0.1962958138479842,0.8889998697181569,0,0,0,0,0,1,0,0,0,0,0
1181,Ravenclaw,Lenny,Bentley,0.2,0,0.2755130445540726,0.2643397418387975,0.68817721069838,0.7356602581612026,0.6938003091849246,0.7295077756066135,0.5341166944278037,0.5979467238952789,0.8211311122279987,0.6447798926711885,0.413666362975602,0.8416898787730085,0.4423937117297086,0,0,0,0,0,0,0,0,0,0,0
1441,Slytherin,Domingo,Luce,0.4,0,0.518387640536319,0.1795128793407674,0.3009272144171706,0.8204871206592328,0.2060877445492829,0.1128532950825348,0.0999851644679062,0.7201449022952647,0.8590196042276252,0.7704763431456372,0.3097145882494428,0.3442737637974243,0.1771833065531767,0,0,0,0,0,0,0,0,0,0,0
918,Gryffindor,Rayford,Denny,0.2,0,0.4529483630515132,0.8175689373789297,0.2548146369785709,0.1824310626210703,0.7986566448104909,0.3288824669600163,0.616472734024885,0.5697747007282028,0.1657670391810422,0.3372643464047093,0.4942281857038754,0.2433503702052565,0.8234246753810746,0,0,0,0,0,0,0,1,0,0,0
65,Hufflepuff,Jessica,Tanner,0.6,0,0.7556330513585822,0.6774372613774026,0.6770397658151799,0.3225627386225975,0.8300015992323685,0.1746301804804593,0.2192571377832741,0.7355062147970127,0.8547712020401461,0.5000536653268938,0.6516324654165073,0.4974026396951444,0.2192209145785382,0,0,0,0,0,0,0,0,0,0,0
1396,Ravenclaw,Romona,Whitlow,0.6,1,0.6807293197036945,0.1625107909734771,0.5682487746192199,0.8374892090265231,0.7273841889226504,0.3955723885441402,0.7583168612950758,0.6975885066963837,0.8543794319528374,0.7267586252471386,0.3014288186226855,0.8591956717399227,0.2444521648499587,0,0,0,0,0,1,0,0,0,0,0
324,Hufflepuff,Arlen,Keller,0.4,1,0.6470238003185748,0.8167918218013753,0.5720588633681765,0.1832081781986246,0.7829308598539368,0.2335674597355556,0.2885485236066532,0.6992140564992142,0.8097822788844109,0.5839482928558049,0.5388834586316591,0.4061814480199473,0.3126329960481174,0,0,0,0,0,0,0,0,0,1,0
319,Hufflepuff,Jarod,Wolff,0.0,0,0.6432039961028718,0.6944790292584289,0.6889025927553227,0.3055209707415711,0.7131510208433285,0.2390163817206762,0.2498896715624341,0.6936260315624339,0.7806415795691187,0.5464350247979222,0.657594912644662,0.4686915895721547,0.3312415859643028,0,0,0,0,0,0,0,0,0,0,0
650,Slytherin,Liz,Treadway,0.2,1,0.4313595100753135,0.1846124500266793,0.276925808212811,0.815387549973321,0.1954795031718109,0.2177574176726872,0.2136215231908979,0.6932067730069442,0.8068847548506,0.5839482928558049,0.3676637264881389,0.3720179625488273,0.2627350501585096,0,0,0,0,0,0,0,0,0,1,0
44,Hufflepuff,Jerald,Woodworth,0.4,0,0.5869353416946321,0.7094612032917491,0.7060226752483885,0.290538796708251,0.7073404765712458,0.2227326156545367,0.2191538279764757,0.5942780866736007,0.7949044965244313,0.4777257014053158,0.4975705950518305,0.4504174248851372,0.3913232292526165,0,0,0,0,0,0,0,0,0,0,0
1050,Slytherin,Helene,Bergeron,0.2,0,0.5948765136167514,0.264307265954425,0.2850477843419013,0.7356927340455751,0.1983048136894291,0.3955723885441402,0.2426378142911028,0.6862068361429647,0.7277207964577401,0.7773086924409289,0.5200178538691851,0.3026225141616777,0.2573934945933035,0,0,0,0,0,1,0,0,0,0,0
469,Gryffindor,Edmund,Moseley,0.4,0,0.5396749300218053,0.820065449424461,0.1937615217387142,0.1799345505755389,0.6788208326669865,0.1759031812028929,0.5931877353540251,0.2089364194738541,0.1172008515819635,0.3892580792922692,0.5284623915361685,0.1231298135526515,0.8294827810830764,0,0,0,0,0,0,0,0,0,0,0
417,Hufflepuff,Suzanne,Wood,0.6,1,0.7051173004654903,0.6734400644803515,0.8122358170324221,0.3265599355196484,0.7065941681326297,0.1549985209955976,0.2035423023412708,0.5443692695230951,0.8473127340808324,0.3764137791217076,0.6660257509212956,0.4644946011850386,0.3888478742345942,0,0,0,0,0,0,0,0,0,0,0
921,Gryffindor,Jaime,Day,0.4,1,0.5587971482919134,0.6638882641981936,0.1464679272221564,0.3361117358018066,0.7038221653606268,0.3907587619844498,0.5651373341661559,0.2626369866098106,0.2556414655634236,0.3484181395895629,0.3086706981617912,0.2338272772241375,0.6437877274503844,0,0,0,0,0,0,0,0,0,0,0
428,Hufflepuff,Cecil,Mattos,0.2,0,0.5358241962173113,0.8111739757118014,0.7440348907764374,0.1888260242881987,0.7619809158270697,0.1298558304602215,0.2140977689534891,0.6537250659134871,0.8574331165967856,0.6142744856114762,0.5230620992128264,0.4542688284759626,0.4078690233204499,0,0,0,0,0,0,0,0,0,0,0
267,Ravenclaw,Landon,Holcomb,1.0,1,0.6525215347261958,0.188529833756371,0.5552512604941896,0.8114701662436291,0.7067540913694761,0.9246996953926532,0.8494325571479051,0.6516137288002551,0.7863468689362445,0.7619712917161285,0.4220936196658504,0.8482579550475874,0.3314587223693925,0,0,0,0,0,0,0,0,0,0,0
1468,Hufflepuff,Viviana,Greco,0.2,0,0.5644959250266768,0.785123490735726,0.6728427070126589,0.214876509264274,0.7287701903086518,0.1926608657888897,0.0964451247697077,0.7594367344224262,0.8610847177898967,0.5714912948815535,0.1031539304785008,0.4296828985777406,0.255699830633604,0,0,0,0,0,0,0,0,0,0,0
1213,Hufflepuff,Camille,Cowley,0.2,0,0.5389790142740052,0.7515707523995817,0.713019645343324,0.2484292476004184,0.693000693000693,0.1782305082322029,0.4195545690256078,0.5234260780330862,0.7721585212021079,0.6794669454469684,0.7924887049361712,0.4509381883271506,0.5687453858513919,0,0,0,0,0,0,0,0,0,0,0
1421,Ravenclaw,John,Fallon,0.8,1,0.4756661460185887,0.2076635846250268,0.7690183509200461,0.7923364153749733,0.6624553547630471,0.5862832605418671,0.6518531762016656,0.6530048734670554,0.661951891693184,0.6413842737772141,0.6393430500934559,0.8413027451953609,0.4981977678377557,0,0,0,0,0,0,0,0,0,0,0
401,Hufflepuff,Dennis,Freed,0.8,0,0.4935666455314476,0.8150271299626731,0.6436702131514249,0.184972870037327,0.802068340529879,0.298638548853502,0.1969076292706755,0.980223170464147,0.6419646504520408,0.7467458248215535,0.541092298227005,0.5158241902619768,0.2285794936379033,0,0,0,0,0,0,0,0,1,0,0
7,Hufflepuff,Alicia,Hayward,0.2,1,0.4436849512085737,0.6950006529112573,0.7406920388020013,0.3049993470887427,0.6128258435950744,0.2682451709558477,0.3368858983511607,0.5697747007282028,0.6991317000909038,0.6185764496649503,0.4932279502415736,0.4776425446045814,0.5509184869935294,0,0,0,0,0,0,0,1,0,0,0
145,Gryffindor,Nilda,Brogan,0.2,1,0.6863662372608756,0.7886105102319616,0.3125473677967697,0.2113894897680385,0.8575083959699343,0.4547276553805401,0.4590815701851126,0.2257797268901372,0.2684399831149302,0.3194193551588759,0.2390186432818692,0.3072133737666613,0.7151604638033614,0,0,0,0,0,0,1,0,0,0,0
515,Gryffindor,Derrick,Martins,0.2,0,0.3610024279727201,0.3567372541050157,0.7413828440548067,0.6432627458949844,0.7789860866783943,0.6219872004689077,0.648609051657014,0.6397894520512637,0.8215829334874336,0.7712496133407405,0.6179729182108467,0.8502991792992742,0.4906197073001259,0,0,0,0,0,0,0,0,0,0,0
34,Ravenclaw,Granville,Mulligan,1.0,1,0.7387454958786323,0.1009709743507586,0.697495927179209,0.8990290256492416,0.6333445105435446,0.8064257133740773,0.657962342359648,0.5948220308180184,0.7069640425155176,0.3915926539011102,0.511795171951926,0.8486164536543,0.3113736048985973,0,0,0,0,1,0,0,0,0,0,1
661,Hufflepuff,Brice,Vail,0.8,0,0.6960085365665063,0.7698359909647747,0.716139511419587,0.2301640090352253,0.7261581107734953,0.2750951780463645,0.2195309403319492,0.6505369262981797,0.7632666712120397,0.5839482928558049,0.4652696506057089,0.4280888851956641,0.3327832544404395,0,0,0,0,0,0,0,0,0,1,0
1190,Slytherin,Miguel,Dejesus,0.4,0,0.6317677806473563,0.1976439109261303,0.2336570724135845,0.8023560890738699,0.3030012260781491,0.2719363128356,0.2491094253117637,0.6950351772724633,0.6987024379860947,0.6712608185965712,0.7309033511150922,0.3573419784743619,0.1880184131671516,0,0,0,0,0,0,0,0,0,0,0
1321,Gryffindor,Cecil,Jeffries,0.4,0,0.6222646644912856,0.5962000716959112,0.1397914263854923,0.4037999283040889,0.6259928567620875,0.1586825739714075,0.6445750019665898,0.2661089988870379,0.3637438559836785,0.5790385632541571,0.7214602104281237,0.2089022194348355,0.6811569027663178,0,0,0,0,0,0,0,0,0,0,0
564,Hufflepuff,Delbert,Douglas,0.4,0,0.8339081081917016,0.6157739701140218,0.6484543216075537,0.3842260298859782,0.8612932459086305,0.1050768291580899,0.2507675457797589,0.6787569530983315,0.9370088626475012,0.4982870387421981,0.4958590192038825,0.5034053156612518,0.1958570373908889,0,0,0,0,0,0,0,0,0,0,0
781,Ravenclaw,Lisette,Vo,0.2,0,0.5399300991293321,0.3028209913144458,0.5220189465058446,0.6971790086855544,0.7237059544751853,0.7375632740568585,0.6541274144298732,0.6401525777919898,0.8038151757195473,0.6581862599773775,0.6853129434973076,0.8223831707222587,0.394319711642854,0,0,1,0,0,0,0,0,0,0,0
835,Gryffindor,Arron,Maldonado,0.6,0,0.7042744691709324,0.7193345536838337,0.223842650181434,0.2806654463161662,0.655631963324271,0.2235060115914705,0.6808342170959439,0.1121621333515232,0.1385536137491249,0.2890857814443069,0.5486176989650301,0.1427722806743709,0.8290267946323882,0,0,0,0,0,0,0,0,0,0,0
1466,Hufflepuff,Sharla,Metzger,0.6,0,0.3190696379691632,0.8000637042567952,0.7267126690280095,0.1999362957432049,0.6722639799562876,0.3174868094080373,0.3910023499842973,0.6585699539807306,0.6135882063081919,0.7345427637555639,0.6022037076147113,0.4983652800415938,0.6082859252182221,0,0,0,0,0,0,0,0,0,0,0
122,Ravenclaw,Jean,Herron,0.4,1,0.3857770285944048,0.2675261777298153,0.7654783126046154,0.732473822270185,0.724772109387494,0.7382987655289035,0.5288193121766261,0.641898481673736,0.7255030342357344,0.518250436179371,0.5295860356462324,0.8598750504621183,0.4220914578538238,0,0,0,0,0,0,0,0,0,0,0
35,Ravenclaw,Hannah,Canady,0.4,1,0.5321435751511684,0.3468259873155421,0.7984897037681937,0.653174012684458,0.8371448371448371,0.6141723899476991,0.6581488708718604,0.5453663189270593,0.7289947471319119,0.5145601708629438,0.5212890922832204,0.8377910309656331,0.5045381508663743,0,0,0,0,0,0,0,0,0,0,0
621,Slytherin,Dianne,Morrison,0.2,1,0.4872956714040486,0.5075954586018546,0.351358664359605,0.8590383580826938,0.2569433338664108,0.1463698042502683,0.1334276674939246,0.7397817630654026,0.7573242540639333,0.7015967302928661,0.5491591497667702,0.4137641006176737,0.2155947366135406,0,1,0,0,0,0,0,0,0,0,0
718,Ravenclaw,Sherman,Dallas,1.0,0,0.4349782719638742,0.2142891064288698,0.6371460460229182,0.7857108935711304,0.6871901487286103,0.6966205530217013,0.6012269737491882,0.6532959254178801,0.8529991032719672,0.720129021233265,0.4875040608508704,0.8318214817306081,0.3636166239631737,0,0,0,0,0,0,0,0,0,0,0
51,Slytherin,Gene,Southerland,0.2,1,0.5586656975395512,0.2312936808262717,0.2273333315966176,0.7687063191737284,0.0413135028519643,0.2872234932069437,0.1937492255825495,0.5335726444328895,0.9020271300455988,0.7961415881791184,0.3300624915048057,0.2253471148020902,0.2559169670386937,0,0,0,0,0,0,0,0,0,0,0
585,Hufflepuff,Oleta,Sawyers,1.0,1,0.5848553268484296,0.7434463562919711,0.7482871153379883,0.256553643708029,0.808891731968655,0.1794904223209562,0.3429994178543661,0.5610894327542533,0.7792875944704035,0.5338971642911546,0.6314330914446283,0.5006965035577552,0.4818256828939941,0,0,0,0,0,0,0,0,0,0,0
225,Ravenclaw,Cecil,Tovar,0.8,1,0.7036017506147256,0.2427411979192698,0.5569020193819446,0.7572588020807304,0.7971640279332587,0.8345521654011272,0.7963767065580242,0.7727902734596659,0.8389623466701255,0.8166877311781734,0.6091877731191033,0.8573576996348761,0.2324662352890086,0,0,0,0,0,0,0,0,0,0,0
71,Slytherin,Chauncey,Ambrose,0.2,1,0.6238730031084236,0.2537076904894044,0.3577563022579137,0.7462923095105957,0.2774135081827389,0.2702299773969069,0.3561599813038202,0.5731183741281247,0.6597230046926712,0.6609391506225268,0.4704108198805425,0.3601336074055656,0.3639640422113172,0,0,0,0,0,0,0,0,0,0,0
1267,Slytherin,Junior,Alexander,0.2,0,0.5722327315671748,0.2573133322306599,0.2586460618086698,0.7426866677693403,0.0793752332213871,0.2773323780496801,0.2274468056231037,0.5226534772839427,0.8594648723265695,0.7574342107881008,0.9015172031249108,0.2300143343295688,0.2818647674469102,1,0,0,0,0,0,0,0,0,0,0
554,Hufflepuff,Ellie,Fitzgerald,0.4,1,0.7277190974745991,0.7774199405900494,0.7065274036036527,0.2225800594099507,0.7765339303800842,0.2127592104441897,0.1741076148126567,0.5341411829464761,0.8447387070435659,0.3377225258613544,0.5203471677902199,0.4014931733667821,0.3308073131541234,0,0,0,0,0,0,0,0,0,0,0
357,Hufflepuff,Colby,Loper,1.0,0,0.4736093283639794,0.7304933515626433,0.6906197369691836,0.2695066484373569,0.740231355615971,0.3457694467125793,0.2916151332185435,0.908819250684752,0.6399649473616557,0.7144799282175124,0.5642997879042527,0.5527318604477498,0.337147696182742,0,0,0,0,0,0,0,0,0,0,0
103,Hufflepuff,Eunice,Kimball,0.2,1,0.6250637922768817,0.754452545590934,0.6618639147386765,0.245547454409066,0.8325070632762941,0.2637130642273429,0.221781039276865,0.732298853890698,0.7697646627155268,0.5066103466530282,0.3662474331124881,0.4888809284917401,0.2843835497459504,0,0,0,0,0,0,0,0,0,0,0
1426,Hufflepuff,Dee,Suarez,0.4,1,0.5459072421632154,0.7819728664201387,0.7460598083283216,0.2180271335798613,0.7240258009488779,0.1961166478834084,0.337936225134287,0.7627730285451867,0.7444138638088403,0.7428565584843726,0.5508291427536256,0.4948734979975173,0.434077387414774,0,0,0,0,0,0,0,0,0,0,0
863,Hufflepuff,Chanel,Beal,0.2,1,0.5475310455747491,0.8493317510327852,0.6458012723678676,0.1506682489672147,0.6734367503598273,0.1995937501076881,0.1913647824899572,0.6247951102085734,0.8397905913801414,0.6176599381569299,0.6048058034626707,0.359462089263627,0.3874147739610023,0,0,0,0,0,0,0,0,0,0,0
957,Hufflepuff,Winona,Robison,0.8,1,0.5765893942440036,0.7091931826610045,0.6370014382664427,0.2908068173389956,0.6306306306306306,0.1981227881299746,0.18736879472966,0.6752722039946285,0.8436194613889111,0.6179095309942337,0.2366657375720526,0.4069340985795375,0.3291353628349329,0,0,0,0,0,0,0,0,0,0,0
794,Ravenclaw,Lynn,Fortney,0.6,1,0.6358040919845971,0.2569416842453531,0.840392753625975,0.743058315754647,0.7741350818273895,0.7425092570822738,0.7148042134941163,0.5546029938551552,0.7216448850126992,0.4699974042845232,0.4666811213092393,0.8782609476827856,0.4677986711252009,0,0,0,0,0,0,0,0,0,0,0
506,Slytherin,Amos,Toth,0.2,1,0.4836227827351035,0.2023368738057784,0.2880967439097746,0.7976631261942217,0.6333445105435446,0.1543765409807996,0.2110855724883976,0.6869932990187737,0.8419033517180353,0.8392842367224467,0.6718775883920236,0.3734662744611438,0.2451470013462457,0,0,0,0,1,0,0,0,0,0,0
220,Hufflepuff,Shanon,Warfield,0.6,1,0.5346952662264355,0.76623386505589,0.7724020727271167,0.2337661349441101,0.6287115517884749,0.436078406623112,0.171771194886219,0.4413562457366449,0.6195498112792277,0.1800057968083931,0.6106847625152941,0.4027379523974492,0.5025404959395493,0,0,0,0,0,0,0,0,0,0,0
1389,Ravenclaw,Elmo,Stanton,0.6,0,0.1640892009340736,0.2532801167102656,0.58017532279714,0.7467198832897345,0.6186363878671571,0.4538609215690519,0.4481506725718845,0.7088700824326872,0.725449230416068,0.8052549686709298,0.473603449959353,0.7557973183068983,0.4648239023754723,0,0,0,0,0,0,0,0,0,0,0
239,Hufflepuff,Olivia,Murry,1.0,0,0.5424508606158082,0.7624598954759713,0.6539991480327586,0.2375401045240289,0.8046271123194201,0.3080891353958798,0.2309817081482604,0.6165990480978594,0.7347940237555697,0.443399761673733,0.625518156671095,0.4689518309256564,0.3756242671646329,0,0,0,0,0,0,0,0,0,0,0
1135,Gryffindor,Abigail,Lindberg,1.0,0,0.6209810865564542,0.7795667625090381,0.3651188663760185,0.2204332374909619,0.8273362119515965,0.4578875251811486,0.8510444703887196,0.1918983654890665,0.4102908057132843,0.5479093636105755,0.6322260971649307,0.3628143460081449,0.7985625569983064,0,0,0,0,0,0,0,0,0,0,0
802,Ravenclaw,Roslyn,Holman,0.4,0,0.5079179747305259,0.1864134850895984,0.6101861565916884,0.8135865149104017,0.658670504824351,0.7997109123168853,0.6536480502981707,0.6961499149691912,0.800667620091909,0.7193027261291565,0.5756003394105411,0.8363960587050594,0.3239458027532896,0,0,0,0,0,0,0,0,0,0,0
658,Gryffindor,Kurtis,Mcnamara,0.8,0,0.6866832655459846,0.828537448173645,0.2423769014551389,0.171462551826355,0.7020630097553175,0.3590899722945099,0.764642721928269,0.2340749137284513,0.1849909271491729,0.4755116467209759,0.3717116797445072,0.1865273584688488,0.7952403700004343,0,0,0,0,0,0,0,0,0,0,0
470,Ravenclaw,Earle,Voigt,0.2,1,0.3958059477599245,0.1180745798275203,0.6083520445542333,0.88192542017248,0.6137853830161522,0.8230842275150657,0.7038202534570817,0.6340065084750056,0.8119527818149482,0.7735448202801118,0.4861322722740789,0.8726372639790597,0.4046771181656317,0,0,0,0,0,0,0,0,0,0,0
1195,Gryffindor,Damian,Collins,0.4,1,0.4167839413574996,0.8036752843908851,0.2553673604787977,0.1963247156091149,0.808891731968655,0.3918685958667844,0.6633478100684188,0.2537212075976166,0.2732850377421905,0.4837759310992318,0.4692223247864039,0.3005445136237896,0.7858600773005602,0,0,0,0,0,0,0,0,0,0,0
550,Hufflepuff,Marcos,Chambliss,0.2,0,0.7380650449252277,0.7447010334786679,0.6319618727847333,0.2552989665213322,0.7969507969507968,0.2342087502905575,0.1757758658663004,0.7445446516432394,0.8278618212605149,0.4873858111535852,0.3186166384437955,0.439628497747663,0.1997220654014852,0,0,0,0,0,0,0,0,0,0,0
460,Hufflepuff,Brooks,Fishman,0.4,1,0.6486398713329107,0.8564556771595058,0.6348653276161298,0.1435443228404942,0.8616664001279386,0.2656920507196896,0.3784600344819273,0.5608941211112509,0.7455126769782052,0.5380086681251955,0.511795171951926,0.430291812812634,0.4398532157901594,0,0,0,0,0,0,0,0,0,0,1
738,Hufflepuff,Vickie,Sharpe,0.8,0,0.7664120130522865,0.643887757038024,0.6969352063700465,0.3561122429619761,0.784903246441708,0.1982356396483477,0.2208784897744234,0.5225318233141012,0.6419646504520408,0.3254838628128715,0.4954533291296432,0.4604831786389856,0.3114821731011421,0,0,0,0,0,0,0,0,1,0,0
579,Slytherin,Gwendolyn,Schofield,0.2,1,0.6061194191423225,0.2110427391433574,0.1132440560234258,0.7889572608566429,0.0663681432912202,0.2897766907715149,0.1804024147029473,0.7696279966304939,0.7580720731100368,0.8733209723471332,0.1867674685890024,0.2249734565048831,0.1213358231641116,0,0,0,0,0,0,0,0,0,0,0
1361,Slytherin,Bradly,Cain,0.4,1,0.6962482408796375,0.1880811460757958,0.1000966211414779,0.8119188539242043,0.0894503971427048,0.3028181510910111,0.1460657112909247,0.7574805095002793,0.7484289703445189,0.7567443795613601,0.5739886805398015,0.2138527005865672,0.0620358709341208,0,0,0,0,0,0,0,0,0,0,0
693,Slytherin,Doug,Verdin,0.2,0,0.6760434870018404,0.2396839540875467,0.2083246941869995,0.7603160459124535,0.2174422943653713,0.2753939648621136,0.251869371464905,0.6157459088155969,0.7793303305644993,0.7093029239204574,0.5046430480342204,0.2766284174574507,0.2012420202371129,0,0,0,0,0,0,0,0,0,0,0
146,Slytherin,Esteban,Milne,1.0,0,0.5159751326106119,0.2037661739520675,0.1960492702205785,0.7962338260479326,0.1872701103470334,0.2554139751543217,0.1990318095089025,0.7357921353333441,0.7800255395159263,0.8402101710097106,0.4501523593917211,0.3210609088290601,0.1828288530855083,0,0,0,0,0,0,0,0,0,0,0
152,Gryffindor,Jeff,Ernst,0.4,0,0.4379011181046348,0.8865184098818736,0.3512334785440988,0.1134815901181264,0.8939175862252784,0.2497716926703303,0.5479858143531422,0.1246798153769871,0.1623935142910184,0.1805723183900074,0.5910113388819677,0.2504807587032068,0.874234594172059,0,0,0,0,0,0,0,0,0,0,0
1111,Slytherin,Charlie,Hyland,1.0,1,0.5348035197872044,0.2136300900308623,0.1002926871435855,0.7863699099691379,0.193187270110347,0.1458639561051012,0.1144051062861239,0.8410734998439819,0.9054465650484312,0.9775871318144632,0.4439475892204731,0.2807639248775578,0.0489859729882312,0,0,0,0,0,0,0,0,0,0,0
1281,Hufflepuff,Fabian,Bloom,0.4,0,0.472573187139477,0.831595045470974,0.6609550955055613,0.168404954529026,0.6635748174209712,0.3588912887908539,0.1088268584022475,0.7337031246604251,0.7088623309202243,0.5052945076874068,0.7372559088791103,0.4030243021068042,0.329765058409693,0,0,0,0,0,0,0,0,0,0,0
984,Hufflepuff,Lori,Lavigne,0.6,1,0.7459056956837758,0.7686445502512694,0.6107155243240294,0.2313554497487305,0.8258969028199797,0.149148694225731,0.3149062114264482,0.6432986546184624,0.874464018842091,0.6108786994056602,0.4469024172859585,0.4273283740558186,0.3086811134754853,0,0,0,0,0,0,0,0,0,0,0
504,Ravenclaw,Warren,Corrigan,0.2,0,0.6837372222136306,0.7549467541982012,0.2425065660535951,0.2450532458017988,0.6394264086571779,0.23056632167382,0.7452077327426336,0.1736372664497431,0.2609047614514775,0.5091231879350497,0.6899709299407495,0.1677692066260206,0.8207756112389804,0,0,0,0,0,0,0,0,0,0,0
873,Slytherin,Christine,Merrill,1.0,1,0.4746763991772729,0.2172566967637974,0.4016479437400703,0.7827433032362028,0.2192014499706807,0.2665036565502577,0.2898284067409091,0.5666769259266321,0.7156755973461396,0.6962510136381312,0.3399555291638457,0.3914827244097405,0.3948191253745604,0,0,0,0,0,0,0,0,0,0,0
881,Slytherin,Idella,Whitfield,0.8,0,0.4347153704591497,0.1042895626964518,0.3422168318140882,0.8957104373035483,0.2067807452422837,0.1246991704825925,0.0627453820201997,0.7475590922674581,0.8212962695249626,0.7225071173700045,0.9146002134888088,0.4089562328506002,0.1847396534502975,0,0,0,0,0,0,0,0,0,0,0
454,Slytherin,Henry,Wheaton,0.8,1,0.6106506039002212,0.2553764676562521,0.3422828185384763,0.7446235323437481,0.1785276400661016,0.2728045012900969,0.2729276972429924,0.5697747007282028,0.6711133813978634,0.6819775443997009,0.6709475502451138,0.3116717264473153,0.3186693881096105,0,0,0,0,0,0,0,1,0,0,0
475,Ravenclaw,Earle,Branson,0.2,0,0.6260844687069885,0.2559738517908368,0.719411602598072,0.7440261482091632,0.7146969454661762,0.7465963399666141,0.6515043886031174,0.7620642984459929,0.7366268070460651,0.6537498637196149,0.4371247884143091,0.8436651302975398,0.3165414513397316,0,0,0,0,0,0,0,0,0,0,0
514,Hufflepuff,Patricia,Monroe,0.4,0,0.6510987736418045,0.6686613633622791,0.7041810432916107,0.331338636637721,0.7886347886347886,0.2917085527467187,0.249545070770098,0.7727598660682982,0.7264401903215814,0.4974560436943055,0.3477918285718092,0.5344501159154854,0.2805402353758631,0,0,0,0,0,0,0,0,0,0,0
1143,Hufflepuff,Laverne,Conklin,0.2,1,0.4488037981535036,0.5075954586018546,0.869327332504237,0.2106326401320126,0.6379870995255611,0.3474767331222572,0.1840911787087706,0.5765814835433658,0.6390942911896823,0.3605752584178847,0.7796933285873048,0.4688339222218044,0.5302253875884831,0,1,0,0,0,0,0,0,0,0,0
1424,Slytherin,Constance,Mclean,1.0,0,0.6736851058565176,0.242046273678361,0.2008981034596626,0.757953726321639,0.1165840396609627,0.3036781313857263,0.2322864724122896,0.7334387577431756,0.6494532192919393,0.7492588145973763,0.4321984226350161,0.2444399027758519,0.1881269813696964,0,0,0,0,0,0,0,0,0,0,0
8,Gryffindor,Bella,Leatherman,0.4,0,0.3452360700864482,0.7378570595792817,0.2318624366789194,0.2621429404207183,0.7773335465643159,0.2110917738783635,0.6152901826337274,0.128216756995284,0.0968548608184643,0.3172054179355201,0.7002436672366426,0.2462975263315404,0.924089112780649,0,0,0,0,0,0,0,0,0,0,0
276,Ravenclaw,Pearlie,Rousseau,0.6,0,0.3830474923835887,0.3790085161177891,0.8099802152177503,0.620991483882211,0.80217495602111,0.7359161794938507,0.616760382968248,0.6756123078664084,0.8518059382269708,0.7076720492382554,0.5735679062943635,0.8919754143508372,0.4367481651973769,0,0,0,0,0,0,0,0,0,0,0
1146,Gryffindor,Hans,Bess,0.4,0,0.5178850347184634,0.8367505991992039,0.2978301386810605,0.4929142768321042,0.7351671197825044,0.2676100353197838,0.7535329912082849,0.1457806186746439,0.2074899344479335,0.4864717137007451,0.663618152779588,0.2204165658360096,0.9215920441221176,0,0,0,1,0,0,0,0,0,0,0
959,Hufflepuff,Danilo,Braun,0.2,0,0.4660006495213646,0.8285679890887573,0.809048958172234,0.1714320109112427,0.7336211951596567,0.4218768567451175,0.3382147303613601,0.6899373981952011,0.5351972007050424,0.4974446845086189,0.370653751624828,0.5161265418668548,0.5295522647327051,0,0,0,0,0,0,0,0,0,0,0
82,Slytherin,Arnold,Kersey,0.4,1,0.4813958523421431,0.2273880120000207,0.1714141803453008,0.7726119879999794,0.0658883735806813,0.270165094567973,0.1876643056231452,0.5697747007282028,0.907598611362441,0.9245682700989852,0.3288413061442619,0.2504970413337383,0.214661050071655,0,0,0,0,0,0,0,1,0,0,0
378,Slytherin,Logan,Harlow,0.2,1,0.6564418601054699,0.290407494891415,0.1443044821807635,0.7095925051085851,0.1916413454874992,0.251312736184125,0.2545667227122732,0.7565426082909756,0.7423276188381557,0.8737775099692381,0.5995842285267198,0.2448809374752608,0.1584444347939375,0,0,0,0,0,0,0,0,0,0,0
466,Gryffindor,Marlys,Shepherd,0.4,1,0.4616473098990148,0.7869545057691069,0.3069628488373742,0.2130454942308932,0.7858627858627859,0.112634897740623,0.6580275605081776,0.0979368611282057,0.1754488075212467,0.3592273728780086,0.5618897608636904,0.2261887583595874,0.9469752898771008,0,0,0,0,0,0,0,0,0,0,0
1006,Hufflepuff,Freda,Donald,1.0,1,0.4967910551629216,0.8023195774295475,0.6725749225864588,0.1976804225704525,0.7500399808092115,0.2906681332676516,0.4008262009676822,0.6839763857632374,0.678369254757168,0.7093895352305571,0.7051172922709343,0.4814782270348939,0.4900985799279108,0,0,0,0,0,0,0,0,0,0,0
41,Hufflepuff,Orville,Hebert,0.0,1,0.4149436308244282,0.7328242035587,0.7198542863069887,0.2671757964413001,0.8177941254864333,0.2974699093716653,0.4294279995587463,0.6494444287350589,0.6405507605234061,0.6463461460358219,0.2233848492613552,0.571430777203644,0.5475094454336215,0,0,0,0,0,0,0,0,0,0,0
68,Gryffindor,Lesley,Conley,0.8,0,0.4917417997927717,0.7629256917947547,0.233606701136278,0.2370743082052452,0.7443360520283597,0.2791755079226685,0.6500846603888786,0.1561225947544764,0.1327266547355716,0.3328794671516191,0.704429057649472,0.2172692456481866,0.8583402093194946,0,0,0,0,0,0,0,0,0,0,0
1078,Slytherin,Joseph,Hendrix,1.0,1,0.7834232868874008,0.6987904162242982,0.8538980558821451,0.3012095837757019,0.7192281038434885,0.3955723885441402,0.2073815703796065,0.528056570222577,0.7633682620017327,0.2331479727518461,0.6470645862069743,0.4603910975559776,0.3860033873279194,0,0,0,0,0,1,0,0,0,0,0
59,Gryffindor,Millicent,Corcoran,0.2,1,0.5391877889983453,0.7796494660983138,0.2502669552784005,0.2203505339016861,0.7631536862306093,0.3669576073600439,0.6683276671969235,0.2712579598612223,0.350858092897629,0.5219853602220589,0.6146919209019133,0.2739973689514946,0.7204585920875495,0,0,0,0,0,0,0,0,0,0,0
340,Slytherin,Essie,Rudd,0.8,0,0.4054946414487419,0.1387788466551623,0.3753269825984781,0.8612211533448377,0.37917799456261,0.1569170993824207,0.2099753343329185,0.7494004757219989,0.7205044992209607,0.7276194113925819,0.3349856924613565,0.5046652543824142,0.2706822425847918,0,0,0,0,0,0,0,0,0,0,0
1535,Gryffindor,Reid,Fultz,0.2,0,0.3063653093732119,0.8683607175772218,0.2200034987313941,0.1316392824227783,0.7245055706594169,0.3955723885441402,0.6263606998479831,0.2057686701371725,0.1206733109919247,0.4955964933008276,0.5759854030459914,0.1923579438743344,0.928735831849568,0,0,0,0,0,1,0,0,0,0,0
1530,Hufflepuff,Odessa,Devito,0.8,1,0.4488733897282835,0.8451565774510491,0.7551190283765664,0.154843422548951,0.7379391225545071,0.2800073573076421,0.1939845174204237,0.5697747007282028,0.7188059988456913,0.5522986777264219,0.5855322349761324,0.4662202792864169,0.4276501498241195,0,0,0,0,0,0,0,1,0,0,0
126,Hufflepuff,Amanda,Anaya,0.6,1,0.5342003928057777,0.6703356670909779,0.7088662566442352,0.3296643329090221,0.6632549709472786,0.3403148292309088,0.4252548819110088,0.633313533303666,0.6283772901450596,0.6133252953420022,0.4112845933346984,0.5094251164629185,0.5148955573891519,0,0,0,0,0,0,0,0,0,0,0
637,Slytherin,Jesus,Coons,1.0,1,0.487635896880751,0.1965046069150552,0.3389254686957699,0.8034953930849448,0.2664854203315742,0.1839178807109518,0.2120501494647862,0.5697747007282028,0.9130718911262412,0.7253843531612862,0.511795171951926,0.3799717468286775,0.2965866157119903,0,0,0,0,0,0,0,1,0,0,1
1411,Hufflepuff,Jeniffer,Carrion,0.4,0,0.594752795261587,0.7199417288884686,0.7604021245760164,0.2800582711115314,0.7881550189242497,0.1600401767868265,0.3199121319464975,0.6381968997382506,0.7951179546987279,0.5830257968121206,0.4419881447485547,0.5157902213258666,0.4360099014200721,0,0,0,0,0,0,0,0,0,0,0
888,Slytherin,Pierre,Handy,0.6,1,0.5464717071586533,0.2778111666720861,0.2797663131093268,0.7221888333279141,0.154965616504078,0.2515332696502106,0.2753647544804077,0.6662875747463081,0.7323423824367371,0.8399486383321683,0.5541190958501685,0.2937105812955246,0.3009944847353107,0,0,0,0,0,0,0,0,0,0,0
767,Slytherin,Herb,Foote,0.4,0,0.6711102175896572,0.2744177889777852,0.1803463355465917,0.725582211022215,0.2483607868223252,0.3053456127289307,0.2915960767652361,0.7742480857303465,0.618188120785869,0.7735614823224357,0.4676699857644408,0.2927434491889286,0.1821774438702393,0,0,0,0,0,0,0,0,0,0,0
934,Ravenclaw,Roland,Mcginnis,0.4,1,0.4754573712942486,0.1667020473749669,0.6594353376770112,0.8332979526250333,0.6713044405352098,0.5745714418671416,0.6801372975016664,0.5697747007282028,0.689725763065597,0.6914853032780492,0.4451259616986138,0.824132430564407,0.4719242628219047,0,0,0,0,0,0,0,1,0,0,0
277,Hufflepuff,Erna,Metzler,0.6,0,0.5197485424431282,0.7786245069356321,0.706428211815768,0.2213754930643678,0.6122394583933045,0.3523622037793694,0.2940333739132018,0.5815193627534653,0.6551671141834639,0.5191017904861899,0.5681205254989646,0.4104590073546957,0.5,0,0,0,0,0,0,0,0,0,0,0
743,Ravenclaw,Robt,Spence,0.2,0,0.5747877456969209,0.1020388785504109,0.7602414068528424,0.8979611214495891,0.594274748120902,0.7332401228642067,0.6238146343255481,0.7404258589033282,0.7143687143243518,0.616599584528232,0.4815446241560301,0.8776301361171771,0.347895948234681,0,0,0,0,0,0,0,0,0,0,0
101,Hufflepuff,Robbie,Waller,0.8,0,0.4658769311662001,0.77586045606253,0.7877488660333059,0.2241395439374702,0.7140039447731755,0.2566012784395343,0.2183037150552469,0.6450590926961834,0.7214303370381872,0.5103848290085652,0.3484503976650668,0.4865356682251204,0.4648890432969992,0,0,0,0,0,0,0,0,0,0,0
1036,Ravenclaw,Tyrell,Seely,0.8,0,0.6990937630484203,0.2790738841146009,0.753567071389598,0.7209261158853992,0.7393251239405085,0.6837807111493098,0.6448673568575617,0.6756292657532444,0.6668224166195601,0.5046351496102951,0.681014178966514,0.8064163670756235,0.3690450340904156,0,0,0,0,0,0,0,0,0,0,0
1379,Slytherin,Bryan,Logsdon,0.4,1,0.5948610488223559,0.3083634501303874,0.2466104616864423,0.6916365498696128,0.2072605149528226,0.3955723885441402,0.3446534771650861,0.5679071211012099,0.7448926866372133,0.7835863629555866,0.6233578619924527,0.2841335871926443,0.322338993355626,0,0,0,0,0,1,0,0,0,0,0
1025,Hufflepuff,Zackary,Freeman,0.2,1,0.730595549232173,0.7068206480182057,0.5463191968072328,0.2931793519817945,0.6333445105435446,0.1514438574409829,0.4392056377327816,0.7139331885593262,0.8506801411140191,0.7510466299519031,0.1450642741626875,0.499181938183274,0.3029269987406088,0,0,0,0,1,0,0,0,0,0,0
284,Ravenclaw,Benton,Spalding,0.2,0,0.6737160354453088,0.291613176472877,0.8034528255172573,0.708386823527123,0.8431686123993817,0.7264027489377988,0.751593027201952,0.6085538237451781,0.7183115030818379,0.5261889909161881,0.6042555023502256,0.8839559380788407,0.4335779736830678,0,0,0,0,0,0,0,0,0,0,0
461,Gryffindor,Benjamin,Mcfarlane,0.8,0,0.5984179515333343,0.810380376667804,0.210798797144484,0.189619623332196,0.6618156618156619,0.276123013197688,0.687268099941149,0.1655020556880644,0.0800767260914307,0.3668324363287018,0.4416217766845843,0.1344684198380835,0.865462283406436,0,0,0,0,0,0,0,0,0,0,0
844,Hufflepuff,Dee,Mccurdy,0.4,1,0.6452066869770966,0.7635072546424926,0.6413853320421209,0.2364927453575074,0.7310624233701157,0.2929888825209524,0.2970387536814755,0.5697747007282028,0.7376390441016416,0.5825512286146921,0.5643633431317862,0.4391102609207328,0.3461154297129457,0,0,0,0,0,0,0,1,0,0,0
1315,Hufflepuff,Easter,Searcy,0.6,0,0.3622473439215625,0.8336593440969506,0.6587425353723421,0.1663406559030494,0.6740764433072125,0.3337056982294408,0.2179453786962131,0.6391542780043554,0.6911705504165339,0.5906004987254545,0.9041455301657982,0.4232939312390134,0.4754635862248665,0,0,0,0,0,0,0,0,0,0,0
304,Hufflepuff,Oliver,Sawyer,1.0,1,0.4170081808762352,0.7562547025256403,0.6201003586275563,0.2437452974743597,0.7894344048190204,0.2444310830242501,0.2727464457700596,0.7180181007348372,0.760771709559541,0.685784249021401,0.81925147305852,0.4999542401935052,0.3975550440786902,0,0,0,0,0,0,0,0,0,0,0
1275,Hufflepuff,Isaias,Humphreys,0.6,1,0.73805731252803,0.4825417905303573,0.6707870228079872,0.5174582094696428,0.7541979849672157,0.3955723885441402,0.3640905632100266,0.8859733553693692,0.7509242378624327,0.6668593015459156,0.4453503324549072,0.6139576393329955,0.2181352325530898,0,0,0,0,0,1,0,0,0,0,0
524,Slytherin,Boyd,Diamond,0.4,0,0.554119047987257,0.1950635573271397,0.1460805817612407,0.8049364426728605,0.3341862572631803,0.3083158546966735,0.28457468595119,0.7787934713567864,0.6910791802372818,0.8056220616116159,0.3525211454578444,0.3823765229172405,0.156750770834238,0,0,0,0,0,0,0,0,0,0,0
917,Ravenclaw,Malcolm,Lane,0.2,0,0.3264850068818335,0.2128103931280016,0.7800697145172697,0.7871896068719983,0.6560584252891946,0.6297900103499081,0.5404393004618208,0.6571023635229153,0.7100589267299248,0.6127174846689434,0.628928155121915,0.862461181366607,0.4810874191166892,0,0,0,0,0,0,0,0,0,0,0
830,Gryffindor,Stephanie,Withrow,0.4,1,0.5561681332446685,0.7922609497648648,0.1926698640822138,0.2077390502351352,0.6936936936936938,0.2606652122944426,0.5997906944179077,0.1841523157981814,0.0868416942055989,0.3002375016224697,0.5020488360343353,0.1439392961074967,0.817019151430929,0,0,0,0,0,0,0,0,0,0,0
1247,Ravenclaw,Jordon,Scribner,0.2,0,0.2515967400213414,0.2444522586648886,0.6762547834296844,0.7555477413351115,0.7034490111413189,0.7934629385010039,0.4590815701851126,0.6745278725587921,0.9706316859404046,0.8994515442722486,0.3726150589633996,0.9142711080442378,0.4039605680288357,0,0,0,0,0,0,1,0,0,0,0
123,Hufflepuff,Eileen,Santoro,0.4,1,0.8921330590909794,0.512661194310174,0.6557581789375575,0.4873388056898262,0.7292499600191907,0.1463980200087588,0.2939623090658617,0.5496768232888256,0.8956955871328102,0.4018077209806707,0.1558210276056311,0.4712746323915424,0.2616276544925522,0,0,0,0,0,0,0,0,0,0,0
375,Ravenclaw,Corrie,Mcdermott,0.6,1,0.6298656109367026,0.3019697739896847,0.7609261068251696,0.4929142768321042,0.6333445105435446,0.6602097093905835,0.6483161592590423,0.6818995770441527,0.7241479899218208,0.5666871695826228,0.4572351720218822,0.8398833489889886,0.379532722456247,0,0,0,1,1,0,0,0,0,0,0
205,Hufflepuff,Renato,Sneed,0.8,1,0.6508358721370799,0.7207502000307243,0.7348475298703816,0.2792497999692757,0.7240258009488779,0.1646140731619781,0.3275161004219378,0.666038117546542,0.8069510290972087,0.63641201258443,0.472170692947533,0.4768750150895068,0.4061753593607504,0,0,0,0,0,0,0,0,0,0,0
382,Slytherin,Cesar,Hogg,0.8,0,0.4344679337488208,0.1379345830728725,0.2734738325626227,0.8620654169271277,0.3106242337011567,0.2727405618035834,0.2543383648609235,0.7285385076294639,0.69872480867931,0.7576626101479557,0.511795171951926,0.4513185842645785,0.2500542841012724,0,0,0,0,0,0,0,0,0,0,1
18,Ravenclaw,Tyrone,Cooley,0.8,1,0.3088938032568857,0.4113322647187131,0.7835988210205579,0.588667735281287,0.8866677328215791,0.7948762472564297,0.7010930951912748,0.7314402880291845,0.9589074333575895,0.8997499131254962,0.5610844218669703,0.9623584885002524,0.4184001389672993,0,0,0,0,0,0,0,0,0,0,0
180,Slytherin,Teddy,Dodds,0.6,1,0.9470562763868056,0.3505014471233543,0.2894092207888573,0.6494985528766458,0.1582706967322352,0.318711123242567,0.3420408397616467,0.5502217482240856,0.6419646504520408,0.52800661449924,0.6408080209806014,0.1670561397027241,0.2760455117905068,0,0,0,0,0,0,0,0,1,0,0
1503,Gryffindor,Kim,Creamer,1.0,1,0.6003355860383837,0.8278107145943019,0.3880396557450356,0.1721892854056981,0.873394104163335,0.3187169533585446,0.7559251557712204,0.1519670848316391,0.3100691432800482,0.3956411971706627,0.5644640760280198,0.3170696992036674,0.8471359708168672,0,0,0,0,0,0,0,0,0,0,0
1296,Ravenclaw,Saul,Thornton,0.6,0,0.5322286315203439,0.1675216588152975,0.6710760818258703,0.8324783411847027,0.6641078948771256,0.6497331907379972,0.6862953898488837,0.6981755368343184,0.7419883436741932,0.7319594561921439,0.3605901317332415,0.8442257581108555,0.3963173665696791,0,0,0,0,0,0,0,0,0,0,0
1505,Ravenclaw,Katy,Elliott,0.6,1,0.8124816355566553,0.2453482019222359,0.8462913741986913,0.7546517980777642,0.7230662615278,0.67391615014765,0.7579485614371645,0.6531477557822527,0.5596465301396095,0.455535489083272,0.5567169930066809,0.8315606789070878,0.4491032266469796,0,0,0,0,0,0,0,0,0,0,0
975,Gryffindor,Wm,Mulkey,0.6,1,0.56375361489569,0.8148589841393112,0.2838737988948892,0.1851410158606888,0.7909803294418679,0.3816886995351911,0.6995354188684402,0.1541568749031094,0.1478697688183421,0.3005864741762771,0.5344414490558322,0.2417122814267404,0.8440960611456118,0,0,0,0,0,0,0,0,0,0,0
1398,Hufflepuff,Cedrick,Batson,0.6,1,0.5103768770394198,0.7827128138877463,0.8267854782333297,0.2172871861122537,0.6651740497894344,0.3955723885441402,0.3219358217081574,0.6361767197039767,0.6535481193187811,0.5550675710673282,0.5074815920587085,0.4840584625041905,0.5374994571589873,0,0,0,0,0,1,0,0,0,0,0
1429,Ravenclaw,Osvaldo,Lassiter,1.0,1,0.4430740918299491,0.180215974837084,0.783005313235546,0.8197840251629162,0.6669332053947438,0.771303837011014,0.6348124490643713,0.655800500085551,0.8488674370953891,0.676273454294299,0.7582648120947918,0.9097762598123912,0.4025491813957528,0,0,0,0,0,0,0,0,0,0,0
289,Gryffindor,Calvin,Stauffer,0.6,1,0.4704158483212965,0.8052939887264987,0.195837867251967,0.1947060112735015,0.703715549869396,0.2968602485166566,0.5959315457621931,0.2460359157860943,0.2109438309600306,0.4513523137008918,0.5062222957214372,0.1896929264322681,0.7783905849654754,0,0,0,0,0,0,0,0,0,0,0
526,Gryffindor,Quinn,Blackwood,0.2,1,0.6484078994169773,0.7268842256639874,0.1765818154233218,0.2731157743360126,0.667199744122821,0.4210433469414069,0.7079892666787235,0.2407320155450454,0.2163488203208583,0.4383059907146394,0.7188365744654668,0.2051229647413677,0.7217179832370696,0,0,0,0,0,0,0,0,0,0,0
660,Slytherin,Richelle,Graf,0.4,0,0.3681085009974792,0.1134328922145336,0.3214456977082702,0.8865671077854664,0.2174956021109867,0.2487649156374253,0.1573303328906365,0.5848639923685192,0.8810154629114048,0.7202004924471919,0.4469340125028222,0.422610622226689,0.2751335388891301,0,0,0,0,0,0,0,0,0,0,0
1575,Ravenclaw,Laverne,France,0.8,0,0.7320028455221688,0.303900425462435,0.7346342872752715,0.6960995745375651,0.8145423530038916,0.3955723885441402,0.6898506462816888,0.7385849874307068,0.6624812427163103,0.5552989558435384,0.5877038534741245,0.834483130352564,0.3325878316758587,0,0,0,0,0,1,0,0,0,0,0
797,Ravenclaw,Larissa,Cowley,0.8,1,0.0,0.3573391805713335,0.7267281331988423,0.6426608194286667,0.772855695932619,0.7076831306683086,0.5733329321568507,0.6843457413983396,0.934629150591354,0.9462236146305432,0.2893560651458089,0.934466342399016,0.5164589395057976,0,0,0,0,0,0,0,0,0,0,0
363,Ravenclaw,Everett,Ezell,0.8,0,0.7313533241575553,0.2231990905168614,0.7196150813113781,0.7768009094831387,0.7444959752652061,0.7321660633477031,0.7360321827063342,0.6976659144544028,0.7404872225538068,0.6217371716738032,0.552320502998272,0.8499168182167824,0.3361054414383115,0,0,0,0,0,0,0,0,0,0,0
1446,Gryffindor,Haley,Pryor,0.4,1,0.7675100134543711,0.6088394660690161,0.6449385708301332,0.391160533930984,0.7966309504771043,0.115790419550877,0.3387475082486979,0.5833345360938083,0.8933775686866682,0.5476987285062269,0.4683597971260215,0.4863669464846082,0.3262691622877491,0,0,0,0,0,0,0,0,0,0,0
806,Slytherin,Dorothy,Brownlee,0.8,1,0.8786477583780523,0.373476565601323,0.0842905537876983,0.6265234343986771,0.0406738099045792,0.3290402948940938,0.2817384054992694,0.7009179944261446,0.6419646504520408,0.8187240419427554,0.6585256030677608,0.0760915398259107,0.1366873670039519,0,0,0,0,0,0,0,0,1,0,0
1231,Ravenclaw,Katheryn,Stover,0.4,0,0.5998561774121213,0.241990353802199,0.7013958201237519,0.7580096461978011,0.7353270430193507,0.8595571488629697,0.7295367687952337,0.5738035860330154,0.7928208293470682,0.5810545578582441,0.396061384833747,0.8545862836243343,0.3928431840882442,0,0,0,0,0,0,0,0,0,0,0
558,Hufflepuff,Parker,Isbell,0.2,1,0.6776750228105717,0.6293062692477446,0.5936370913481674,0.3706937307522554,0.7300495762034224,0.2198455806286832,0.2680907429517231,0.5697747007282028,0.817556296161935,0.6720709431419525,0.5789960059059951,0.4904592207133028,0.2228905198245538,0,0,0,0,0,0,0,1,0,0,0
248,Gryffindor,Lisa,Paz,1.0,1,0.5722327315671748,0.7857783283909379,0.2653283234514425,0.2142216716090622,0.7539314462391385,0.3363819167572179,0.6893615216191433,0.1564867137914713,0.1449080600584781,0.2677380893867786,0.3414921734586598,0.201260331750175,0.8018413167151605,1,0,0,0,0,0,0,0,0,0,0
1404,Gryffindor,Neil,Seely,1.0,1,0.7720025362262809,0.7086820169997531,0.2512701497295997,0.2913179830002469,0.7077136307905538,0.3688474618349229,0.728141863660237,0.1908771620637129,0.2868876019495411,0.372972133501431,0.0565951783709723,0.2253911901985306,0.7111217266686933,0,0,0,0,0,0,0,0,0,0,0
1537,Hufflepuff,Ismael,Novak,0.6,1,0.5477320879018913,0.767827103150672,0.8399415608242664,0.232172896849328,0.5453382376459299,0.3822049902292832,0.1425762856498878,0.5865388212234276,0.6408268663905443,0.3178218567194723,0.5510421999920216,0.4091715566026354,0.4638033612715508,0,0,0,0,0,0,0,0,0,0,0
432,Hufflepuff,Jerome,Rosenberg,0.4,0,0.7121847115042605,0.7358442488904801,0.7142921242837135,0.26415575110952,0.8112905805213498,0.2318250717618978,0.3295221831249258,0.6759644119646887,0.7603999473330727,0.5284497325765017,0.5943262297985153,0.4932463578843591,0.3557779997394363,0,0,0,0,0,0,0,0,0,0,0
10,Hufflepuff,Antonio,Denning,0.4,1,0.4638587754975797,0.7925931249651438,0.7202597002602857,0.2074068750348562,0.7508395969934432,0.2550390799522137,0.4355178179110865,0.7016652861078994,0.6741405061649393,0.7672714158306136,0.4422330132326403,0.5153519939765502,0.534329265644678,0,0,0,0,0,0,0,0,0,0,0
1118,Slytherin,Marina,Horning,1.0,0,0.6428019114485873,0.2752250218291162,0.1420793033598641,0.7247749781708841,0.190628498320806,0.3116146361370354,0.2857365704469244,0.6616902252502994,0.7739019658772279,0.8304812397820577,0.3439463642704667,0.2514543477150142,0.1941633734311895,0,0,0,0,0,0,0,0,0,0,0
113,Ravenclaw,Lynda,Peace,0.8,0,0.6762367969317848,0.2172404270032736,0.7075144200242012,0.7827595729967266,0.7289301135454981,0.7676581116907957,0.6990268606343341,0.4955411309094179,0.6551718583483541,0.3866528824441584,0.4271842727193631,0.8021211214352972,0.4426325617753073,0,0,0,0,0,0,0,0,0,0,0
638,Ravenclaw,Micheal,Connell,0.0,0,0.578360113202295,0.3318826367257704,0.5220189465058446,0.6681173632742298,0.8631590170051708,0.7801173815698326,0.7924540678896805,0.7785681574489267,0.8497614484043214,0.8785196162335821,0.4642404195434263,0.8879095292130043,0.3117210231467408,0,0,1,0,0,0,0,0,0,0,0
736,Gryffindor,Mercedes,Cullen,0.2,1,0.6850517297372531,0.7206992978629705,0.1629629729489933,0.2793007021370297,0.5598912521989445,0.116097985341887,0.6574994268478812,0.1038388828280678,0.0474711505926059,0.3188171612971033,0.486624183837404,0.0536939393241811,0.8797498588613367,0,0,0,0,0,0,0,0,0,0,0
973,Ravenclaw,Adrianne,Nielsen,1.0,0,0.7196696719917108,0.2181232768002614,0.6914802480947393,0.7818767231997388,0.7311157311157311,0.8514500406726071,0.6345430971298643,0.6519095076188709,0.7232230441811037,0.4416557409264289,0.3627685235197139,0.8265591039836859,0.2808225127024797,0,0,0,0,0,0,0,0,0,0,0
1081,Slytherin,Gaylord,Beardsley,0.6,0,0.7797581306156535,0.2892892373841074,0.1789076212396011,0.7107107626158927,0.115517884748654,0.3093138874640662,0.2179025222719256,0.6211549850062671,0.7470570362434014,0.6784593513596751,0.511795171951926,0.1765578968231465,0.1643071177313588,0,0,0,0,0,0,0,0,0,0,1
1498,Hufflepuff,Delmar,Meza,0.8,0,0.6455391800566012,0.7644842084243657,0.780445631833397,0.2355157915756344,0.7969507969507968,0.1909794066715708,0.3754206655375089,0.5147309785198306,0.7673285584244273,0.4945102185859429,0.3638546007248963,0.4827929090828445,0.5123550614496027,0,0,0,0,0,0,0,0,0,0,0
931,Slytherin,Carmel,Shackelford,0.4,1,0.5797055503147086,0.2587186839910089,0.5680447318316008,0.7412813160089913,0.1061890292659523,0.2343063280087471,0.2704603442925445,0.3808810713791566,0.7257233996664886,0.5168977857439011,0.313249146749385,0.3220367437209399,0.5158292439310376,0,0,0,0,0,0,0,0,0,0,0
628,Gryffindor,Shelia,Fitzgerald,0.4,0,0.7098804571393224,0.7165490896357027,0.1904944825357408,0.2834509103642973,0.6815928354389893,0.3474262709043716,0.6470813683453148,0.2056485745095143,0.1840487380327557,0.3059266640983645,0.726699580233125,0.1763630667267818,0.7104268901724063,0,0,0,0,0,0,0,0,0,0,0
416,Slytherin,Cortez,Crider,0.2,0,0.62771600451572,0.2967947624049986,0.2350811368884696,0.7032052375950015,0.0756436910283064,0.3146710258728745,0.3031743250447136,0.521769189894342,0.8100850346864317,0.8051908301017723,0.4618166561055913,0.2109746052725407,0.3159551830459895,0,0,0,0,0,0,0,0,0,0,0
237,Ravenclaw,Kurtis,Gilbert,0.6,1,0.8064194361535963,0.3045759147323396,0.6979127386004518,0.6954240852676605,0.8202995895303589,0.8015438147714926,0.6227289396932085,0.6459202956632679,0.7467450075241725,0.3982418749393799,0.4248121647950907,0.7994527351731214,0.2515090980153733,0,0,0,0,0,0,0,0,0,0,0
173,Ravenclaw,Eldon,Hutson,0.8,1,0.5068045095340458,0.2131840240178044,0.7599957649857494,0.7868159759821958,0.7291433445279599,0.7033367106876981,0.6558238026554765,0.7046908836282139,0.8279828873154841,0.7056215008520654,0.2472068476026729,0.9002624310865737,0.3757762626481956,0,0,0,0,0,0,0,0,0,0,0
1241,Slytherin,Hershel,Means,0.4,1,0.5810741846187155,0.2692237845822665,0.2361048814594626,0.7307762154177337,0.1312436697052082,0.2315850725052364,0.2353225409640886,0.5892537185670392,0.8702765051972521,0.837627298519033,0.5071822236622558,0.2512951709648136,0.2575889173578842,0,0,0,0,0,0,0,0,0,0,0
1579,Slytherin,Susanne,Linn,0.4,1,0.7945038120718185,0.3648685815503384,0.3223234784290597,0.6351314184496617,0.1586971586971587,0.408718647699286,0.4423589783740554,0.4799703341668835,0.5587163658781571,0.59865757765071,0.5088058474916999,0.2194592594547346,0.4116689104095193,0,0,0,0,0,0,0,0,0,0,0
935,Slytherin,Brianne,Irons,0.6,1,0.4023630205836413,0.0953888046699443,0.0933297118572934,0.904611195330056,0.3799243030012261,0.1805115947690576,0.102100425753548,0.9240004613658392,0.8564154154790979,0.9076217664667442,0.7328277621544419,0.4514342470883571,0.0,0,0,0,0,0,0,0,0,0,0,0
546,Gryffindor,Johnnie,Brownlee,0.8,1,0.5722327315671748,0.7199984257426442,0.2664152658008382,0.2800015742573559,0.7296231142384989,0.3955723885441402,0.7217091935284834,0.146268691691263,0.2199016635349005,0.3451632788538766,0.6220115413289398,0.2249619463695074,0.80227558952534,1,0,0,0,0,1,0,0,0,0,0
846,Hufflepuff,Lupe,Durand,0.4,1,0.619202635200965,0.698437684406644,0.7872148688832732,0.3015623155933561,0.6761021376405991,0.3411137013051435,0.1731989604892591,0.6844581363891863,0.6865136439192842,0.3610789532576958,0.4212029405480929,0.4840382495835302,0.3486776392930039,0,0,0,0,0,0,0,0,0,0,0
177,Hufflepuff,Raymundo,Cooksey,0.6,1,0.6599214388444705,0.6982591276313883,0.7543906600163426,0.3017408723686117,0.8063862679247294,0.2408628742838917,0.2021929308310505,0.7152730427123304,0.7700548680628266,0.4278560130315285,0.5553097050535837,0.521453207930877,0.2978242932210014,0,0,0,0,0,0,0,0,0,0,0
1087,Gryffindor,Maxine,Ellington,1.0,1,0.5704498708689668,0.7308584201837681,0.0948498708947521,0.269141579816232,0.6258329335252412,0.3567022965684173,0.5962779313241965,0.3383707974484537,0.2284963392413392,0.5159599995121988,0.5350128496922217,0.1628327622247463,0.648760151126938,0,0,0,0,0,0,0,0,0,0,0
700,Hufflepuff,Nicolas,Prescott,0.8,1,0.5251921500703648,0.8493888474696698,0.7380065101621999,0.1506111525303302,0.6932672317287703,0.158074355789722,0.2735595451356575,0.515835112104053,0.822146004994693,0.5912099586901433,0.4139300624023309,0.3918513294767833,0.5244278455725887,0,0,0,0,0,0,0,0,0,0,0
264,Slytherin,Haydee,Stern,0.8,1,0.3689745294836305,0.1878251871303315,0.5220189465058446,0.8121748128696686,0.2719228103843489,0.1820220692645369,0.1781641234071684,0.7142578047856837,0.9537627537080317,0.9582961519046134,0.4300215163754418,0.3876461997744019,0.1847179398097885,0,0,1,0,0,0,0,0,0,0,0
396,Gryffindor,Vickie,Goldstein,0.8,0,0.5776255354685059,0.8600081686489544,0.2046245390698747,0.1399918313510456,0.6224212378058532,0.148938175156949,0.6871950700543921,0.1761496675083168,0.0528799319824373,0.4555655043548882,0.622059052381337,0.0783958127811919,0.9221565987753508,0,0,0,0,0,0,0,0,0,0,0
490,Gryffindor,Winfred,Love,0.2,0,0.5609776843016873,0.6982007228748143,0.2143850115366888,0.3017992771251858,0.6854843008689162,0.2294698916685104,0.6832655909370906,0.1925666615949837,0.261648837319875,0.4800437404903538,0.8935619793948127,0.2198138277713184,0.8000173709124072,0,0,0,0,0,0,0,0,0,0,0
76,Ravenclaw,Marcos,Pfeifer,0.8,0,0.7253916459180675,0.2064142908019146,0.8182985654540479,0.7935857091980856,0.7460952076336692,0.7915268091881621,0.7643791489234255,0.6445257778411553,0.7944339863193337,0.586139732577659,0.5413800336756854,0.9047842298793016,0.3740608850479872,0,0,0,0,0,0,0,0,0,0,0
540,Slytherin,Burt,Herr,1.0,1,0.2587492074292872,0.126868924878482,0.1835045961682218,0.8731310751215181,0.2338610800149262,0.2395480671560063,0.1761156060380355,0.747376478607877,0.9071656628034906,0.9837555812184592,0.4452857323067639,0.4312527687490279,0.2043253571893863,0,0,0,0,0,0,0,0,0,0,0
42,Ravenclaw,Julianne,Forrest,0.6,0,0.5129285681146869,0.1890423339089898,0.7713537194697669,0.8109576660910103,0.6367077136307906,0.6769754316617287,0.6269394791963385,0.7435649979318983,0.7066412534292181,0.6727062279003692,0.4087246185696967,0.8640487378434729,0.3995961262865332,0,0,0,0,0,0,0,0,0,0,0
353,Gryffindor,Keven,Gore,0.4,1,0.570898349906438,0.6840657717935521,0.2821254157878827,0.3159342282064479,0.7182152566767952,0.1539138623096125,0.7310339560208329,0.1209357350973583,0.2986143244865248,0.4749210657160438,0.6038223535000162,0.2496643812965359,0.8710426890172407,0,0,0,0,0,0,0,0,0,0,0
1164,Ravenclaw,Nola,Hawkins,0.6,0,0.5939331611586224,0.2286038430922602,0.6830607341849125,0.7713961569077399,0.7290900367823444,0.6930218290962302,0.6926266837630399,0.626816496171004,0.7438368868790243,0.6208544781636102,0.2920565374482662,0.8276559356645189,0.3998349763321318,0,0,0,0,0,0,0,0,0,0,0
874,Hufflepuff,Belen,Negrete,0.6,1,0.3716035445308754,0.8535404172516317,0.7725486801227022,0.1464595827483683,0.5921424382962844,0.4486269029253989,0.2149574536420618,0.7021802180316209,0.5519565999550688,0.5184860333280795,0.1349562304052327,0.4377989476928917,0.5103791201632867,0,0,0,0,0,0,0,0,0,0,0
808,Gryffindor,Herman,Nall,0.6,0,0.6339019222739434,0.6306209917667589,0.2704282920910582,0.3693790082332412,0.7603816834586066,0.2181211696171613,0.6913047418583795,0.1303842016377548,0.2955307323189464,0.3464371991909881,0.6001675398145675,0.2780483751338398,0.7865549137968473,0,0,0,0,0,0,0,0,0,0,0
1399,Gryffindor,Lauretta,Hirsch,0.4,0,0.5314012650201816,0.6298733894205558,0.1450957823966663,0.3701266105794442,0.683511914281145,0.2352939261345094,0.5803835881107448,0.1948469536557461,0.1852288613007549,0.3328414051209699,0.3399413728337693,0.2058068352237098,0.7454292786728623,0,0,0,0,0,0,0,0,0,0,0
274,Ravenclaw,Britt,Duckett,0.8,0,0.4436849512085737,0.2609555500599827,0.7018116631262726,0.7390444499400175,0.6894290740444586,0.5528425509757697,0.4876618031926849,0.7433976158115373,0.6764177078810617,0.6023922650468786,0.666722922666559,0.7940542009467508,0.3783818995092717,0,0,0,0,0,0,0,0,0,0,0
771,Gryffindor,Denny,Romano,0.2,0,0.7543494734237508,0.6960355345368496,0.2080056695261588,0.3039644654631505,0.607548376779146,0.0516107706013719,0.6572476597695555,0.1472138146852269,0.2107802392185991,0.3999904550277436,0.6534657626712992,0.1020314546733671,0.8032744169887523,0,0,0,0,0,0,0,0,0,0,0
671,Gryffindor,Keenan,Buckner,0.2,1,0.6043409677868333,0.852506252363345,0.3205339698075676,0.147493747636655,0.6819659896582972,0.1166503689490264,0.7750501960326915,0.1375274559488747,0.2489893315043445,0.5709034744055731,0.4524908138940658,0.1662206723154299,0.947713553654406,0,0,0,0,0,0,0,0,0,0,0
636,Ravenclaw,Rita,Radford,0.8,0,0.6321080061240586,0.1652160482229722,0.7467217648830542,0.8347839517770279,0.683991683991684,0.6624572482706118,0.6629626927981281,0.764536775399418,0.6227156520355067,0.597150337845805,0.5066831624940229,0.8615709706525237,0.3675685065358058,0,0,0,0,0,0,0,0,0,0,0
1200,Slytherin,Alvaro,Gore,0.8,0,0.8304826562330854,0.3044046421790858,0.2639454901991737,0.6955953578209143,0.1195692734154272,0.3238666010275877,0.2998063189427238,0.5900181522075163,0.6194043740165484,0.6059919958082133,0.6509916358275657,0.1916917596975701,0.2601728405784514,0,0,0,0,0,0,0,0,0,0,0
1083,Hufflepuff,Trudy,Tejeda,0.8,0,0.6005752903515148,0.7180557031181891,0.7317286399804174,0.2819442968818109,0.6881496881496881,0.2104541893133092,0.2812053561342804,0.6250597706731864,0.7808418740504383,0.5633616187344428,0.3309754271385383,0.459979259297523,0.4230685716767273,0,0,0,0,0,0,0,0,0,0,0
1214,Hufflepuff,Donnell,Hammons,0.8,1,0.591389202480553,0.7100060205547563,0.5220189465058446,0.2899939794452437,0.6689055919825151,0.3346721154172767,0.1423179329786905,0.3538622824999087,0.727676693828164,0.1112740563247999,0.5430770059431941,0.4093616142038442,0.4834324922916576,0,0,1,0,0,0,0,0,0,0,0
373,Hufflepuff,Sammy,Steffen,0.2,1,0.5102454262870575,0.6845333084492564,0.711591131895434,0.3154666915507437,0.7267978037208807,0.2735453559496346,0.2222280662935472,0.6581470982492903,0.7412370796156441,0.4945390675009528,0.5491307491118369,0.5037323719469369,0.3897381334954619,0,0,0,0,0,0,0,0,0,0,0
1300,Slytherin,Les,Asher,1.0,1,0.4809473733046719,0.2050253777033716,0.2597077978086967,0.7949746222966285,0.3071592302361533,0.280558010981201,0.3150189033235023,0.6793539906624867,0.7173140271397924,0.8007885958671421,0.5029457352561418,0.4081589454245527,0.2861206409866678,0,0,0,0,0,0,0,0,0,0,0
1226,Gryffindor,Dee,Faison,0.6,0,0.5151554985076473,0.7186854450331592,0.1658076624415433,0.2813145549668408,0.7088864011940936,0.2089270653642727,0.558051769916669,0.2560442981193738,0.2207115433148071,0.4110316921076984,0.5669679838796307,0.1943778322653238,0.7290137664480828,0,0,0,0,0,0,0,0,0,0,0
1250,Hufflepuff,Leslie,Perron,0.2,1,0.4767796112150689,0.7726023980095617,0.6216144164605968,0.2273976019904384,0.8247774401620556,0.3211108930945492,0.3015965517165695,0.725485423383979,0.695904346577022,0.6115711946718642,0.6110857798176978,0.5071736216893624,0.382225213879359,0,0,0,0,0,0,0,0,0,0,0
329,Ravenclaw,Evangeline,Pickett,1.0,1,0.707545273185593,0.2416869825786986,0.6060794856144366,0.7583130174213015,0.8035076496614958,0.6829331837268516,0.7281366626747728,0.5513891891391473,0.7159280613843433,0.5191241301546969,0.559405856191689,0.7867160685420147,0.3810961045728927,0,0,0,0,0,0,0,0,0,0,0
1407,Ravenclaw,Ulysses,Lovell,1.0,1,0.5946522740980159,0.2151536621452699,0.6085191169415233,0.7848463378547302,0.7390052774668159,0.7833453842954844,0.7401700326370053,0.7902357461830123,0.8150594953741835,0.8301253936731934,0.5444929952554675,0.8716398124914732,0.2802579580492465,0,0,0,0,0,0,0,0,0,0,0
878,Ravenclaw,Eugene,Stearns,0.2,1,0.6089649413111052,0.2184718819228236,0.6663960090112931,0.7815281180771766,0.7250386481155712,0.7941286703833077,0.7005359634267746,0.5697747007282028,0.8041692880398233,0.6711728461501514,0.5480517307397973,0.854102296468522,0.3267034350979285,0,0,0,0,0,0,0,1,0,0,0
472,Hufflepuff,Gary,Adam,0.8,0,0.4892674326894824,0.7924587550686821,0.8562750588611424,0.2075412449313179,0.7016898555360094,0.4019707503972874,0.1439402024390475,0.7814846319770403,0.5912868440685397,0.3853496155642094,0.6335984054747276,0.5184451323076027,0.3887175923915404,0,0,0,0,0,0,0,0,0,0,0
813,Hufflepuff,Joni,Teal,0.4,0,0.4769574563506178,0.5075954586018546,0.6692517433300634,0.2646449813693366,0.7448158217388987,0.2277442982663472,0.3110164072280475,0.7822699108759509,0.7467737671523561,0.7484096202533745,0.4616800458959386,0.5139449501105815,0.3928214704477353,0,1,0,0,0,0,0,0,0,0,0
1114,Hufflepuff,Devon,Pitts,0.2,0,0.4167298145771152,0.8425646304452452,0.6085422272048406,0.1574353695547548,0.7979103363718748,0.2999151987268357,0.0789748536323085,0.7477325146053817,0.7757722123881738,0.5235231529734753,0.6280385092512321,0.439696997089901,0.2847092543535849,0,0,0,0,0,0,0,0,0,0,0
141,Ravenclaw,Ron,Hein,0.8,1,0.548304285294527,0.1866430761630635,0.7174744194308089,0.8133569238369366,0.6838317607548376,0.7075798233760145,0.7116266640740693,0.6495323333151146,0.687933924358601,0.6379340498557192,0.2771208949968671,0.8557808110883597,0.4401789203977939,0,0,0,0,0,0,0,0,0,0,0
826,Hufflepuff,Darius,Leblanc,0.4,1,0.4935511807370521,0.792562947834218,0.6810033860353419,0.2074370521657821,0.7007303161149314,0.2228031177259678,0.251469628225516,0.3496946369801699,0.8145915556654164,0.4125356615581695,0.6710195218716316,0.3767708062541025,0.5555869197029575,0,0,0,0,0,0,0,0,0,0,0
1506,Hufflepuff,Chas,Betts,1.0,1,0.5639855868116234,0.7189247587826522,0.6874096567675971,0.2810752412173479,0.7921530998454075,0.1625639196969003,0.4373318352836129,0.7126844488644409,0.7742122930009165,0.7897622647634607,0.2374743506824287,0.5316874026902276,0.4528379728145221,0,0,0,0,0,0,0,0,0,0,0
38,Slytherin,Wendell,Ratcliff,0.2,1,0.5037270154493296,0.17518774483109,0.0642716450431943,0.8248122551689101,0.0963270963270963,0.375822726687348,0.2007915194725342,0.7562615578392284,0.7774627601732513,0.8997235499928866,0.5126825806294584,0.2716467747197006,0.1217918096148,0,0,0,0,0,0,0,0,0,0,0
685,Slytherin,Mina,Belanger,0.8,1,0.520212486274995,0.2006608071851103,0.4237965093608856,0.7993391928148897,0.1981981981981982,0.2558007664926155,0.2800715842785413,0.5348940399917022,0.7110845500493707,0.6377650775858935,0.399228868762671,0.3792617679904814,0.3985321579015938,0,0,0,0,0,0,0,0,0,0,0
1514,Ravenclaw,Catharine,Mahan,0.6,1,0.483151106506039,0.1198817039079769,0.6344307653567639,0.8801182960920231,0.6030705261474493,0.6549792389343719,0.631420231413315,0.7660429831644073,0.7615197374101836,0.7892280444321059,0.7146225417520871,0.8438709090592632,0.3424675381074391,0,0,0,0,0,0,0,0,0,0,0
684,Ravenclaw,Maynard,Rash,0.2,1,0.373266009928398,0.1577417800710568,0.6446242739413569,0.8422582199289433,0.6705048243509781,0.8090225711134655,0.7298765647440282,0.658459269457293,0.9038593075142988,0.8682133261487573,0.5388832087576889,0.912183281781028,0.4007035219524906,0,0,0,0,0,0,0,0,0,0,0
622,Gryffindor,Pricilla,Ngo,0.6,0,0.5590291202078468,0.7826226809988706,0.2999738488207768,0.2173773190011295,0.7707233861080015,0.2240872433414806,0.7164683031116161,0.1461233421460826,0.2102489948419186,0.4055491620367027,0.5147821297944793,0.2394798766338077,0.8803361271550789,0,0,0,0,0,0,0,0,0,0,0
1508,Slytherin,Cara,Pape,0.4,1,0.793645515982865,0.3166786866997144,0.1172546705411138,0.6833213133002857,0.0365691134921904,0.3177370415788852,0.2260364642154427,0.6329041956876279,0.7780202542817339,0.7793916241544592,0.4340130178134519,0.1135045330281927,0.1484127328787944,0,0,0,0,0,0,0,0,0,0,0
1026,Ravenclaw,Irma,Shanahan,0.4,1,0.5907087515271484,0.2705571744964739,0.7199562666938659,0.7294428255035263,0.7958846420384882,0.6089561044279636,0.6827222354550456,0.7519992511829476,0.7330311460318513,0.7046175157295889,0.3850513199782939,0.8607652611762016,0.3705649889260433,0,0,0,0,0,0,0,0,0,0,0
1376,Gryffindor,Autumn,Thomsen,0.4,1,0.5505080184958941,0.826701760992633,0.5220189465058446,0.1732982390073669,0.7550509088970628,0.2662101897912119,0.638809561422432,0.1567843347959392,0.1821058707917728,0.332370387924866,0.3307323097732367,0.1993575098580098,0.845203456811569,0,0,1,0,0,0,0,0,0,0,0
932,Hufflepuff,Lucretia,Carter,0.8,1,0.5264061364304161,0.6738090982410982,0.6632722742627187,0.3261909017589018,0.8475398475398476,0.0569303399157075,0.4590815701851126,0.8630121955060314,0.8905529143625258,0.8650183227901705,0.5878262914523179,0.5763186544483305,0.3023841577278847,0,0,0,0,0,0,1,0,0,0,0
385,Hufflepuff,Jay,Bacon,0.2,0,0.6902169710653697,0.6854207084973324,0.615380742110061,0.3145792915026676,0.6500346500346501,0.2203024722248534,0.3843614698899188,0.6309787432861502,0.7893587728377432,0.683709344080141,0.4982742287336082,0.4193773971260602,0.395731098275937,0,0,0,0,0,0,0,0,0,0,0
594,Ravenclaw,Michaela,Levi,0.8,0,0.6262391166509441,0.2703484292880098,0.7820385007568742,0.7296515707119904,0.732928194466656,0.7660992414772603,0.6386302000009999,0.6809500635858716,0.7211818773176318,0.5326234332633157,0.4351766311356044,0.8505602628578045,0.3650931515177835,0,0,0,0,0,0,0,0,0,0,0
557,Hufflepuff,Stacey,Ballou,0.6,0,0.7073983576388352,0.7130565155315263,0.740641919554752,0.2869434844684739,0.7153366384135615,0.3172318283033143,0.2204114267824766,0.555850337612281,0.7241330741777011,0.2975250119197035,0.511795171951926,0.4400142276502643,0.3706084162070613,0,0,0,0,0,0,0,0,0,0,1
1370,Gryffindor,Christian,Maldonado,0.2,0,0.5181865982091768,0.823396974848495,0.1687995692985345,0.1766030251515051,0.6870835332373794,0.3855495240848425,0.6360636603925138,0.2371112620470068,0.0877458708681088,0.3776587112061191,0.5353143182540792,0.1614905681458969,0.795500933686542,0,0,0,0,0,0,0,0,0,0,0
682,Ravenclaw,Noble,Criswell,0.2,0,0.588551412708968,0.2176196798891783,0.606700917630123,0.7823803201108218,0.7408710485633562,0.7773700533725021,0.6817125874592574,0.7016961875100166,0.7725858448212042,0.6741957015385818,0.5477286409978889,0.838204272899134,0.3064880357840795,0,0,0,0,0,0,0,0,0,0,0
1410,Gryffindor,Vonda,Pierson,0.6,1,0.5112738351143622,0.7721841108089298,0.1789506513523072,0.2278158891910703,0.6361746361746362,0.1746390091239015,0.6720478468329812,0.2039692872499487,0.1644705836809724,0.5236305365429015,0.4715361942436125,0.1455226415592253,0.8619881009250012,0,0,0,0,0,0,0,0,0,0,0
1519,Gryffindor,Jesus,Belcher,0.4,1,0.4522679120981087,0.7420761621205777,0.1767235912825112,0.2579238378794223,0.6525934218241911,0.3052206404273972,0.7272464508553237,0.2364186753182564,0.2281844074553645,0.5839482928558049,0.6028077119966783,0.2191251847938204,0.8379728145220827,0,0,0,0,0,0,0,0,0,1,0
1306,Hufflepuff,Denver,Whitney,0.2,0,0.5673723767842507,0.7539180680993043,0.6875089060671205,0.2460819319006958,0.8452476144783837,0.3467920019080268,0.2331875526558967,0.6873572875592723,0.6885084648151248,0.4119391302214734,0.6047059102777763,0.5132812925488998,0.340535024102141,0,0,0,0,0,0,0,0,0,0,0
674,Hufflepuff,Ahmad,Garner,0.6,1,0.6252880317956173,0.6440208739994967,0.5220189465058446,0.3559791260005034,0.7292499600191907,0.1358109540534223,0.4071056858547638,0.4355646215555364,0.7943149002355038,0.4866558072945391,0.7822611837815855,0.5181570981881929,0.5819689929213532,0,0,1,0,0,0,0,0,0,0,0
925,Ravenclaw,Jerri,Everhart,0.8,1,0.658784776456397,0.1427526975006032,0.8196094522382521,0.857247302499397,0.6555253478330402,0.7511899766968749,0.6914315137409324,0.5988441723034456,0.6713055221922256,0.4633155768665328,0.4419061253239352,0.871090414078524,0.4342728101793547,0,0,0,0,0,0,0,0,0,0,0
654,Ravenclaw,Brianna,Shaw,1.0,1,0.2670151400337132,0.1984593843504081,0.6297501997131508,0.8015406156495921,0.6333445105435446,0.710652101705223,0.5956307355616809,0.5857033382522425,0.8173166720695028,0.7179685682019418,0.3079658951496082,0.8461521617437906,0.460307465149607,0,0,0,0,1,0,0,0,0,0,0
851,Slytherin,Chi,Keller,0.2,0,0.5233363747428978,0.1864636899666375,0.3920905288491729,0.4929142768321042,0.1739964816887894,0.2368019844058871,0.2316955478861535,0.6593416727586251,0.6419646504520408,0.6741286746548408,0.6486072248646026,0.3718832097444244,0.3309375949971772,0,0,0,1,0,0,0,0,1,0,0
1274,Hufflepuff,Isidro,Maclean,0.8,0,0.4258540432704947,0.7699428639762493,0.7380801416824714,0.2300571360237507,0.6813796044565276,0.3094364124128583,0.1585265112971143,0.7786122827374106,0.691965476599357,0.5669229179093191,0.5436675503365707,0.4868043316288976,0.3770356537977157,0,0,0,0,0,0,0,0,0,0,0
1557,Hufflepuff,Scott,Chew,1.0,1,0.455724293645516,0.8056634750451408,0.539196351508181,0.1943365249548592,0.7233861080014926,0.3668896126796286,0.2307115753432695,0.7538220816468646,0.7038340433788824,0.6505182121244927,0.438443770048487,0.4239716255511525,0.3304816085464889,0,0,0,0,0,0,0,0,0,0,0
1154,Gryffindor,Darwin,Watson,0.4,0,0.5118846944929867,0.7041801246687898,0.2017529802916226,0.2958198753312104,0.7091529399221708,0.1661296124874381,0.5814656753171648,0.1656089107816178,0.1711822163369957,0.3310716912054883,0.397156313455959,0.1902412019051804,0.8144135145698528,0,0,0,0,0,0,0,0,0,0,0
1347,Hufflepuff,Kristine,Burdick,0.2,0,0.6397553469526622,0.7141864627193579,0.7659667029689871,0.2858135372806422,0.7762673916520071,0.3025499701800455,0.1490221176473775,0.6834393525024248,0.7312804047865059,0.3259259296411801,0.302153246673238,0.4994997302136565,0.302818430538064,0,0,0,0,0,0,0,0,0,0,0
120,Ravenclaw,Ruthie,Hennessey,0.6,0,0.6200763960843141,0.1823399479821575,0.6364984098138772,0.8176600520178426,0.7341009648701957,0.7768270653584836,0.881879474244486,0.6304450072644936,0.7014254164156728,0.7510513034928816,0.6724576893357027,0.87159012239485,0.4472575672037174,0,0,0,0,0,0,0,0,0,0,0
831,Ravenclaw,Rhoda,Stapleton,1.0,0,0.9145106165813526,0.3588742563751089,0.7321810949689577,0.6411257436248913,0.9006876699184392,0.7770520752906316,0.7505876011613621,0.61061191314436,0.7070969138875343,0.4044607462239988,0.5020415586191254,0.8069253396472511,0.3108307638858731,0,0,0,0,0,0,0,0,0,0,0
1478,Ravenclaw,Augustus,Grooms,0.2,1,0.3811530550701328,0.2337333899471,0.7073125892412698,0.7662666100529001,0.6978516978516979,0.7280274270744825,0.6366463628651312,0.7930438720774943,0.8372295884925531,0.8541430516213672,0.8194424636655507,0.9029243604435389,0.3601858687627567,0,0,0,0,0,0,0,0,0,0,0
865,Gryffindor,Keith,Pacheco,0.8,0,0.5665295454896927,0.6919686887875421,0.1187217055424773,0.3080313112124578,0.5861719707873554,0.1626194264089236,0.6119392357390808,0.1915438559423426,0.1110189337616101,0.4101589537401242,0.5943325457212019,0.1076846155530558,0.8100707864680593,0,0,0,0,0,0,0,0,0,0,0
1134,Gryffindor,Tessa,Hargett,0.6,0,0.5957425421029028,0.7494654942155854,0.2221354215053093,0.2505345057844147,0.7149634841942534,0.3608886557065763,0.6461872799705461,0.1994821523482181,0.2200620142145501,0.355821817788261,0.5647810115211273,0.2141084501799231,0.7529204846484562,0,0,0,0,0,0,0,0,0,0,0
326,Ravenclaw,Shante,Lieberman,0.2,1,0.5471676229064535,0.1778685439334331,0.7604842758464354,0.822131456066567,0.6810064502372195,0.5925437756366364,0.6876667935904025,0.6952362721538597,0.7163019856497853,0.694508596809213,0.3969105610969137,0.8659299431399314,0.4404829113649195,0,0,0,0,0,0,0,0,0,0,0
1246,Ravenclaw,Leonard,Jude,0.2,0,0.5897190046858327,0.1660008191393129,0.6301021264144996,0.8339991808606874,0.698598006290314,0.713712186034084,0.6209562851744258,0.7411231217465379,0.7745144037413255,0.6614604751384586,0.8673169899877304,0.8411197059693811,0.2791505623832892,0,0,0,0,0,0,0,0,0,0,0
620,Slytherin,Keenan,Mccracken,0.4,1,0.6941527612390394,0.3155261505665959,0.1608838261526702,0.6844738494334042,0.1583240044778505,0.3568449737282854,0.3202958498436473,0.6124766944414515,0.7297311997521084,0.7849288001935533,0.6997418766224534,0.2149447597722459,0.2351804403526295,0,0,0,0,0,0,0,0,0,0,0
342,Ravenclaw,Alisha,Paterson,0.4,0,0.6212130584723876,0.2181958402711102,0.6342585766137658,0.7818041597288897,0.7538248307479076,0.7180131234840658,0.7536039592370735,0.5559043615257986,0.7277793702428108,0.5945993686895817,0.6498027682247456,0.81731955336183,0.4267381769227429,0,0,0,0,0,0,0,0,0,0,0
196,Hufflepuff,Julianna,Doran,0.8,1,0.4086726566970292,0.9038252300401224,0.861271850192601,0.0961747699598776,0.6142651527266911,0.4304285561813306,0.0862326116657757,0.4829027765676255,0.5943069858822932,0.1977599891691001,0.3499758565572407,0.3825393492225606,0.5573022973031658,0,0,0,0,0,0,0,0,0,0,0
1390,Gryffindor,Hai,Burns,0.4,1,0.542559114176577,0.7926669748834934,0.3552860369464203,0.2073330251165066,0.8127298896529666,0.3285295499542229,0.8211805731419172,0.1604098489108379,0.3312089428504441,0.5395813616881469,0.7110433800128306,0.3249086628647659,0.8834194641073524,0,0,0,0,0,0,0,0,0,0,0
819,Ravenclaw,Juli,Trujillo,0.8,1,0.643126672130894,0.2607313917871118,0.7920262469498075,0.7392686082128883,0.792686177301562,0.7648772998293475,0.7543600642421733,0.6008582794895515,0.7385585455872118,0.5558207948278474,0.7264809765966924,0.8858980628722903,0.4353367785642941,0,0,0,0,0,0,0,0,0,0,0
1341,Ravenclaw,Shari,Bernier,0.6,0,0.8231214141007995,0.2725972787446388,0.7381336660725196,0.7274027212553612,0.841995841995842,0.634006990232253,0.7181939567607137,0.7608035282630593,0.755885949075509,0.6159081019958629,0.3091346929440902,0.8520532116365791,0.2798671125200851,0,0,0,0,0,0,0,0,0,0,0
1082,Slytherin,Bridget,Briseno,0.4,0,0.505219368108501,0.2034276915128825,0.3576551184912402,0.7965723084871176,0.2897275974199051,0.2582636189879089,0.2967861711129732,0.6966776394589983,0.6206465735779633,0.7077032737969784,0.4698552476534938,0.4216752131761299,0.3269639987840361,0,0,0,0,0,0,0,0,0,0,0
43,Hufflepuff,Rosanna,Rinaldi,0.2,1,0.5343937027357222,0.7056656449076463,0.6458011022446151,0.2943343550923538,0.58611866304174,0.3720916531556617,0.1439476376308408,0.5697747007282028,0.7015699068321979,0.6032292127808033,0.6368287373197363,0.443459688417828,0.2535718938637252,0,0,0,0,0,0,0,1,0,0,0
1464,Hufflepuff,Delores,Desjardins,0.4,1,0.5499976802808406,0.7203613824031733,0.7898280416267507,0.2796386175968268,0.6643744336052029,0.2062340395396823,0.232491263961841,0.6053754885042387,0.7684777753516039,0.5839482928558049,0.2429186494403894,0.4667912942950721,0.4554870369566162,0,0,0,0,0,0,0,0,0,1,0
446,Hufflepuff,Reinaldo,Cabrera,0.8,1,0.6412786292006247,0.7798132992211723,0.5383496099662378,0.2201867007788278,0.7899141745295593,0.1876943587178505,0.2681647098128502,0.7186599026418288,0.8594201880298111,0.6943084450445485,0.6865610081566802,0.4127298728438852,0.2738524340991011,0,0,0,0,0,0,0,0,0,0,0
1489,Ravenclaw,Pat,Parr,0.6,1,0.7243709694879606,0.2166798540052778,0.7340444672274095,0.7833201459947222,0.7370861986246602,0.6982097055687896,0.755659378556945,0.637573072658877,0.6823760628731377,0.5839482928558049,0.4511041864935338,0.8376183789349928,0.4041994180744344,0,0,0,0,0,0,0,0,0,1,0
847,Slytherin,Sherri,Watts,0.6,1,0.5342622519833599,0.1573445268777519,0.3455377057624363,0.8426554731222481,0.389413081720774,0.2063147489903128,0.2436556004451622,0.7535238527128827,0.6323534777999732,0.6427916068825696,0.3660712183402084,0.4686548132859527,0.2413688278976853,0,0,0,0,0,0,0,0,0,0,0
485,Hufflepuff,Cyril,Tanaka,0.4,0,0.6786725020490852,0.8492433418613762,0.7066387498148491,0.1507566581386238,0.7182685644224106,0.3315805410903207,0.1130194343213173,0.5674723468978315,0.754344623335416,0.2794414037232108,0.3432831351206843,0.3593099308886556,0.3279193989664307,0,0,0,0,0,0,0,0,0,0,0
390,Hufflepuff,Beatrice,Dorsey,0.8,0,0.6426240663130384,0.7652877245433756,0.7030510153803307,0.2347122754566246,0.7616610693533771,0.2587825132212517,0.2466644229597875,0.6728736082670175,0.7622321515217124,0.5028459835425786,0.4118953792679879,0.457748538914645,0.348569071090459,0,0,0,0,0,0,0,0,0,0,0
1269,Gryffindor,Frances,Bock,1.0,1,0.4913087855496961,0.6655242322138708,0.2062258315030262,0.3344757677861293,0.6906018444479983,0.1288809550328762,0.6539828212907343,0.1321050156919064,0.1729095752712406,0.39998709420228,0.4938325354699823,0.2073884962653828,0.878143049463673,0,0,0,0,0,0,0,0,0,0,0
850,Ravenclaw,Reba,Labelle,1.0,1,0.5645887137930501,0.3622817111406804,0.8627848941413713,0.6377182888593197,0.8236046697585159,0.5577224317612415,0.7189892033966445,0.6289200066429843,0.6477764913371613,0.5930673242370281,0.6553857733384105,0.8550596028497979,0.5469666044208973,0,0,0,0,0,0,0,0,0,0,0
1365,Hufflepuff,Fidel,Ginn,0.8,0,0.4084716143698869,0.8942973041734382,0.7247975757047996,0.1057026958265618,0.6595767364998135,0.4526756528419645,0.1389824859711069,0.7114064473232514,0.5940591083675693,0.4468353599620951,0.5448174557162384,0.413661351604317,0.4222000260563686,0,0,0,0,0,0,0,0,0,0,0
1244,Hufflepuff,Lester,Villegas,0.2,1,0.6115939563583502,0.7409767039111989,0.5452691576887043,0.4929142768321042,0.9375233221387068,0.2610352098896198,0.3498918062063905,0.865671428382002,0.7578176108879947,0.726733951646048,0.3608285529327062,0.5459773761270816,0.2362226950970599,0,0,0,1,0,0,0,0,0,0,0
838,Ravenclaw,Carey,Stewart,1.0,1,0.6869538994479069,0.1558575166317828,0.6963719501194052,0.8441424833682174,0.6756756756756757,0.7189937587310876,0.7061433118023566,0.7523066450361442,0.7296711089574724,0.6726374192135665,0.3822953341136116,0.855876260991478,0.3132844052633864,0,0,0,0,0,0,0,0,0,0,0
1167,Ravenclaw,Shanna,Pipkin,1.0,0,0.629888808128296,0.1956065127875123,0.6410587419848999,0.8043934872124878,0.6631483554560478,0.7159417136087248,0.637114401157016,0.5894208069970571,0.6880507679479715,0.5071385583090768,0.5147886579174047,0.7730010404039447,0.3791853042081035,0,0,0,0,0,0,0,0,0,0,0
601,Ravenclaw,Ignacio,Nagy,0.8,1,0.5556036682492306,0.114619946703372,0.644317220404576,0.8853800532966282,0.6134122287968442,0.6992725554262911,0.6397452712779538,0.7168263643343478,0.7139475409603794,0.6668646465179752,0.299305961965467,0.8328969775507444,0.3436617883354323,0,0,0,0,0,0,0,0,0,0,0
1529,Gryffindor,Norma,Wenzel,1.0,0,0.5345483506796778,0.6749293772237502,0.2181150964673408,0.3250706227762498,0.7443893597739751,0.1929925224421176,0.6147619045708173,0.0928893074271517,0.0548284431460556,0.1776085330338424,0.5008429905492918,0.2038978371613417,0.8731054848655927,0,0,0,0,0,0,0,0,0,0,0
1238,Hufflepuff,Dwight,Bosley,0.6,0,0.8263535561294713,0.5005708475205205,0.78145041121573,0.4994291524794796,0.6366544058851752,0.1819441506819272,0.2981098846586893,0.5681235119636713,0.8174262935094289,0.3945567720645761,0.4259422166366,0.5022413883132263,0.3497633213184522,0,0,0,0,0,0,0,0,0,0,0
168,Slytherin,Ervin,Shelley,0.4,0,0.5722327315671748,0.3498120474881877,0.1640999819919203,0.6501879525118125,0.1870035716189562,0.3665194719410884,0.4590815701851126,0.6344950480701396,0.590100017436742,0.6167729873765297,0.2660948038882634,0.1614063476431458,0.1858470491162548,1,0,0,0,0,0,1,0,0,0,0
1479,Slytherin,Bruno,Lovett,0.8,0,0.4184850687410111,0.2206752892530336,0.202134102002155,0.7793247107469665,0.1672263979956287,0.3941288380283972,0.3077279824626574,0.608180106237882,0.7754394335819877,0.8603791570443904,0.2007484176808917,0.3408681674011636,0.3069874495157858,0,0,0,0,0,0,0,0,0,0,0
185,Hufflepuff,Valentina,Gibson,0.2,0,0.6056786725020491,0.7425401683035519,0.7460510071258261,0.2574598316964482,0.6856975318513779,0.2886294130600964,0.224932147609953,0.5055699829780025,0.7321009360850218,0.3500697139821482,0.5903527503385533,0.4242517990903069,0.4518825726321275,0,0,0,0,0,0,0,0,0,0,0
488,Hufflepuff,Chantel,Alexander,0.6,0,0.63394831665713,0.84551521387652,0.7260153018255603,0.15448478612348,0.7122447891678662,0.243899272662023,0.0971695114889948,0.8168038472988292,0.7979457001393998,0.5413430458890918,0.2201931735041808,0.4144168095139967,0.2416728188648108,0,0,0,0,0,0,0,0,0,0,0
1364,Ravenclaw,Ruth,Treat,0.2,0,0.534084406847811,0.3829555412015682,0.7103932460611602,0.617044458798432,0.8703555626632549,0.8554791035433771,0.7329988555523641,0.655200710029916,0.9310490270723688,0.7479076312534556,0.1570499318246578,0.8914734601544385,0.3496764667564164,0,0,0,0,0,0,0,0,0,0,0
1225,Ravenclaw,Dawna,Mackenzie,0.4,1,0.627120609931491,0.2452302879256931,0.7079471949672796,0.754769712074307,0.7220001066154912,0.6624887667253362,0.7022142845061224,0.6231592139581238,0.7186199877079131,0.6095005801063375,0.324977761460232,0.8138499493834779,0.4203977938941243,0,0,0,0,0,0,0,0,0,0,0
246,Gryffindor,Sammie,Lawton,0.2,0,0.5343086463665465,0.7764412029636165,0.2148602658305134,0.2235587970363835,0.7144837144837145,0.3694701303561091,0.673201488100065,0.2789632492261827,0.3136270501352592,0.5473895573023044,0.5142015085963527,0.2425300625084576,0.7288617709645199,0,0,0,0,0,0,0,0,0,0,0
1512,Ravenclaw,Lettie,Leblanc,1.0,0,0.4860662202496018,0.3209062926641304,0.5935443843927876,0.6790937073358697,0.7977504131350285,0.8446406122691679,0.7550141113608202,0.6128112100751864,0.8902948480781756,0.791061398810232,0.3171158372027363,0.8459814748582152,0.3765796673470274,0,0,0,0,0,0,0,0,0,0,0
283,Hufflepuff,Sol,Rendon,0.6,0,0.529390841748759,0.7354293986983539,0.6365886853146392,0.2645706013016462,0.7361799669491977,0.3177206163166539,0.2342745366282005,0.75112357526534,0.7132864649171744,0.5774981505981396,0.3745903680899273,0.4770103293639274,0.3287879445867894,0,0,0,0,0,0,0,0,0,0,0
910,Ravenclaw,Randi,Hendrick,0.6,0,0.6258061024078685,0.3227059356100785,0.7332506116617424,0.6772940643899216,0.8552161629084706,0.6499298155164986,0.4590815701851126,0.6384916924933586,0.7067830910680514,0.5533551383553384,0.6307623992476085,0.840250550380986,0.4108872193511964,0,0,0,0,0,0,1,0,0,0,0
532,Gryffindor,Blair,Pennell,0.4,0,0.5675888839057884,0.6331183769404518,0.2846595524956912,0.3668816230595483,0.7250919558611867,0.1333866269736351,0.7966688309191036,0.0871045451076641,0.2600706992439642,0.4785370931628567,0.5353320820947964,0.276004343532062,0.9243279628262476,0,0,0,0,0,0,0,0,0,0,0
640,Hufflepuff,Wilburn,Upchurch,0.8,0,0.738722298687039,0.723871442662332,0.5896007451148609,0.276128557337668,0.8680633296017911,0.1448929403442736,0.1686689445459008,0.6492460492272326,0.9324595086244046,0.4690390067561863,0.653296575656442,0.4381142131081917,0.1986580970165458,0,0,0,0,0,0,0,0,0,0,0
1367,Slytherin,Kelvin,Zamora,0.4,0,0.4694570310687719,0.1793339969760467,0.3464588655283842,0.8206660030239533,0.1644010874780105,0.2790181741658956,0.2401573084190572,0.5309452745165605,0.8142567467374338,0.7085346877612257,0.5165707097744832,0.3614207774226175,0.3436183610544144,0,0,0,0,0,0,0,0,0,0,0
953,Hufflepuff,Marty,Langley,0.2,1,0.6869538994479069,0.6195735591603412,0.8455359470074517,0.3804264408396589,0.6068553760861454,0.2411194201535634,0.289878031158342,0.623157202051907,0.7186065331797661,0.4507236808881811,0.7133126289523777,0.4971626112623031,0.4379424154253702,0,0,0,0,0,0,0,0,0,0,0
1374,Slytherin,Loren,Forrest,0.4,1,0.5659186861110681,0.2343247256177853,0.1680374650520981,0.7656752743822149,0.124526893757663,0.2737198496678535,0.1891969760115831,0.7469522422499311,0.7644981167680995,0.8528380123921655,0.4981646120572008,0.2621949884309107,0.1635471403135449,0,0,0,0,0,0,0,0,0,0,0
1316,Hufflepuff,Ruben,Hyman,0.6,1,0.4392620200114439,0.770137327284861,0.8018329640053172,0.2298626727151391,0.6489151873767258,0.2711527883379383,0.2276226222862488,0.5675333116746984,0.7046228312855898,0.4824786418476724,0.5647068416282964,0.4596544488919096,0.5313979241759673,0,0,0,0,0,0,0,0,0,0,0
1375,Hufflepuff,Tammi,Almond,0.4,1,0.7226543773100537,0.7580998469847755,0.646628673785039,0.2419001530152246,0.8221653606268992,0.2184644806561863,0.1832130761318724,0.5893030609686022,0.8439809080511069,0.3793184221469005,0.7374342249998104,0.4212426005269963,0.2797368306770313,0,0,0,0,0,0,0,0,0,0,0
1201,Hufflepuff,Sierra,Mcclendon,0.2,0,0.6629834681347911,0.626745000477443,0.6984226334748108,0.3732549995225572,0.7844767844767845,0.2879402222714426,0.2915577359950307,0.7822847291375351,0.7162669930124765,0.527941518054506,0.4412165495881256,0.55552770040409,0.286641768358883,0,0,0,0,0,0,0,0,0,0,0
667,Hufflepuff,Leilani,Crisp,0.2,0,0.3115769450845151,0.8937800583177374,0.71364703388513,0.1062199416822626,0.7901274055120209,0.3377012441938609,0.1653145113471724,0.7609718665010835,0.6702770656954623,0.5841359234084722,0.7322592984582602,0.4882430985509016,0.4265427541581622,0,0,0,0,0,0,0,0,0,0,0
875,Hufflepuff,Nancy,Quiroz,0.8,0,0.6568903391429411,0.7800712844287773,0.5819492785840322,0.2199287155712228,0.875846260461645,0.1993945710466574,0.2687153975880436,0.6678842404448476,0.8436815507268727,0.5717525227973806,0.4401635169404202,0.4510134253096086,0.289355973422504,0,0,0,0,0,0,0,0,0,0,0
1205,Hufflepuff,Bettie,Hammonds,0.4,0,0.5343705055441288,0.5075954586018546,0.8540577899151458,0.3050192552525643,0.5985926755157523,0.3393620783025081,0.146095993713562,0.6674992566961309,0.667797026954958,0.3662305001124917,0.4085188573225564,0.4860499966592534,0.4168367568506536,0,1,0,0,0,0,0,0,0,0,0
1532,Slytherin,Christal,Coy,0.2,1,0.6715200346411394,0.251075401649965,0.1822142472780581,0.748924598350035,0.0835865451250066,0.3140189899924753,0.2211160556579688,0.6632532337842831,0.7344994597639729,0.7592660032876613,0.2847987270212225,0.2132218890209594,0.1906457636687367,0,0,0,0,0,0,0,0,0,0,0
825,Ravenclaw,Branden,Ladd,0.8,1,0.8454680420023816,0.2338587064187004,0.7320979987069107,0.7661412935812997,0.7672050748973825,0.737042821754317,0.724753822171147,0.6411336624037139,0.6712832794342122,0.4517499330197787,0.7195646088721585,0.8162583750271613,0.3321535588656794,0,0,0,0,0,0,0,0,0,0,0
591,Slytherin,Rufus,Sizemore,0.8,1,0.5374479996288449,0.2298011841976066,0.2967302668240416,0.7701988158023935,0.0626366010981396,0.3955723885441402,0.2028520429840903,0.5573908671214244,0.8451407203536159,0.777279065263055,0.401171196460566,0.2613738385290832,0.2997568072262996,0,0,0,0,0,1,0,0,0,0,0
60,Slytherin,Vincenzo,Seaton,0.2,1,0.5882266520266614,0.2548377783687736,0.2012172598642815,0.7451622216312266,0.0990457913534837,0.3452747409770136,0.2419001538215094,0.5959930800928606,0.7843418372186982,0.7735998166843558,0.3462647139892909,0.2413026890483591,0.2446475876145394,0,0,0,0,0,0,0,0,0,0,0
760,Hufflepuff,Alaina,Lemay,0.6,0,0.4094536288140049,0.8923397932216024,0.6039459972709907,0.1076602067783976,0.9260088490857724,0.3460733937637892,0.0972516814162521,0.8184048363929619,0.7260262162214948,0.5057177639107078,0.4854367738887151,0.4889252846231897,0.2512051070482477,0,0,0,0,0,0,0,0,0,0,0
1086,Hufflepuff,Mitch,Espinal,0.4,1,0.5924176113078576,0.6508484641433636,0.7431055414464127,0.3491515358566365,0.7367130444053521,0.2563193484683038,0.3852117181588063,0.8092307810615288,0.6838414583948363,0.6941521410854415,0.3056002678349643,0.5710964218077206,0.3919963521083945,0,0,0,0,0,0,0,0,0,0,0
1378,Ravenclaw,Levi,Felder,0.4,0,0.5611555294372361,0.1872046405477108,0.6269020071134055,0.8127953594522894,0.6529132682978838,0.705001596307447,0.6477670057572021,0.6937068603883029,0.6714483160040793,0.6357199601075736,0.6847198558520545,0.8015523523067153,0.367394797411734,0,0,0,0,0,0,0,0,0,0,0
879,Gryffindor,Normand,Kroll,0.8,0,0.4209826330358938,0.7746917127223167,0.2346973172337502,0.2253082872776833,0.810597579828349,0.3375765264819629,0.6284377706262552,0.233528409692027,0.219060266568576,0.4081056489266385,0.5363568106593585,0.2824168926115599,0.7918747557215443,0,0,0,0,0,0,0,0,0,0,0
896,Ravenclaw,Bart,Cranford,0.8,0,0.6313270340070829,0.333943598427754,0.751716878909332,0.666056401572246,0.7919931766085612,0.813190456053768,0.6416535555034761,0.6129946046210645,0.7444693033971183,0.4773474286348956,0.4230509721920696,0.8286969010785281,0.3684153385156555,0,0,0,0,0,0,0,0,0,0,0
1235,Hufflepuff,Dwight,Jamieson,0.4,1,0.4382181463897437,0.8849724152025832,0.767775803487179,0.4929142768321042,0.6866570712724559,0.277572405528603,0.252997134510345,0.5832809147848497,0.7089652691505639,0.5561347575572994,0.574269520089863,0.4187847655216983,0.5388674165110523,0,0,0,1,0,0,0,0,0,0,0
46,Ravenclaw,Laverne,Burrow,0.8,0,0.6455159828650078,0.2904902578723825,0.6694994656562977,0.7095097421276177,0.709792632869556,0.7158015422041841,0.6173385848261856,0.7325436911858884,0.7189320717996347,0.6153757382224617,0.7001902028966733,0.7844974197645309,0.3099839319060233,0,0,0,0,0,0,0,0,0,0,0
916,Hufflepuff,Quinn,Pride,0.6,1,0.9464454170081807,0.6408930003989616,0.5220189465058446,0.3591069996010386,0.829095367556906,0.1102539385312715,0.2578861386080832,0.5413156827692528,0.9478461464576168,0.3641638276360068,0.656769696559945,0.4412191423096299,0.2334216354714031,0,0,1,0,0,0,0,0,0,0,0
938,Ravenclaw,Ivy,Arriola,1.0,0,0.5722327315671748,0.3454460534358421,0.7015464606553221,0.6545539465641581,0.7772269310730849,0.5539004251188042,0.6333700505683271,0.626934046931685,0.7150327548104591,0.7049960862804314,0.6229166876450855,0.8120010286130741,0.516154948538672,1,0,0,0,0,0,0,0,0,0,0
681,Ravenclaw,Corrine,Howland,0.8,0,0.6418817561820516,0.2659405608655447,0.2656449255246693,0.7340594391344554,0.1946265792419638,0.3320978179343375,0.34360222649077,0.5824488685227478,0.681349494437857,0.7166693953216917,0.2859039980212701,0.2928436715872027,0.3155426238763191,0,0,0,0,0,0,0,0,0,0,0
258,Gryffindor,Marcia,Maes,1.0,0,0.5604828108810294,0.7530155537607857,0.2445983343525927,0.2469844462392142,0.7673649981342288,0.425225218259358,0.6789278419318332,0.3015790174895907,0.4164003864998061,0.5584172176894718,0.6012363674047824,0.3042785699807808,0.6637859903591437,0,0,0,0,0,0,0,0,0,0,0
1485,Hufflepuff,Donn,Arthur,1.0,1,0.4138533628195413,0.7760979262937172,0.8037039224894715,0.2239020737062827,0.5861719707873554,0.2803161809599229,0.1515568293771855,0.8071031717578618,0.6995602109942691,0.6365047757792833,0.5286588046538978,0.4731965442643316,0.4110609284752682,0,0,0,0,0,0,0,0,0,0,0
764,Hufflepuff,Edwina,Bowlin,0.2,1,0.387068338926434,0.8646615869999218,0.7969164805886507,0.1353384130000782,0.6334559411482489,0.3320630502793145,0.1195897945305129,0.8331264155928895,0.662110770455698,0.6025681683521913,0.3841328269526264,0.4582878308672641,0.3985104442610848,0,0,0,0,0,0,0,0,0,0,0
501,Hufflepuff,Ruthie,Wallin,0.4,0,0.5482192289253515,0.750467030809828,0.8107167521651739,0.249532969190172,0.6497681113065729,0.178452929634769,0.2775617331754579,0.571318713265273,0.7887406507378565,0.5646772941884244,0.4611091249234672,0.4542545109904943,0.5095105745429279,0,0,0,0,0,0,0,0,0,0,0
778,Slytherin,Hilario,Hollenbeck,0.2,1,0.7633113217759769,0.3355339658088428,0.1826777821083424,0.6644660341911572,0.0371021909483447,0.3665020205450504,0.3064567850685984,0.5076215151717401,0.6419646504520408,0.7449243491748095,0.6343267080520749,0.1319277680050798,0.2678811829591349,0,0,0,0,0,0,0,0,1,0,0
1552,Ravenclaw,Olga,Bostick,0.4,1,0.595031161560707,0.2636071050895401,0.6687249714275119,0.73639289491046,0.7575563729409883,0.6196622296630553,0.6683119466373494,0.666253013952758,0.6367072426422579,0.5865168185762203,0.5841807117058202,0.8004364306452582,0.414535110956703,0,0,0,0,0,0,0,0,0,0,0
1373,Hufflepuff,Catina,Whitehurst,1.0,1,0.5848321296568362,0.748222953077381,0.6860268474422866,0.2517770469226191,0.7550509088970628,0.2058138807444952,0.2619983095591514,0.6322291271462521,0.8056426619967971,0.5631717264689735,0.5618681022264392,0.459094382548614,0.3890215833586659,0,0,0,0,0,0,0,0,0,0,0
655,Hufflepuff,Ella,Schreiber,0.4,0,0.5257566150658027,0.7381166284784638,0.7119849485197334,0.2618833715215362,0.6480622634468788,0.344558494024521,0.2507135675041539,0.686989318415966,0.6665420005464133,0.5296235678650065,0.462671671158421,0.4582794088169887,0.4151648065314631,0,0,0,0,0,0,0,0,0,0,0
1012,Hufflepuff,Damien,Hays,0.8,1,0.5392187185871364,0.8228518233205788,0.7408394517796383,0.1771481766794213,0.6271123194200117,0.3339149195522723,0.1868938186880034,0.7162205958318365,0.6865554497249967,0.5289385676870597,0.677694994555953,0.4134872958986305,0.392973465931298,0,0,0,0,0,0,0,0,0,0,0
547,Slytherin,Trenton,Lowry,1.0,0,0.415229729520746,0.1620993080416148,0.3126461241616827,0.8379006919583856,0.1289514366437443,0.2403569616981485,0.1925612574599397,0.50173160610268,0.9454921753529398,0.7812146414992066,0.4047431832566425,0.3451533065811589,0.3192556564033526,0,0,0,0,0,0,0,0,0,0,0
1110,Hufflepuff,Jordan,Downes,0.6,0,0.4746763991772729,0.8125621408677595,0.7152608446742529,0.1874378591322406,0.6967855429393891,0.3490748503894643,0.0949458728039569,0.9421329215050072,0.687439530320836,0.6061169311113973,0.4915183108604284,0.4821640626623,0.2448864376601381,0,0,0,0,0,0,0,0,0,0,0
234,Hufflepuff,Wes,Dillon,0.6,0,0.6688910195938945,0.5998975321310105,0.7562792235886043,0.4001024678689896,0.5571725571725572,0.2250873354048167,0.2964612928907347,0.6206646283661671,0.7676034407579297,0.5495226017204131,0.5733766285682145,0.4588035410791117,0.4167499022886177,0,0,0,0,0,0,0,0,0,0,0
323,Gryffindor,Lidia,Redmond,1.0,1,0.4215780276201228,0.8312313829230189,0.1800244573279086,0.1687686170769811,0.7420971267125113,0.5057006178489011,0.6709482466046305,0.3946004211991506,0.3592504361558706,0.6879397305373371,0.3370892609897077,0.2860279870345348,0.6684978503495896,0,0,0,0,0,0,0,0,0,0,0
1041,Slytherin,Johnnie,Swanson,1.0,0,0.4186706462737578,0.2198870116936525,0.1853989076290265,0.7801129883063478,0.2102457487072871,0.4041400579152717,0.3370178430413711,0.6105090180254327,0.76402087545858,0.8642934416630954,0.4922029464806395,0.3587097194390468,0.3070091631562948,0,0,0,0,0,0,0,0,0,0,0
64,Hufflepuff,Dollie,Gibson,0.4,1,0.620215579233874,0.6520389543230453,0.8080309093593254,0.3479610456769547,0.768964230502692,0.2217211294521891,0.276297815294521,0.599149144688196,0.6419646504520408,0.4083394280435581,0.3473660643578559,0.5403668869687862,0.4273678724975029,0,0,0,0,0,0,0,0,1,0,0
814,Slytherin,Rae,Farmer,1.0,0,0.6119651114238436,0.2984000402775733,0.2435050210820235,0.701599959722427,0.6333445105435446,0.2889145674203521,0.3297351270802426,0.6325670390326056,0.7217089989194602,0.8055664858646173,0.5244962133862163,0.2896553640880412,0.292048464845616,0,0,0,0,1,0,0,0,0,0,0
976,Slytherin,Stephany,Arrington,0.2,1,0.4500332493079504,0.1703730840624292,0.2086244856796909,0.8296269159375708,0.2633935710858788,0.3007866866088505,0.2969997369572716,0.7339833652513502,0.7122900877731319,0.8570085463563036,0.511795171951926,0.4036329356066883,0.2470578017110349,0,0,0,0,0,0,0,0,0,0,1
998,Hufflepuff,Zackary,Barajas,0.2,0,0.3861791132486893,0.8587892933994437,0.6448279621514114,0.1412107066005564,0.637240791086945,0.3357277312128031,0.2753258650487051,0.8485789285836731,0.6670216953151524,0.8279396603000648,0.1552302986863436,0.4378517258746159,0.415251661093499,0,0,0,0,0,0,0,0,0,0,0
1431,Ravenclaw,Janie,Demers,0.6,1,0.5608307687549294,0.2393005037625446,0.5651007343538534,0.7606994962374556,0.7190681806066421,0.622356556624508,0.7183094623307708,0.5672474539106519,0.655160355439706,0.6314185237309011,0.5774567498629805,0.7547063820612575,0.4599600469014635,0,0,0,0,0,0,0,0,0,0,0
1236,Ravenclaw,Kimberly,Dent,1.0,1,0.4507059678641572,0.151714150872819,0.6687640632832826,0.8482858491271811,0.6141052294898448,0.6722829724560966,0.6016418836436019,0.6261240388261745,0.654941781466822,0.5794051939374769,0.2640313150134361,0.8118480280330757,0.443479393755157,0,0,0,0,0,0,0,0,0,0,0
848,Hufflepuff,Graham,Lake,0.2,1,0.6251101866600683,0.7591252994904841,0.7371975170745655,0.2408747005095159,0.6879897649128418,0.2414100775091041,0.2619543607197425,0.7030773017422083,0.7539785638290196,0.5795880508546568,0.511795171951926,0.4525411852295211,0.3797715725018457,0,0,0,0,0,0,0,0,0,0,1
354,Hufflepuff,Gina,Dooley,1.0,1,0.6809844888112212,0.6740232031772008,0.7317552174813278,0.3259767968227993,0.6799936030705261,0.2234725422668921,0.2242162323945681,0.5102098796449083,0.8098591586110789,0.373509297545005,0.528233430875933,0.4311999905673037,0.3973813349546185,0,0,0,0,0,0,0,0,0,0,0
1148,Hufflepuff,Alonso,Nadeau,0.6,1,0.37823794132657,0.8178985873160723,0.5734801830827071,0.1821014126839278,0.7842635534943228,0.2729331321432054,0.1348451911159901,0.8583811875644077,0.7787349556462173,0.712211823287745,0.4647189616562014,0.4692738339811763,0.2696399878403613,0,0,0,0,0,0,0,0,0,0,0
776,Slytherin,Jean,Walton,0.4,1,0.5569491053616442,0.2065511293469207,0.2206420612726036,0.7934488706530792,0.1719174796097872,0.1950793938269507,0.1527962337960741,0.7522523855526349,0.7983212907061568,0.8200692746241827,0.70497671732174,0.3021969198877741,0.1579884483432492,0,0,0,0,0,0,0,0,0,0,0
0,Ravenclaw,Tamara,Hsu,0.8,0,0.6398867977050245,0.2414855943668419,0.7313508799119366,0.7585144056331582,0.7169358707820247,0.6234988944148684,0.5386788353677823,0.6790809726454082,0.6923535131916837,0.4654896552396417,0.6325706048190499,0.793213118859273,0.3356494549876232,0,0,0,0,0,0,0,0,0,0,0
1471,Hufflepuff,Katrina,Burley,0.8,0,0.5113356942919444,0.731855881833887,0.6309255308925353,0.2681441181661131,0.7083533237379391,0.2851254007255474,0.2028091872282734,0.8419154185104628,0.748056719838505,0.6757075685773016,0.535042619785738,0.4801492275014757,0.2809962218265514,0,0,0,0,0,0,0,0,0,0,0
1385,Hufflepuff,Bobbie,Meehan,1.0,0,0.6247622287861683,0.6442652802240584,0.5666673023516514,0.4929142768321042,0.7441761287915134,0.2523682668545567,0.3525720929091966,0.8788505857992344,0.7630558151537914,0.8025866985346057,0.4499556633263498,0.5191149660394865,0.2528553437269293,0,0,0,1,0,0,0,0,0,0,0
780,Slytherin,Lowell,Champion,0.4,0,0.8472851553438597,0.3809687176470686,0.0905538712938647,0.6190312823529315,0.1004851004851004,0.3135554393770184,0.2823131675494027,0.6484098275546242,0.7581464717274714,0.8133134187610697,0.3422113140468263,0.0999778780812768,0.146653927997568,0,0,0,0,0,0,0,0,0,0,0
543,Ravenclaw,Cassie,Amundson,0.8,0,0.4776069777152312,0.2932289083846242,0.7342335507647194,0.7067710916153759,0.7668319206780746,0.7051296216975533,0.7856399496968719,0.7082845723133213,0.6419646504520408,0.8265368310667001,0.463160236033852,0.8922906797661372,0.4706214443913667,0,0,0,0,0,0,0,0,1,0,0
708,Gryffindor,Alina,Gilbertson,0.4,1,0.5722327315671748,0.7132675537257812,0.1946393912547458,0.2867324462742189,0.6570712724558878,0.2221349865464492,0.6555321609037146,0.2248870517352643,0.2626300067118091,0.4570241390977583,0.4062981800178094,0.1725116631359555,0.7352672949146655,1,0,0,0,0,0,0,0,0,0,0
789,Gryffindor,Carrol,Owen,0.6,1,0.3884524380248365,0.856327790870049,0.3046970564576765,0.1436722091299512,0.844074844074844,0.3329061429543359,0.6831856017202329,0.2152832029932313,0.25297294188101,0.4801730003656619,0.3622883784117263,0.3003421036821765,0.8622486646111088,0,0,0,0,0,0,0,0,0,0,0
1324,Ravenclaw,Homer,Matlock,0.6,1,0.5238003185747645,0.2150576001460434,0.8186679924019318,0.7849423998539568,0.7446025907564369,0.8155740484260878,0.4590815701851126,0.6382873689808419,0.6419646504520408,0.7425156718968348,0.5707287179969014,0.9550537635616072,0.4459547487731793,0,0,0,0,0,0,1,0,1,0,0
570,Hufflepuff,Kathy,Brody,1.0,0,0.7311909438164019,0.6993407119034066,0.7573356703954178,0.3006592880965934,0.8327202942587558,0.2253585731521337,0.2173371032532254,0.5794430130986791,0.80150597748366,0.3113112241188106,0.4485908229831364,0.4938895217903712,0.3291353628349329,0,0,0,0,0,0,0,0,0,0,0
580,Gryffindor,Casandra,Warfield,0.6,1,0.5211403739387285,0.6640009733012813,0.1365725757627861,0.3359990266987188,0.6626152779998934,0.3242680599924382,0.6892829858066535,0.2743409637825095,0.2437522503027357,0.5501978343727667,0.4621749474498131,0.2350378065836852,0.7373735180440354,0,0,0,0,0,0,0,0,0,0,0
977,Hufflepuff,Garret,Whitt,0.8,0,0.5575213027542799,0.8328443991918487,0.7547495450555415,0.1671556008081513,0.7496135188442882,0.1906690491180295,0.2069716645204568,0.7653466985275041,0.7967341593165542,0.6372865859024212,0.6438752191055007,0.4636147776662948,0.3592521822208711,0,0,0,0,0,0,0,0,0,0,0
1301,Gryffindor,Richie,Mcmanus,0.2,0,0.5857600173205697,0.6760586293110521,0.2453271053227892,0.323941370688948,0.7464150541073619,0.317372190527496,0.6954685338163139,0.140899190152761,0.21382398832106,0.3259358934344446,0.6669105203185122,0.2616166743120172,0.8054457810396491,0,0,0,0,0,0,0,0,0,0,0
799,Ravenclaw,Simon,Alicea,0.8,0,0.5106707081329354,0.2615294418665284,0.6613848592068237,0.7384705581334717,0.7506796737565968,0.6595399737794323,0.6207907138026116,0.6290317604685322,0.728077769304873,0.594566868083478,0.6706755232590166,0.8112014953069533,0.4035697224996743,0,0,0,0,0,0,0,0,0,0,0
36,Hufflepuff,Lucien,Burt,0.4,1,0.5225708674203177,0.7745794913383134,0.777519679301834,0.2254205086616867,0.7392718161948931,0.3224327265578736,0.206212054899063,0.5602147981884391,0.6852902686522864,0.3440308446093995,0.777976333504614,0.4686943969222465,0.4611542971294567,0,0,0,0,0,0,0,0,0,0,0
823,Ravenclaw,Nora,Lynch,0.0,1,0.7609065462474677,0.3847099030844586,0.8632784637449772,0.6152900969155415,0.8890132736286582,0.722577002040307,0.7288186815802309,0.7618632501292877,0.7831470272320498,0.6186697525300562,0.5270983595994669,0.8973284695057219,0.3321101315846614,0,0,0,0,0,0,0,0,0,0,0
1292,Slytherin,Franklin,Groves,0.2,1,0.5776719298516926,0.1924901208922029,0.2415078966967091,0.8075098791077971,0.3109973879204649,0.2117648923987407,0.2137144447191562,0.7200064995120845,0.7594939702805827,0.7312475658094775,0.28575478294284,0.3725707297818861,0.1774655838797933,0,0,0,0,0,0,0,0,0,0,0
1331,Hufflepuff,Melba,Cornelius,0.6,0,0.6111532097180769,0.8381277609797052,0.6021273685514934,0.1618722390202948,0.8452476144783837,0.2048365625746997,0.3117993764028642,0.5213458769881317,0.8283673872602508,0.5401363613774441,0.7854650607883595,0.4059214874014556,0.4197463846788553,0,0,0,0,0,0,0,0,0,0,0
868,Gryffindor,Belva,Cody,0.0,1,0.7076612591435597,0.8330206754664381,0.3356767808990958,0.1669793245335621,0.7361266592035823,0.3214989106533402,0.8474280774359816,0.1380622305886744,0.233752863278512,0.4745252177506796,0.4326781430464803,0.2238013878415914,0.889021583358666,0,0,0,0,0,0,0,0,0,0,0
161,Hufflepuff,Fletcher,Wingfield,0.2,1,0.7384361999907211,0.6295553263171434,0.7277047141952714,0.3704446736828566,0.6640545871315102,0.2473167125397866,0.1397256716588825,0.7799653596704069,0.8035324463284121,0.4559120046429833,0.4555294151834756,0.4745988156351438,0.2037390888956442,0,0,0,0,0,0,0,0,0,0,0
1208,Slytherin,Morgan,Bunker,0.2,1,0.7242008567496095,0.2386308641474053,0.1960941470759069,0.7613691358525948,0.1341222879684418,0.2901260361503833,0.2000291845000487,0.6684602604178705,0.722644382273229,0.6809794256197501,0.2219917806831885,0.2267005382813061,0.1590307030876797,0,0,0,0,0,0,0,0,0,0,0
1559,Ravenclaw,Devin,Daly,0.4,0,0.701026862347865,0.251600641420257,0.7435467455699357,0.748399358579743,0.7554773708619863,0.6539920056842863,0.7338104865684125,0.6787075319012608,0.6207219400116457,0.5668184481831067,0.5922344509002522,0.8296572955449042,0.4184218526078082,0,0,0,0,0,0,0,0,0,0,0
1520,Gryffindor,Gordon,Conyers,0.0,0,0.6016578259592039,0.7011628316918453,0.356043181638388,0.2988371683081547,0.8553227783997015,0.2378583701099527,0.7835381113625091,0.1145925538884052,0.2952513466127224,0.3873129802284468,0.3846346988587053,0.3397946367260913,0.8684370521561645,0,0,0,0,0,0,0,0,0,0,0
78,Hufflepuff,Marilynn,Maki,1.0,0,0.7364180443221008,0.6638965690889593,0.5732242980591145,0.3361034309110407,0.7110720187643265,0.2374249834407718,0.2890104687783183,0.6610871357766028,0.8216186182770153,0.5715594292521621,0.4590738794335581,0.4232366612971417,0.2756763799018544,0,0,0,0,0,0,0,0,0,0,0
288,Hufflepuff,Jessie,Chung,0.2,0,0.5925954564434066,0.8068111932068212,0.6127392631633803,0.1931888067931788,0.8121968121968122,0.1613474363822685,0.3181988902134916,0.5061163262865664,0.854654643335183,0.5789128969548659,0.5214422786177095,0.4087451201237032,0.4433056846310853,0,0,0,0,0,0,0,0,0,0,0
733,Hufflepuff,Lauri,Holbrook,1.0,1,0.7204429117114888,0.7011130417861284,0.610871190238824,0.2988869582138717,0.705901167439629,0.2885330482091684,0.3621538966400357,0.5222281228010596,0.7548497493554623,0.4876729966545159,0.5527863002898921,0.4075991598162639,0.4059365093151518,0,0,0,0,0,0,0,0,0,0,0
411,Gryffindor,Tessie,Talbot,0.8,1,0.6898380836026785,0.6083479558431338,0.2787546105642761,0.3916520441568663,0.6333445105435446,0.1989204183838713,0.7255799109454802,0.1300293248591412,0.3293857716024977,0.3796877413359079,0.4408174838442689,0.2823860117605516,0.7772614756590092,0,0,0,0,1,0,0,0,0,0,0
582,Hufflepuff,Bryce,Epps,0.2,1,0.7896478666316131,0.5559700100610326,0.6461752656988469,0.4440299899389675,0.7289834212911136,0.1328391120593327,0.3298755767870781,0.6163012336921998,0.8842983685263167,0.5592268600495368,0.6696044590112327,0.4857080614180823,0.3006036392061493,0,0,0,0,0,0,0,0,0,0,0
57,Slytherin,Tammi,Dexter,0.2,1,0.6102794488347277,0.2854322813828903,0.2805531536332046,0.7145677186171099,0.2140839063915987,0.2785721996238154,0.269568559709297,0.5782635520387541,0.7728050902589931,0.7190419941902695,0.4523173517548887,0.290310880334456,0.2852520953663091,0,0,0,0,0,0,0,0,0,0,0
712,Gryffindor,Young,Duke,0.2,0,0.3823515766357886,0.7361207173538667,0.2567094638548907,0.2638792826461333,0.834692680846527,0.3535893235881133,0.634801335811148,0.1912121653407352,0.6419646504520408,0.3592393389877751,0.4637264751216922,0.3212099791189304,0.8190385199982629,0,0,0,0,0,0,0,0,1,0,0
345,Ravenclaw,Constance,Romeo,0.8,1,0.5643954038631056,0.2229023607701851,0.6448444142103509,0.777097639229815,0.717468948238179,0.3955723885441402,0.6651974898828779,0.601230927505244,0.7185441881947763,0.568130530942385,0.511795171951926,0.8112938571249705,0.3943848525643809,0,0,0,0,0,1,0,0,0,0,1
909,Hufflepuff,Manual,Burris,0.6,1,0.6636097923078113,0.7901648465670176,0.5547620049988068,0.2098351534329825,0.7428967428967429,0.2953014095354345,0.1037260895714729,0.6146998593796602,0.8337189428670106,0.3923020973417631,0.433913439436177,0.3524524168196206,0.2298171711469145,0,0,0,0,0,0,0,0,0,0,0
1066,Hufflepuff,Royal,Houghton,0.6,0,0.4856254736093283,0.8106873806153533,0.7126795495062499,0.4929142768321042,0.7083000159923236,0.4519087391502253,0.0625490772114126,0.6479507296813335,0.6352237398667229,0.2507859032864598,0.6365316164950688,0.4285731530864849,0.3424892517479481,0,0,0,1,0,0,0,0,0,0,0
1496,Hufflepuff,Garry,Saul,0.2,0,0.5818319595440978,0.7566212202023705,0.7085931788180495,0.2433787797976295,0.7204541819926435,0.2433771411616885,0.4147523341120643,0.6925411912522845,0.7077753870859801,0.7148971121033405,0.511795171951926,0.4866861421900363,0.471750553697833,0,0,0,0,0,0,0,0,0,0,1
408,Slytherin,Theron,Donley,0.6,0,0.3765136167514653,0.161683764192617,0.3002633270302627,0.838316235807383,0.3076389999466922,0.2326925890233572,0.2462294382524233,0.8621200479324319,0.6106895614514742,0.8445964348255258,0.62952173278305,0.4729250735104627,0.2569809354236331,0,0,0,0,0,0,0,0,0,0,0
235,Hufflepuff,Kendall,Pacheco,1.0,0,0.2021635247359386,0.5075954586018546,0.6177535725983264,0.1329885854822272,0.7403379711072019,0.4988628356826586,0.1791301289975596,0.8710524994989131,0.5442037714568657,0.6479335654363675,0.5459240466791543,0.5032590527214732,0.3973596213141095,0,1,0,0,0,0,0,0,0,0,0
753,Hufflepuff,Megan,Eubanks,0.4,0,0.4310347493930068,0.7305568464765176,0.8838892867405065,0.2694431535234824,0.5498160882776267,0.4016746811492581,0.2663061321748893,0.6139072155927054,0.5490045682601905,0.4309043932730669,0.4992527733294655,0.4910594321629123,0.5831198158683285,0,0,0,0,0,0,0,0,0,0,0
1161,Slytherin,Man,Sepulveda,0.6,1,0.6272984550670399,0.2299273547596447,0.2263259695625923,0.7700726452403553,0.1838051068820299,0.2452558567141973,0.2177841512139863,0.7057028613405391,0.7336271525602993,0.7593378051604466,0.3283899021632549,0.2876337912869963,0.1937508142615191,0,0,0,0,0,0,0,0,0,0,0
1383,Ravenclaw,Domenic,Carrion,1.0,1,0.5722327315671748,0.0888130333390994,0.7295037616567056,0.9111869666609008,0.5953942107788261,0.8981695147306908,0.5558316184997117,0.7401555268915405,0.8799026457690562,0.6528034557865168,0.5366089488542408,0.9253000636145534,0.2641030095105745,1,0,0,0,0,0,0,0,0,0,0
321,Slytherin,Albert,Hudgins,0.6,0,0.7977978132780724,0.3240086455273684,0.1286863524634988,0.6759913544726318,0.1759155605309451,0.3014777446460919,0.2948922141272423,0.6739312658477834,0.7164055411055676,0.7743981343832222,0.6669143621137503,0.1834740845090986,0.1609415034524688,0,0,0,0,0,0,0,0,0,0,0
58,Hufflepuff,Santo,Call,0.6,1,0.3344416435983484,0.8304206339377895,0.6867392098855409,0.1695793660622105,0.6246601631217016,0.3326481111434463,0.2105728428514215,0.6816558652771423,0.6843115637000529,0.6428592988913663,0.3110152944080554,0.4273662732820568,0.4837364832587832,0,0,0,0,0,0,0,0,0,0,0
559,Ravenclaw,Betsy,Mcnulty,0.4,0,0.3583811453226729,0.2437487842759201,0.5699493658707809,0.7562512157240799,0.684844607921531,0.7950935311622573,0.6657088248108924,0.5697747007282028,0.808358428461461,0.7958527133237496,0.5010216566950165,0.8300222510568275,0.3973813349546185,0,0,0,0,0,0,0,1,0,0,0
772,Ravenclaw,Marlin,Quinonez,0.2,1,0.611323322456428,0.2886566378462643,0.6803678465027666,0.711343362153736,0.7633136094674556,0.6857128369418565,0.7324318535399499,0.6082199491925303,0.7347959084812322,0.6415115160134458,0.6727263856462438,0.8109471493886437,0.4293872410648369,0,0,0,0,0,0,0,0,0,0,0
1222,Slytherin,Erika,Bedford,0.4,0,0.8298176700740764,0.3371657179722429,0.1138038348154565,0.6628342820277572,0.1533663841356149,0.361489083244952,0.3439866250718648,0.8272848825115611,0.4890649910163639,0.7905293910388018,0.6231141448370922,0.1838662713169113,0.1564902071481304,0,0,0,0,0,0,0,0,0,0,0
971,Slytherin,Mickey,Law,0.4,1,0.5592146977405935,0.3478790464806799,0.0999170345760372,0.6521209535193202,0.1043765659150274,0.3825362718276459,0.350210929993091,0.6970748424382787,0.7295010255834488,1.0,0.5901039875537054,0.2091035064364116,0.2552221305424067,0,0,0,0,0,0,0,0,0,0,0
623,Hufflepuff,Fanny,Krieger,0.0,0,0.5030929588791117,0.8402490725067409,0.73621582711914,0.1597509274932591,0.7195479503171811,0.2396293333325974,0.3192156838250364,0.5246021670355139,0.7343436049382464,0.5545677870814082,0.4020868952590683,0.4245159707339367,0.5489208320667044,0,0,0,0,0,0,0,0,0,0,0
414,Hufflepuff,Rene,Cushing,0.6,1,0.4525462783972287,0.7921129196821713,0.744961619539762,0.2078870803178288,0.6583506583506584,0.4204760853792058,0.1455726853446684,0.7737210681331326,0.6069598170207338,0.4602139538489203,0.4962753213302836,0.4692322851998193,0.3713466799843662,0,0,0,0,0,0,0,0,0,0,0
73,Hufflepuff,Mellisa,Musgrove,0.6,0,0.5459845661351932,0.7549186757589755,0.768988960571245,0.2450813242410246,0.6330294791833253,0.2340711121512426,0.2571341486300597,0.5000697964834283,0.7557325062545447,0.4687450068884353,0.5916869842245638,0.4168187782524694,0.5191297172884006,0,0,0,0,0,0,0,0,0,0,0
1290,Ravenclaw,Barrett,Sweeney,0.6,0,0.6832578135873684,0.1808638749800038,0.7697779948852993,0.8191361250199963,0.6825523748600671,0.613970059359775,0.660054675862289,0.7755642356080079,0.654658480230683,0.6162467234335465,0.3473128347566745,0.8495995876564192,0.3549745950406045,0,0,0,0,0,0,0,0,0,0,0
387,Hufflepuff,Shirley,Doty,0.0,1,0.5079102423333282,0.7566148807933664,0.6658692372486499,0.2433851192066337,0.7803720880643958,0.2372031552808284,0.1930710544573814,0.854844455056703,0.7766405668686899,0.5839482928558049,0.6838130102711898,0.5086528144526881,0.2770009119729014,0,0,0,0,0,0,0,0,0,1,0
629,Hufflepuff,Migdalia,Allison,0.2,0,0.7152003464113944,0.8155310885615898,0.532422701483804,0.1844689114384102,0.8520176981715444,0.1891041073166859,0.2730183650107975,0.6466082597134567,0.6419646504520408,0.599837429842458,0.4483427862699464,0.3925048805781349,0.26714291918183,0,0,0,0,0,0,0,0,1,0,0
785,Hufflepuff,Asia,Bledsoe,0.8,0,0.4738799622659017,0.7860965980372979,0.6646630332305532,0.2139034019627022,0.8246175169252092,0.1706426535162643,0.3155803967334326,0.8999155105883166,0.7791450256018942,0.8687384840099024,0.5567796613335633,0.5417357508735058,0.3413167151604638,0,0,0,0,0,0,0,0,0,0,0
164,Ravenclaw,Patrick,Cox,0.6,0,0.6473872229868703,0.3330757045646472,0.847518593387446,0.6669242954353528,0.7462018231249001,0.6019520915709349,0.587695445882796,0.6672480268086992,0.6214425381393407,0.4480267448457855,0.5731075150194702,0.8020363394625276,0.436096755982108,0,0,0,0,0,0,0,0,0,0,0
1216,Slytherin,Reed,Cuevas,1.0,1,0.4546494904350247,0.166841957189421,0.201910787627855,0.8331580428105791,0.2756543525774295,0.2879378623610327,0.2100719382746716,0.6803832704915009,0.8208899943513774,0.7869579164472348,0.4627274860433896,0.388293293970542,0.1941416597906805,0,0,0,0,0,0,0,0,0,0,0
510,Ravenclaw,Jacquelyn,Luckett,0.2,1,0.5481109753645825,0.1773421352119666,0.620030264104427,0.8226578647880335,0.6517404978943441,0.6911932750095189,0.5803066985085972,0.7419866375171684,0.7190917985732953,0.6437258252693903,0.4541654208346752,0.8057162139627491,0.304142962609111,0,0,0,0,0,0,0,0,0,0,0
795,Gryffindor,Rosario,Tanaka,0.2,1,0.6305305970957116,0.6997498519085358,0.2089446647558696,0.3002501480914642,0.6679460525614372,0.2335696757932932,0.6536324274014033,0.1201389745083796,0.1392568912827664,0.2888311160216151,0.5054882091431208,0.1645452457806933,0.8268120033004733,0,0,0,0,0,0,0,0,0,0,0
1153,Gryffindor,Geri,Shields,0.4,1,0.7083571748913599,0.7827564965367666,0.2826701004424973,0.2172435034632335,0.6534996534996536,0.0692278160603259,0.6770255373005829,0.0457782136077655,0.1018835239701222,0.2676138663639638,0.8477878035070902,0.093743876467612,0.9337733964476485,0,0,0,0,0,0,0,0,0,0,0
1358,Gryffindor,Leif,Cantu,0.4,0,0.5355303651237957,1.0,0.3335206918330934,0.0,0.7312223466069621,0.1757909587699873,0.6877397286823242,0.1702297113449,0.1655218716413658,0.4852595359400358,0.3469064420577183,0.1291167683582451,0.950102054110392,0,0,0,0,0,0,0,0,0,0,0
442,Ravenclaw,Belle,Noe,1.0,1,0.3387795184263025,0.2216453547906165,0.7536313970033399,0.7783546452093836,0.7311690388613465,0.7580131775322194,0.6783681276308519,0.5882636303748555,0.8589738776663532,0.7182455258553097,0.6370091823317661,0.9204032028495728,0.4800668780127676,0,0,0,0,0,0,0,0,0,0,0
974,Gryffindor,Nelson,Lin,0.6,1,0.577030140884277,0.7499852076286992,0.1551818623400856,0.2500147923713008,0.6461964923503385,0.326554453126513,0.6108199185116323,0.2644876711421564,0.2303018469647244,0.4573545359933531,0.6110109806739078,0.1670698957181739,0.7116862813219265,0,0,0,0,0,0,0,0,0,0,0
229,Hufflepuff,Leandro,Mcdaniels,0.2,1,0.629850146142307,0.7934515919967596,0.6863656040303583,0.2065484080032404,0.7992430300122608,0.2972371756313406,0.1874272876668231,0.7970909268742521,0.7435061971926186,0.5158007059848169,0.4289653810396962,0.4750216025589563,0.2585008902592609,0,0,0,0,0,0,0,0,0,0,0
406,Slytherin,Minh,Fisher,0.2,1,0.4683049038863028,0.2512386127403713,0.2097253391645543,0.7487613872596287,0.6333445105435446,0.2580771695344817,0.3100473781869312,0.7127994028266111,0.7748149643407278,0.9031615306340632,0.5075814233414258,0.381211753364188,0.2548747122942633,0,0,0,0,1,0,0,0,0,0,0
1408,Hufflepuff,Keshia,Stubblefield,0.4,0,0.6251952430292439,0.6856689103363466,0.7703315281119504,0.3143310896636535,0.6333445105435446,0.3866814278576016,0.2280868204504916,0.7537756324138208,0.63946797469697,0.4153449209523609,0.364285683495106,0.5176714266223258,0.3325009771138229,0,0,0,0,1,0,0,0,0,0,0
1455,Hufflepuff,Scotty,Batista,0.2,1,0.6409384037239225,0.6636502101890384,0.683010828264326,0.3363497898109617,0.7232261847646463,0.1761399194814864,0.3125800888877118,0.8190549028252408,0.8045211565362199,0.739418297676522,0.7592963112211849,0.5153688380771003,0.3050983627915056,0,0,0,0,0,0,0,0,0,0,0
424,Slytherin,Lou,Schulze,0.6,1,0.584035692745465,0.2161436903273018,0.1104230953906115,0.7838563096726984,0.1818327202942588,0.2440299172191567,0.1658776829755983,0.7805352876215856,0.6419646504520408,0.8737788844805638,0.5914733650595332,0.272075176343696,0.0886785078386242,0,0,0,0,0,0,0,0,1,0,0
1130,Slytherin,Kenny,Bearden,0.4,0,0.5858450736897453,0.2573379434624471,0.3554543520874209,0.742662056537553,0.1214350445119676,0.2796416391733838,0.2661155897326884,0.6085366955232505,0.6659428704371396,0.6983739807669328,0.2610956127056562,0.2942987211397399,0.3456594432622574,0,0,0,0,0,0,0,0,0,0,0
436,Ravenclaw,Desmond,Keister,0.2,0,0.5064874812489368,0.1236011234553312,0.7640505117170647,0.8763988765446687,0.5966735966735968,0.7784706691161664,0.6100409982616241,0.7267558659858635,0.7511872889069403,0.6355186769050014,0.3822940345324483,0.8888620630991243,0.3572111000130282,0,0,0,0,0,0,0,0,0,0,0
31,Gryffindor,Kermit,Craft,0.8,0,0.6377835856672286,0.7469077011989289,0.3406708989730221,0.2530922988010712,0.7719494642571565,0.1841885750001575,0.7249241794173916,0.0894051006128235,0.2623802158939111,0.3526178363145839,0.5764746248596062,0.2446060979012816,0.8799887089069354,0,0,0,0,0,0,0,0,0,0,0
948,Gryffindor,Millicent,Boles,0.8,1,0.6501554211836753,0.7078145893702016,0.2411429543821665,0.2921854106297985,0.6690655152193614,0.1493079899434778,0.7335265634178403,0.1726859648528501,0.2660960457278131,0.5115367781037033,0.4994171946627023,0.1942461675460228,0.8306553176705608,0,0,0,0,0,0,0,0,0,0,0
1160,Hufflepuff,Justina,Frierson,0.4,0,0.5516137512951765,0.7249819712367096,0.7127816394399685,0.2750180287632904,0.7192814115891039,0.3106555116954826,0.1371887362828378,0.7604402513359902,0.6419646504520408,0.4637210172999248,0.336512524743165,0.4836365177854057,0.292048464845616,0,0,0,0,0,0,0,0,1,0,0
410,Slytherin,Angelique,Lim,0.2,0,0.4208821118723226,0.1359197144032493,0.2942989513961339,0.864080285596751,0.301881763420225,0.204661595093622,0.2041031245813409,0.7322541451465391,0.7672271339613733,0.7793909911248168,0.4038690736944932,0.4473562903451301,0.2340296174056542,0,0,0,0,0,0,0,0,0,0,0
332,Hufflepuff,Lela,Tuttle,0.4,0,0.4707251442092077,0.6778205613112411,0.8057084031358207,0.3221794386887589,0.6694386694386694,0.3946761721012845,0.034913844139272,0.5697747007282028,0.6535757775286745,0.2968276042253145,0.762510690282907,0.5239340632069265,0.3027315759760282,0,0,0,0,0,0,0,1,0,0,0
525,Ravenclaw,Rodger,Mcmillan,0.6,0,0.5862935527272165,0.1693344386750107,0.7064092290551611,0.8306655613249894,0.6775947545178315,0.7500126287927891,0.7204152412171493,0.6437180679918987,0.6562017502809404,0.5895063159637628,0.6074741118484412,0.8528917671089744,0.4256742085378034,0,0,0,0,0,0,0,0,0,0,0
310,Ravenclaw,Jimmie,Brantley,0.6,1,0.54672687626618,0.5075954586018546,0.7401370776823541,0.8566009503362824,0.681326296710912,0.8674346916452529,0.6855492351564073,0.6996099153995105,0.8243965452742956,0.6589517514301997,0.5452806683883616,0.9252178082568664,0.3284839536196639,0,1,0,0,0,0,0,0,0,0,0
481,Hufflepuff,Rogelio,Draper,0.4,1,0.4024480769528169,0.7939484657830177,0.6611283748927066,0.2060515342169823,0.5897435897435898,0.3620878564471337,0.1517667493481516,0.8379730446402546,0.6758093066754833,0.6723312421700316,0.5838877321920362,0.4310935919988282,0.3467016980066878,0,0,0,0,0,0,0,0,0,0,0
348,Hufflepuff,Marvin,Dobbs,0.2,0,0.6528540278057003,0.6135670610752778,0.7172075954080013,0.3864329389247223,0.6739698278159817,0.1678084198858522,0.2932425364429231,0.689327656793297,0.815875689705122,0.6154420943929655,0.7471567880102369,0.498492453000749,0.3582099274764407,0,0,0,0,0,0,0,0,0,0,0
388,Ravenclaw,Kelli,Corbitt,0.2,0,0.4802823871456629,0.1793625809118789,0.6538630989943973,0.8206374190881214,0.6777013700090624,0.7920120705433528,0.4590815701851126,0.748942091397958,0.8257634951279998,0.8609547715908462,0.7212670784710664,0.8976007824646177,0.3571242454509923,0,0,0,0,0,0,1,0,0,0,0
244,Hufflepuff,Karon,Mark,0.6,0,0.7031455391800566,0.6700718071775289,0.6732397217613697,0.3299281928224711,0.7210405671944133,0.1008103055999741,0.3659924700759462,0.806380993273248,0.8588721012433347,0.8257977337228938,0.258649007454774,0.4962651014379814,0.3141529508837452,0,0,0,0,0,0,0,0,0,0,0
1403,Ravenclaw,Juliana,Aranda,0.4,1,0.6008613890478326,0.2462050059430525,0.593271637722327,0.7537949940569476,0.6915613838690762,0.66900040530073,0.692246295956829,0.6493677694057313,0.693910195095977,0.6676913218149098,0.7485756566008027,0.76521822374468,0.3891952924827377,0,0,0,0,0,0,0,0,0,0,0
1422,Hufflepuff,Melba,Bass,0.8,0,0.6056090809272691,0.6326367888116143,0.7329533797428855,0.3673632111883856,0.5967802121648276,0.3533598520954498,0.217913073286864,0.5734018656007922,0.6872166056642263,0.357040814320215,0.5369554839776693,0.4514056121174213,0.4071959004646719,0,0,0,0,0,0,0,0,0,0,0
1463,Hufflepuff,Bob,Blackburn,0.8,0,0.6252802993984194,0.7000788029062084,0.5967658143426229,0.2999211970937917,0.7926328695559465,0.2837090195095406,0.1963984484360331,0.7935345822796276,0.7883286011971613,0.5559545152876526,0.5508778236384647,0.4855662902384511,0.2112302948712381,0,0,0,0,0,0,0,0,0,0,0
834,Hufflepuff,Sherry,Kelso,0.8,1,0.4708720597559655,0.769240177418723,0.5825590369956244,0.2307598225812771,0.74924036462498,0.2201886880067195,0.306365470768575,0.7842227123716203,0.7885285433301658,0.8151692420411832,0.4596745518428378,0.4710267433784441,0.3604247188083554,0,0,0,0,0,0,0,0,0,0,0
1035,Gryffindor,Clifford,Cleary,1.0,0,0.7374773827381965,0.744819201360906,0.3556628342203436,0.255180798639094,0.7551575243882936,0.2018244516017837,0.8159940834116671,0.0714864800370143,0.2441155787059999,0.3738515838205505,0.4334130473430176,0.2377297745866317,0.9027011768793156,0,0,0,0,0,0,0,0,0,0,0
381,Gryffindor,Amelia,Daniels,0.6,0,0.5770069436926836,0.7148475133245988,0.24242398785867,0.2851524866754013,0.6931606162375393,0.1249632694851655,0.7072406101366496,0.5697747007282028,0.2331966935344064,0.4847674026476971,0.3023403505082668,0.2023664276863112,0.863421201198593,0,0,0,0,0,0,0,1,0,0,0
787,Slytherin,Carmella,Brice,0.8,0,0.4865456288758641,0.2417237032444628,0.2803285696943302,0.7582762967555373,0.2208539900847593,0.2202608529611004,0.2700563947408007,0.694179873415145,0.7646356777223016,0.8680222390286947,0.3918756028841964,0.3529869362770838,0.28733660485517,0,0,0,0,0,0,0,0,0,0,0
494,Hufflepuff,Reuben,Battle,0.2,0,0.6500703648144998,0.8436753821014641,0.6169632459843587,0.1563246178985359,0.8118236579775042,0.3165350938334881,0.3257712155161338,0.5230946247275129,0.7331004965722835,0.4519336326121024,0.5191954494546581,0.3976544028513694,0.4235245581274157,0,0,0,0,0,0,0,0,0,0,0
970,Hufflepuff,Constance,Allen,0.2,1,0.6978952414827645,0.6045837856152653,0.7655422580563321,0.3954162143847348,0.7051015512553974,0.2597149985536862,0.2600839327961245,0.7249981551223066,0.7337391276834401,0.4662023535014305,0.3562354528831528,0.5314454091123222,0.3177574152082338,0,0,0,0,0,0,0,0,0,0,0
181,Hufflepuff,Augusta,Blanchard,1.0,1,0.4967601255741305,0.8197025938118677,0.771988172182902,0.1802974061881323,0.6175702329548484,0.2707089519806549,0.2041741640322142,0.4921756056799231,0.7416278325414882,0.4378964581758823,0.4991760806104124,0.3846499150215133,0.5277500325704608,0,0,0,0,0,0,0,0,0,0,0
994,Ravenclaw,Wade,Rau,0.2,0,0.910118614973014,0.3137239455796413,0.8038318468247537,0.6862760544203589,0.8508982355136201,0.7965074809444862,0.8586601878316621,0.6667140395705718,0.7319434559009574,0.5636740574585714,0.705765041576627,0.8716064050253808,0.351934685369349,0,0,0,0,0,0,0,0,0,0,0
360,Hufflepuff,Fran,Mcfall,0.8,0,0.5227564449530644,0.8217986190607814,0.7284119537881019,0.1782013809392186,0.7972706434244895,0.2927342152051795,0.1945710305746464,0.5697747007282028,0.7139311663277125,0.5407023593415407,0.3366266205131342,0.4933311398571288,0.339167064750076,0,0,0,0,0,0,0,1,0,0,0
602,Slytherin,Oliver,French,0.6,0,0.6716669501878972,0.1769384448688118,0.2024276461246185,0.8230615551311883,0.2198944506636814,0.2769624538432256,0.1791059176793449,0.6687851469645777,0.7562369561566167,0.6387252576933418,0.5861999949349896,0.3008805534297678,0.1354062622139228,0,0,0,0,0,0,0,0,0,0,0
84,Hufflepuff,German,Bronson,0.8,1,0.641162643242658,0.728171610223675,0.6830898610317009,0.271828389776325,0.8087851164774242,0.1577176635501671,0.2088186625113832,0.662602939640899,0.8643846206080598,0.5241468810884276,0.3297106627293664,0.4726777459673814,0.3076605723715638,0,0,0,0,0,0,0,0,0,0,0
1445,Gryffindor,Tyra,Tellez,0.8,1,0.7666362525710221,0.5629352374889306,0.2032157938540464,0.4370647625110695,0.5576523268830961,0.0210005613887578,0.8262731990211787,0.0987215670685475,0.2421474766218867,0.5459546486747038,0.4447072401967359,0.1578693672625926,0.8825943457680115,0,0,0,0,0,0,0,0,0,0,0
740,Hufflepuff,Garry,Sonnier,0.2,1,0.4559408007670538,0.8091084994632164,0.573526888763884,0.1908915005367835,0.7411375872914334,0.3324104222814512,0.3624999169908969,0.7489953356831639,0.6673114428422213,0.7570757545229225,0.5347722930580029,0.4571143585289261,0.4230902853172363,0,0,0,0,0,0,0,0,0,0,0
647,Hufflepuff,Tena,Holden,0.6,1,0.6167591976864668,0.6741408494381395,0.6642599350257788,0.3258591505618607,0.7742950050642358,0.247438939813091,0.3527072697279318,0.6419139327928653,0.7469703531937604,0.5693831422313473,0.7159581418711835,0.5054327838974896,0.3978807486863248,0,0,0,0,0,0,0,0,0,0,0
1371,Ravenclaw,Eula,Stinson,0.4,0,0.5176066684193433,0.5075954586018546,0.7514280148811078,0.7752867699149278,0.665600511754358,0.6214690816643906,0.5225883948695395,0.6357168961589822,0.618723767582431,0.4393170994455748,0.3774154182645395,0.7935572999805173,0.4281278499153168,0,1,0,0,0,0,0,0,0,0,0
584,Ravenclaw,Gena,Mendez,0.2,1,0.405386387887973,0.1654483455375454,0.6100976528340497,0.8345516544624546,0.6332960179114026,0.6814256745684113,0.6200161042073865,0.4997295733979923,0.6686688419851797,0.5366758919867979,0.6198791964357647,0.7806156967927149,0.5001737091240718,0,0,0,0,0,0,0,0,0,0,0
869,Gryffindor,Virgil,Mackay,0.6,0,0.3116388042620973,0.803509513891875,0.3166770157806057,0.196490486108125,0.939282477744016,0.2805955984420177,0.5931370455846232,0.1953580878346649,0.2299475510541505,0.3334454714832823,0.4346130117261796,0.3536258891579578,0.8503061623311765,0,0,0,0,0,0,0,0,0,0,0
746,Ravenclaw,Sung,Poindexter,0.8,1,0.9723025532375548,0.2550971074937574,0.568972881827727,0.7449028925062428,0.8234447465216695,0.717709747478905,0.7759603579217738,0.7295067483875156,0.6465696974044004,0.5391664273170105,0.5166477910173458,0.7642541797231842,0.2223911060928475,0,0,0,0,0,0,0,0,0,0,0
83,Gryffindor,Rosita,Riddick,1.0,1,0.6224889040100212,0.6570015628706417,0.2454872495507515,0.3429984371293584,0.7531851378005224,0.2659707703347445,0.7590077680516666,0.222187522147461,0.3347980533821501,0.527907238614809,0.7156396740495342,0.2976987028358169,0.7592608676770747,0,0,0,0,0,0,0,0,0,0,0
1182,Hufflepuff,Tamela,Settle,0.2,1,0.8395682229404761,0.5662585050471701,0.6680696511461527,0.43374149495283,0.6263660109813955,0.2109157197672324,0.2898428984306951,0.7241533031271937,0.8244808693883797,0.5660924367786518,0.612551087072089,0.4576118209651781,0.241585964302775,0,0,0,0,0,0,0,0,0,0,0
1511,Gryffindor,Flossie,Zuniga,1.0,0,0.7564372206671512,0.5391802292018949,0.2021508710835059,0.4608197707981052,0.7062210139133217,0.3955723885441402,0.63260061003593,0.1117379979839743,0.2099930093287743,0.1642055935558481,0.4188323316178155,0.2283638932106484,0.7085378034481262,0,0,0,0,0,1,0,0,0,0,0
1554,Gryffindor,Kendrick,Lahr,0.2,1,0.6440313626030342,0.7418792286614342,0.3033378667751599,0.2581207713385658,0.7537182152566768,0.2670882210910045,0.7712258305199113,0.1281072945649896,0.6419646504520408,0.3947273468132145,0.3969256420433944,0.2488553030001026,0.8651582924393104,0,0,0,0,0,0,0,0,1,0,0
1057,Ravenclaw,Tameka,Cooney,0.8,1,0.4147271237028904,0.2992168510451485,0.7256215496540588,0.7007831489548516,0.7419372034756649,0.8027172716873563,0.6031941986292657,0.6333352176976086,0.8320050439173051,0.6370760243014998,0.5279954026507383,0.862512836608295,0.3959048074000087,0,0,0,0,0,0,0,0,0,0,0
1263,Slytherin,Troy,Burden,0.6,1,0.519794936826315,0.2473080978965702,0.3274753591262964,0.75269190210343,0.1008582547044085,0.2512558902800887,0.2484632550445107,0.5327567881127814,0.8336866254098081,0.7832237886126857,0.4396052603539638,0.2862646466472666,0.3486559256524949,0,0,0,0,0,0,0,0,0,0,0
29,Hufflepuff,Brandy,Andrus,0.8,1,0.566026939671837,0.7186670349517762,0.6220148712132273,0.2813329650482238,0.7740817740817741,0.3347364844460999,0.0942849602142872,0.8402912163061802,0.7524403156991103,0.4800034453469322,0.5543625487390554,0.4861712741832149,0.1767707473835063,0,0,0,0,0,0,0,0,0,0,0
598,Ravenclaw,Hunter,Isom,0.8,1,0.6628597497796267,0.1902519845486227,0.6363308098739626,0.8097480154513774,0.7601151447305293,0.7197009800166232,0.7162238200343621,0.638287817915854,0.7102730173793964,0.5757364649406121,0.5529456637778764,0.8336889310116168,0.3545403222304252,0,0,0,0,0,0,0,0,0,0,0
104,Ravenclaw,Jermaine,Hilton,0.8,1,0.6329972318018032,0.3276842758035821,0.7920386833149756,0.6723157241964179,0.8282957513726744,0.7003160825723562,0.7629127482073084,0.7945637155540674,0.7545733551353875,0.7660566569726719,0.6467819034721609,0.904983832470822,0.3743865896556216,0,0,0,0,0,0,0,0,0,0,0
922,Slytherin,Waylon,Manson,0.6,1,0.5533535406646769,0.2451953669314414,0.3259270941230763,0.7548046330685587,0.1635481635481635,0.2533421317842949,0.2655869973889918,0.5571693383240647,0.7871669074144106,0.7408115416496341,0.6854466393088791,0.3095215770120705,0.3327181135189125,0,0,0,0,0,0,0,0,0,0,0
721,Ravenclaw,Rosalinda,Ketchum,0.4,1,0.6776750228105717,0.1919353941452554,0.8067912520421774,0.8080646058547449,0.7387920464843543,0.7220895507119128,0.6927602246515269,0.7547815093749047,0.7556788671113462,0.6242234603467991,0.4051813262393707,0.9096372959828508,0.3308724540756503,0,0,0,0,0,0,0,0,0,0,0
27,Hufflepuff,Georgianna,Wooten,0.8,1,0.4435380356618159,0.7964555828428694,0.6601072336293321,0.2035444171571305,0.7393251239405085,0.2559507240652113,0.3710406460189874,0.5175740152127861,0.7339513380331292,0.6234517582004853,0.6150952611272902,0.4466112196307891,0.5594953749945717,0,0,0,0,0,0,0,0,0,0,0
1179,Slytherin,Carole,Thomas,0.4,0,0.4235265917139632,0.1842047893270054,0.3229625104600471,0.8157952106729949,0.3222986299909376,0.1923653609087924,0.2570744301498373,0.789098216169149,0.6783989074512363,0.8260221675473934,0.4646392974051442,0.4549397851478827,0.2760237981499978,0,0,0,0,0,0,0,0,0,0,0
1381,Ravenclaw,Diane,Maldonado,0.8,0,0.6403816711256823,0.2874911517567223,0.6852347979932463,0.7125088482432779,0.8364518364518365,0.8059936082266081,0.8226583741576688,0.5709493435915468,0.7456406244888518,0.615655819517865,0.7230798364701143,0.8647648928518696,0.4339253919312112,0,0,0,0,0,0,0,0,0,0,0
361,Hufflepuff,Connie,Altman,0.2,0,0.6097227162364877,0.8054847848716166,0.6892847783785394,0.1945152151283835,0.8650780958473266,0.2995941712192219,0.2282331931278904,0.6451267064846832,0.7317557250756058,0.4050649558192059,0.6034015150344938,0.4772478311816869,0.3466365570851609,0,0,0,0,0,0,0,0,0,0,0
589,Ravenclaw,Mindy,Luster,1.0,1,0.4679569460124028,0.2042049687554264,0.7080540309629569,0.7957950312445737,0.6681059757982836,0.8311517386382041,0.6394646105741617,0.6982195395490616,0.7980169354485573,0.6817651581109438,0.4193058995510113,0.8793678858239488,0.357319668215573,0,0,0,0,0,0,0,0,0,0,0
1487,Slytherin,Felipe,Carvalho,0.6,0,0.5715942656542381,0.200292667943979,0.1965116437440705,0.799707332056021,0.182472413241644,0.2696972861419472,0.2024457500133611,0.7275174151574623,0.7480054081545475,0.7864756900819313,0.4715188610129709,0.3074840023155024,0.1729708602944369,0,0,0,0,0,0,0,0,0,0,0
1033,Ravenclaw,Tiffany,Timm,0.8,1,0.6085473918624252,0.1224422898827147,0.6132852863189995,0.8775577101172854,0.6966256197025429,0.6425072606385263,0.6757900359259179,0.7051098687521644,0.7320455532519088,0.6709887431257701,0.3147280247076277,0.8383634496493346,0.3299387675337647,0,0,0,0,0,0,0,0,0,0,0
988,Ravenclaw,Landon,Barclay,0.8,0,0.6638108346349535,0.1799653856216493,0.6403075994661849,0.8200346143783509,0.7343141958526574,0.7305200796821356,0.8236415172577239,0.6337863021181748,0.6849225967754181,0.6750520943282061,0.5436973071857828,0.847010930136847,0.4171624614582881,0,0,0,0,0,0,0,0,0,0,0
538,Slytherin,Anderson,Serrano,0.2,0,0.5418090716483924,0.2301875645625602,0.3408466326242071,0.76981243543744,0.2319420011727704,0.1798176382644148,0.2255021498619847,0.6965771560906047,0.7251505390518702,0.7562412563666403,0.5098789345754682,0.3571272161923468,0.2789985668997264,0,0,0,0,0,0,0,0,0,0,0
226,Hufflepuff,Reva,Stewart,0.4,0,0.7293506332833305,0.6172777493723977,0.6403572755391606,0.3827222506276023,0.8338930646622954,0.2844694423109994,0.2890664715035471,0.8437258843286919,0.7395189803254256,0.5483932155025297,0.4178285048500211,0.5584173058534939,0.1970947148999001,0,0,0,0,0,0,0,0,0,0,0
1500,Ravenclaw,Marty,Seifert,0.8,1,0.6089649413111052,0.2808043772548985,0.74997720367138,0.7191956227451015,0.7187483341329496,0.6180938425370508,0.6639132253051562,0.6627695796133679,0.6715456804900567,0.5967436189312775,0.6999421086042693,0.8059357487399215,0.4359447604985452,0,0,0,0,0,0,0,0,0,0,0
1029,Hufflepuff,Salvador,Bills,0.8,0,0.6465134621035213,0.6579528222415215,0.8213304114340237,0.3420471777584786,0.7219467988698758,0.2061003847928095,0.2134950266382862,0.8354302172040367,0.7686418542772067,0.5648421357392304,0.6394638544302726,0.5548825713530132,0.2935032787597169,0,0,0,0,0,0,0,0,0,0,0
552,Gryffindor,Leona,Joyner,0.4,0,0.6137280979849373,0.728077555966371,0.2812888411232184,0.271922444033629,0.7334612719228104,0.1827368671995542,0.6940037605534916,0.1305847343904263,0.2465162465584604,0.3874799218346903,0.7928083898362661,0.2211397392196354,0.8457028705432754,0,0,0,0,0,0,0,0,0,0,0
1123,Slytherin,Phillip,Riggins,1.0,0,0.6096144626757187,0.195118149810737,0.1911792345129436,0.8048818501892631,0.1541660003198464,0.2022149548805379,0.1364189556974474,0.7390631434296944,0.8173374288461264,0.7914884461787078,0.4621705934206118,0.2754240642681044,0.1206627003083336,0,0,0,0,0,0,0,0,0,0,0
750,Hufflepuff,Renate,Goff,0.4,0,0.6855852651439,0.7080964979982716,0.772258607870376,0.2919035020017286,0.757396449704142,0.2645880562298259,0.2616845248593291,0.7191677037294635,0.7325715453489661,0.4742475013789285,0.659011194406141,0.5099492487250423,0.3373214053068137,0,0,0,0,0,0,0,0,0,0,0
1177,Gryffindor,Lowell,Lerma,0.6,0,0.4642995221378532,0.9263019633855888,0.3241961428005124,0.073698036614411,0.7715763100378485,0.1828550308543922,0.6521190940978265,0.1286252004908858,0.1340062458266907,0.3781490703889102,0.6306236649369898,0.1737463357062932,0.9602206105875712,0,0,0,0,0,0,0,0,0,0,0
1328,Gryffindor,Christi,Dykes,0.6,1,0.7532746702132596,0.8296195846530257,0.2731144866232488,0.1703804153469743,0.7095794018870942,0.3438785146927781,0.7941076154141646,0.2449236552158682,0.2561918090956961,0.5221298800480471,0.3494279464877962,0.199094180419407,0.7713336518000609,0,0,0,0,0,0,0,0,0,0,0
1117,Hufflepuff,Odessa,Melancon,0.4,1,0.5215656557846063,0.8099573715264006,0.5893776442868902,0.1900426284735994,0.7962044885121808,0.2680420551947764,0.390115525445779,0.6279136282199923,0.7326731876400018,0.6882372839184593,0.2098379205258075,0.4487394717353181,0.4565292917010466,0,0,0,0,0,0,0,0,0,0,0
1587,Hufflepuff,Juliana,Delgadillo,0.6,1,0.6378686420364041,0.7456002438842888,0.6950071911692927,0.2543997561157112,0.6845247614478385,0.2537800266244939,0.2661386777889263,0.635741415532086,0.7662242913910331,0.5371192687251415,0.3662096868610492,0.4287494546722448,0.3851131280670517,0,0,0,0,0,0,0,0,0,0,0
1507,Slytherin,Sheldon,Boatman,0.8,0,0.6917557181077277,0.2603581295864983,0.229800881714651,0.7396418704135019,0.186363878671571,0.2258486377441468,0.2421386069187979,0.7215397125602334,0.7002964014568296,0.7623331756723698,0.4264208634900475,0.2644894356608701,0.1945759326008598,0,0,0,0,0,0,0,0,0,0,0
1157,Hufflepuff,Sylvia,Kirk,0.8,0,0.5718571671589626,0.7940497885498178,0.7288418383602652,0.2059502114501822,0.7433232048616665,0.2741173172195701,0.2245677298964086,0.565069726615153,0.7526355012950109,0.4256300909139566,0.4180700431324447,0.4364811775598408,0.4292569592217831,0,0,0,0,0,0,0,0,0,0,0
646,Hufflepuff,Rodney,Bradford,1.0,0,0.5466650170885978,0.8507244506242339,0.6718787038366555,0.1492755493757661,0.6448637987099526,0.2198781789524503,0.2758437626039123,0.4808520274862686,0.8060963214794041,0.5701942068447856,0.5637309037805294,0.3428552097960799,0.5115299431102619,0,0,0,0,0,0,0,0,0,0,0
128,Slytherin,Wilbur,Burnside,0.6,1,0.5439896076581662,0.2409346875533048,0.2433721430011428,0.7590653124466953,0.6333445105435446,0.2152902572530226,0.2483720092990698,0.6934040320113107,0.7933735498057108,0.7850561060290575,0.4317676937660047,0.3738997293153043,0.2132279497980631,0,0,0,0,1,0,0,0,0,0,0
116,Ravenclaw,Roman,Stamps,0.4,1,0.5279139538839831,0.1769907547803388,0.71103702671094,0.8230092452196612,0.6429980276134123,0.7522506461182347,0.6229170605304577,0.5775725059023553,0.6390171666505895,0.4673935898592611,0.6604723354584254,0.8163375422997481,0.4440873756894081,0,0,0,0,0,0,0,0,0,0,0
912,Gryffindor,Kaye,Paulk,0.8,0,0.4412028517080865,0.7985262660773947,0.1836172565801395,0.2014737339226053,0.7548909856602165,0.3225947063372088,0.5839498091792609,0.3204631313605847,0.2585617281232722,0.507561361800829,0.5886677121735964,0.2364218301789017,0.7158335866591392,0,0,0,0,0,0,0,0,0,0,0
405,Hufflepuff,Bettie,Jett,0.8,0,0.4800658800241251,0.8721586589570393,0.681823644737379,0.1278413410429608,0.8722213337597954,0.2732958109708934,0.2818563880841619,0.6176483732559174,0.7312306762881357,0.5333430755461697,0.2503464490664231,0.4734435910724021,0.4501671950319191,0,0,0,0,0,0,0,0,0,0,0
536,Gryffindor,Twyla,Hopper,0.6,0,0.4809009789214852,0.684145670296058,0.2070935530215761,0.315854329703942,0.7544112159496775,0.2927515869423317,0.6445468099696405,0.2458146579290902,0.2983832563190846,0.4799723700403357,0.5190107251141695,0.284716954541703,0.7440830329613064,0,0,0,0,0,0,0,0,0,0,0
1254,Slytherin,Isabella,Smoot,0.4,0,0.6435210243879808,0.2131100995434106,0.2241345264026099,0.7868899004565895,0.1746361746361746,0.1934376986154069,0.1528381042897262,0.7601839404332926,0.7498210011241981,0.75522132265289,0.511795171951926,0.2807226568312093,0.1373822035002388,0,0,0,0,0,0,0,0,0,0,1
473,Hufflepuff,Whitney,Jeter,0.2,1,0.6174937754202557,0.7578573362498092,0.5220189465058446,0.2421426637501908,0.6317500932885549,0.3127236405272574,0.0405021071994742,0.7116784988368037,0.7747353983425833,0.3767619078695666,0.7814897761321721,0.3986417478786266,0.2535936075042341,0,0,1,0,0,0,0,0,0,0,0
24,Ravenclaw,Esther,Li,1.0,0,0.8034501956296491,0.2297150892390421,0.8334116028465327,0.770284910760958,0.7727490804413881,0.6912949173182763,0.821811731867499,0.7686552104699756,0.6696661714903043,0.6573297416471504,0.5572377697417269,0.9042205139808848,0.3801407043904981,0,0,0,0,0,0,0,0,0,0,0
1551,Ravenclaw,Paris,Musgrove,0.6,1,0.3516616921578027,0.2140399636352854,0.6567552080690684,0.7859600363647148,0.6765819073511381,0.8318064408850205,0.6269400500123491,0.7553227747311813,0.9157291619199812,0.8599690249804987,0.3208809255467706,0.9032971765357184,0.3209493203630521,0,0,0,0,0,0,0,0,0,0,0
1345,Hufflepuff,Porter,Healy,0.4,1,0.59254906206022,0.5075954586018546,0.6815378555490229,0.2601237427353956,0.6892691508076123,0.3500141028274677,0.3682327416998969,0.5565680264551951,0.6595713607125272,0.4995387257857633,0.6585490414994494,0.4440183510860797,0.4879489295175229,0,1,0,0,0,0,0,0,0,0,0
503,Hufflepuff,Celina,Sperry,0.2,0,0.6575398605075545,0.7175094073520837,0.7624544815082647,0.4929142768321042,0.6247667786129325,0.2214800017826368,0.2499318976562973,0.5550082884690425,0.7875926033353955,0.4709028456147434,0.643094296157831,0.4164251877696112,0.4348156511920789,0,0,0,1,0,0,0,0,0,0,0
444,Ravenclaw,Maureen,Friedman,0.4,0,0.4685059462134451,0.2251196350504203,0.6130365151841632,0.7748803649495797,0.6993443147289301,0.8180170691783863,0.7073621760596228,0.6319125374306129,0.7891720669673055,0.7204484665222953,0.5919528056694031,0.8426123740131464,0.3930386068528249,0,0,0,0,0,0,0,0,0,0,0
203,Ravenclaw,Patty,Prince,0.6,0,0.6445262360236921,0.2456046365042972,0.794780845764768,0.7543953634957028,0.7652859960552268,0.7284337451636118,0.6748947953223445,0.6985433968847742,0.7468603017611906,0.5764604077551851,0.6851669567428778,0.8833731321998005,0.3624223737351804,0,0,0,0,0,0,0,0,0,0,0
99,Hufflepuff,Dovie,Darden,0.2,1,0.7468645129363005,0.6818117178636562,0.7351883621438006,0.3181882821363437,0.6842049149741458,0.265768958553796,0.2064276584145249,0.6040888819075674,0.7776447932346682,0.3631919893791593,0.5731081990315164,0.4363090869992182,0.3227081252442785,0,0,0,0,0,0,0,0,0,0,0
1133,Slytherin,Monica,Schilling,0.2,1,0.5315404481697416,0.2126804609618339,0.2107333308484094,0.4929142768321042,0.131830054906978,0.2627877706243092,0.2109810446281756,0.6847737878453846,0.7959884870691204,0.8404054122437453,0.4969172633298029,0.2908863871032577,0.2164198549528814,0,0,0,1,0,0,0,0,0,0,0
1510,Hufflepuff,Jacque,Oleary,0.8,1,0.4966982663965482,0.7212186206073025,0.661421136608458,0.2787813793926975,0.7377258915720454,0.3709231097221582,0.2799523956927727,0.7887764561608581,0.6473203058348682,0.5965876645073861,0.4646591931334054,0.5179064018250029,0.3573848091370999,0,0,0,0,0,0,0,0,0,0,0
54,Gryffindor,Rena,Conners,0.8,0,0.5306898844779858,0.7106929371069761,0.2800615160118103,0.2893070628930239,0.7725891572045418,0.1658548316096834,0.6184735445900691,0.1137236651976595,0.2322040440699248,0.3019701800437963,0.5850329301871431,0.2407097767089888,0.8447691840013898,0,0,0,0,0,0,0,0,0,0,0
210,Hufflepuff,Neville,Barrow,1.0,1,0.5992917124166834,0.6348176423402522,0.6608656445330716,0.3651823576597479,0.6963057732288502,0.2173313196260453,0.3422054418898836,0.7077181019384541,0.7764084962945607,0.678290152858887,0.5788137834258821,0.5038067667243677,0.3755374126025969,0,0,0,0,0,0,0,0,0,0,0
1573,Gryffindor,Ezekiel,Vallejo,0.4,1,0.6058642500347958,0.651409399514085,0.0526377751850443,0.348590600485915,0.571885494962418,0.2052150364774552,0.5557125405345116,0.2101710428945987,0.013266537483438,0.2824720916163684,0.4041084549809455,0.0781832963792477,0.7507491205975595,0,0,0,0,0,0,0,0,0,0,0
86,Hufflepuff,Rufus,Geiger,0.8,1,0.3493265082040734,0.8209236483317798,0.701380175847466,0.1790763516682202,0.7223732608347992,0.3723772398454333,0.3322248052624511,0.6147225809204256,0.599110139330137,0.5814405473352103,0.5293793008873268,0.4805372032841504,0.5649672124028315,0,0,0,0,0,0,0,0,0,0,0
1176,Hufflepuff,Elma,Hamlin,0.2,0,0.6191021140373939,0.7377501062063332,0.7386832773925747,0.2622498937936668,0.738045738045738,0.2274588970414592,0.2553607236401367,0.6683801279848326,0.7711181088346041,0.527853212174705,0.6520670936725617,0.4759317454586907,0.3791853042081035,0,0,0,0,0,0,0,0,0,0,0
1434,Gryffindor,Roderick,Pellegrino,1.0,1,0.6548335214883318,0.7691231664606086,0.2533672593506988,0.2308768335393914,0.7301028839490378,0.1712323786377155,0.6067340732379946,0.1447237701475404,0.1490527788745525,0.2540420165739422,0.210165181751472,0.1581169755406815,0.8115038867416512,0,0,0,0,0,0,0,0,0,0,0
509,Hufflepuff,Selina,Mccune,1.0,0,0.5499280887060607,0.7781944222020584,0.7439357931227679,0.2218055777979417,0.597313289620982,0.4054173085402335,0.1379551424624212,0.6744387164419956,0.6441172723136392,0.3832017215584616,0.557683107951823,0.4098694638354357,0.3766230946280453,0,0,0,0,0,0,0,0,0,0,0
1325,Gryffindor,Ariel,Lilley,1.0,0,0.6939439865146992,0.6938062516954359,0.2869244503870352,0.3061937483045642,0.7528652913268299,0.2706919715474531,0.7584154488975008,0.1453073800968013,0.2577600641149504,0.3807870897343433,0.7780119229331701,0.2592453056895442,0.806922308594259,0,0,0,0,0,0,0,0,0,0,0
572,Ravenclaw,Kristy,Gibbs,0.6,0,0.3390037579450381,0.2400756342961035,0.5973281607129438,0.7599243657038967,0.6403859480782558,0.6643333067447746,0.6018108487527543,0.7334304151950879,0.797630105602479,0.8546672418002006,0.2559078501359343,0.8120195571236797,0.3898684153385157,0,0,0,0,0,0,0,0,0,0,0
1406,Gryffindor,Clarissa,Muniz,0.2,1,0.5909639206346752,0.5075954586018546,0.3012819226321589,0.3287620522518519,0.7601684524761448,0.2079257856574818,0.7134466415351823,0.5697747007282028,0.325288081387504,0.408600076942988,0.6699743742731236,0.2825889831721825,0.8308724540756504,0,1,0,0,0,0,0,1,0,0,0
715,Slytherin,Murray,Bagley,0.4,0,0.711156302676956,0.2449708028488506,0.0722111614463426,0.7550291971511495,0.1680793219254757,0.2468488404182023,0.1569068969870959,0.7371368714408403,0.8544228753086418,0.8204278688035472,0.3926090844362587,0.205817783889067,0.0410822078429669,0,0,0,0,0,0,0,0,0,0,0
1440,Gryffindor,Winnifred,Gunter,0.6,1,0.6365309373211883,0.7683886576726522,0.3181889707550244,0.2316113423273479,0.7774401620555467,0.284369003579782,0.7895611726819003,0.1227346456190578,0.1994695722652459,0.3846783350847272,0.5855538924926349,0.2561271819426756,0.8869587875103141,0,0,0,0,0,0,0,0,0,0,0
744,Gryffindor,Rosalba,Timmerman,0.4,1,0.5743856610426364,0.8883942240464087,0.3688365867229341,0.1116057759535914,0.7993496455034917,0.1462906186576692,0.6812922432145121,0.068231494544617,0.1441063160402851,0.2850629112159646,0.7300698592458721,0.1854094716623276,0.9662570026490642,0,0,0,0,0,0,0,0,0,0,0
752,Hufflepuff,Granville,Allen,0.8,0,0.6139678022980685,0.6723066920609012,0.7164847531411466,0.327693307939099,0.7196545658084119,0.3860814731779951,0.1581924108967949,0.8208922203975453,0.6602455277626871,0.4144211154589301,0.511795171951926,0.5176133144754272,0.2433230555434924,0,0,0,0,0,0,0,0,0,0,1
537,Ravenclaw,Stephany,Ridley,0.8,1,0.2624839552758146,0.1812526581580427,0.6720145886953562,0.8187473418419573,0.6731169038861347,0.7320321126327383,0.6011789179230923,0.6619413746585051,0.8858823392098595,0.8006642317069965,0.5759461851933425,0.8997919192112027,0.4151430928909541,0,0,0,0,0,0,0,0,0,0,0
668,Hufflepuff,Michale,Langlois,1.0,0,0.7232111099082937,0.6390925894804784,0.5858100966757679,0.3609074105195216,0.8234980542672851,0.1073071234326438,0.3139184180554304,0.603425328158722,0.9281776131169476,0.5992052656050364,0.511795171951926,0.4717962380385836,0.2963911929474095,0,0,0,0,0,0,0,0,0,0,1
338,Gryffindor,Cathrine,Robey,0.4,1,0.3358644046827397,0.8096710029271463,0.2791114112736857,0.1903289970728537,0.871954795031718,0.4441850227072541,0.7646542629168709,0.3014874003084936,0.340304434650047,0.6531994604633746,0.2566298119122415,0.3913184944293756,0.8096582272983889,0,0,0,0,0,0,0,0,0,0,0
1072,Hufflepuff,Chas,Birch,0.6,0,0.6272211310950621,0.7206544414362308,0.6806285337050834,0.2793455585637692,0.7457753611599766,0.3208889418333223,0.1165369311912479,0.7193363526426145,0.7551654654845128,0.3809977542322034,0.3194683847927883,0.4607439814625058,0.2450384331437008,0,0,0,0,0,0,0,0,0,0,0
788,Ravenclaw,Brianne,Redmond,0.4,0,0.6525679291093824,0.2401835349672421,0.646737071196945,0.759816465032758,0.7290900367823444,0.8153369685123799,0.7716739142112998,0.5118563726318285,0.7413471592768273,0.5542589467567246,0.3484531437533585,0.80512947779358,0.4293003865028011,0,0,0,0,0,0,0,0,0,0,0
1531,Ravenclaw,Madonna,Sommers,0.6,0,0.5268623478650851,0.2448137936334141,0.7367662440612353,0.755186206366586,0.7386321232475078,0.7306153339254391,0.6823462632095842,0.6226630620161828,0.7436228453568072,0.6079451419667696,0.5751532856394864,0.8608573422592095,0.4317540278803145,0,0,0,0,0,0,0,0,0,0,0
1198,Hufflepuff,Alexandria,Farmer,0.6,1,0.5492476377526561,0.7175317811927898,0.4841126029857875,0.2824682188072103,0.8447145370222293,0.2033841991302697,0.3734611288333045,0.7538949248012545,0.8172162859734328,0.8105488558754361,0.5248909681814782,0.4869797910096304,0.3123072914404829,0,0,0,0,0,0,0,0,0,0,0
659,Hufflepuff,Charlie,Dugan,1.0,1,0.3256653727788689,0.7561152335785616,0.8108644781205683,0.2438847664214386,0.6358547897009436,0.3966573698828882,0.194997786986799,0.6763209862845881,0.5825872249138242,0.4644921493928871,0.5878512254230088,0.5107594499615118,0.5177400442958267,0,0,0,0,0,0,0,0,0,0,0
1240,Hufflepuff,Stephanie,Hackney,0.4,1,0.5781126764919661,0.734340496293098,0.6257986634969839,0.265659503706902,0.7282904205981129,0.3423208772465239,0.3426715585358552,0.5619401699486757,0.6891422777672594,0.499772858626322,0.4612252407186605,0.4425613363884794,0.4457593260085986,0,0,0,0,0,0,0,0,0,0,0
542,Ravenclaw,Katherine,Cottrell,0.6,0,0.4205496187928181,0.3362525075335819,0.8661917972164772,0.6637474924664182,0.8085718854949624,0.651895379550264,0.7531966606103688,0.7321689063630252,0.7925683050108904,0.8370334680069502,0.5230272095719107,0.9463888775035252,0.5083163243149347,0,0,0,0,0,0,0,0,0,0,0
586,Ravenclaw,Federico,Aldridge,0.6,1,0.6250251302908928,0.2684966392585281,0.6391343186999413,0.7315033607414719,0.7549442934058318,0.7554107553688236,0.4590815701851126,0.5697747007282028,0.6637286974964971,0.4626556639733891,0.434666341266514,0.7803607894043875,0.3931688886958788,0,0,0,0,0,0,1,1,0,0,0
379,Ravenclaw,Rusty,Galbraith,0.8,1,0.7928026846883071,0.2272035186610819,0.7983355287588011,0.7727964813389182,0.8096913481528867,0.8022186964838609,0.7157316425870316,0.4898095067875741,0.6848794590352355,0.2825674724091512,0.3993896460987098,0.8507048413875276,0.407087332262127,0,0,0,0,0,0,0,0,0,0,0
1243,Ravenclaw,Alba,Pulido,0.2,1,0.7153859239441411,0.2638498560979901,0.5220189465058446,0.7361501439020101,0.8193933578548963,0.70435120143981,0.7126647469358378,0.5032293990521081,0.6790190990934848,0.4211063648731556,0.71645944977588,0.7765879916161303,0.4054370955834455,0,0,1,0,0,0,0,0,0,0,0
883,Slytherin,Brain,Milburn,0.8,1,0.6267030604828109,0.2335429600870764,0.1408682572310499,0.7664570399129236,0.0675942214403753,0.2889025349085746,0.1824373829269875,0.5923373176079045,0.9063797793667184,0.8161238142254734,0.4456846782257907,0.1991461163961035,0.1646111086984844,0,0,0,0,0,0,0,0,0,0,0
1509,Hufflepuff,Leila,Michaud,0.6,1,0.7832995685322364,0.7031668439719008,0.5565827003015901,0.2968331560280993,0.8257902873287488,0.2327820938033415,0.2706309746461585,0.6421372377068367,0.8484074066976537,0.4911638173951915,0.660067903475224,0.4308513176859127,0.230815998610327,0,0,0,0,0,0,0,0,0,0,0
208,Hufflepuff,Miles,Aguayo,0.6,0,0.7070813293537263,0.7333202448649868,0.7495236705897154,0.2666797551350132,0.7278639586331894,0.2051915193169343,0.2058885005760435,0.6893497540771647,0.808458706215075,0.4830906069601537,0.4056738386189237,0.455394014392723,0.3116124549441959,0,0,0,0,0,0,0,0,0,0,0
669,Hufflepuff,Lulu,Winn,0.8,0,0.582914495151787,0.7495763141263263,0.7242263590674806,0.2504236858736737,0.6205021589636974,0.2933521591272225,0.230121458973182,0.5861785996211771,0.726558770711329,0.4712333030351812,0.4765300498460419,0.4083669700663495,0.4349893603161506,0,0,0,0,0,0,0,0,0,0,0
356,Slytherin,Zenaida,Schramm,1.0,0,0.7871193727479393,0.2949488963400972,0.0334385509317764,0.705051103659903,0.1118396503011888,0.3608275909314788,0.2882256758949093,0.680945558318548,0.7524010866290494,0.8337914551637299,0.5697485009828371,0.1491292442220528,0.1110652712033699,0,0,0,0,0,0,0,0,0,0,0
793,Hufflepuff,Dortha,Borrego,0.6,0,0.4422389929325889,0.7462594121764553,0.7001342705254082,0.2537405878235447,0.6570712724558878,0.2921530346976523,0.3554213213249505,0.618071154865083,0.6802447338666036,0.6545049157161381,0.6605194384187085,0.4694332914663862,0.5331784426977028,0,0,0,0,0,0,0,0,0,0,0
192,Ravenclaw,Charlotte,Evans,0.8,0,0.6177953389109692,0.2189203623964826,0.6650557444932745,0.7810796376035174,0.7702969241430779,0.3955723885441402,0.740627450292485,0.7210867801258782,0.8140495912764318,0.713473023829278,0.6241175203843772,0.8915683485875383,0.3047075172623442,0,0,0,0,0,1,0,0,0,0,0
1015,Ravenclaw,Alice,Sample,0.6,1,0.5857754821149653,0.1016815068572903,0.6645892367708498,0.8983184931427098,0.6474225704994936,0.7721841994754423,0.6431783669939548,0.6646778621423926,0.7747882392951783,0.5968849163410436,0.5402466941011254,0.8605743613699649,0.319668215573023,0,0,0,0,0,0,0,0,0,0,0
403,Hufflepuff,Carla,Tafoya,0.6,1,0.4451386418817561,0.7836046626433657,0.7243944709922758,0.2163953373566344,0.7644863798709953,0.1339770833985683,0.341669591901329,0.8022300429896325,0.7904472884639253,0.8639457418616171,0.6062393630193201,0.527121528501061,0.444130802970426,0,0,0,0,0,0,0,0,0,0,0
1563,Hufflepuff,Stanton,Bruner,0.6,1,0.6317523158529608,0.7070802813382725,0.7901075037004047,0.2929197186617276,0.7714696945466177,0.2384040142236805,0.2660083132035423,0.6354704691049281,0.747709511036592,0.441790592580051,0.2416616186544343,0.5151863603211391,0.4017892039779389,0,0,0,0,0,0,0,0,0,0,0
341,Slytherin,Garry,Sonnier,0.2,1,0.5595162612313069,0.2302399577304501,0.1543927957408718,0.7697600422695501,0.6333445105435446,0.327751169151337,0.2953172094438228,0.7097368447285146,0.7218266249989667,0.8621935731994154,0.5096594970429842,0.3006000991556057,0.2162244321883007,0,0,0,0,1,0,0,0,0,0,0
1180,Slytherin,Matilda,Mitchell,1.0,0,0.5722327315671748,0.2930096273435316,0.230417822793867,0.7069903726564685,0.1186097339943493,0.3458993065948206,0.4590815701851126,0.5667632714497643,0.7050990598738031,0.6866150414122578,0.4931661663987569,0.2108929113848713,0.2663178008424893,1,0,0,0,0,0,1,0,0,0,0
1560,Ravenclaw,Hubert,Upchurch,0.4,0,0.6535267463619071,0.2524705486141844,0.6861292884261477,0.7475294513858157,0.7410309718002025,0.8336592217356121,0.6860934778153451,0.6914764462949164,0.8589392669584778,0.6623278724698473,0.4655230504801865,0.8539153269524142,0.282646458505233,0,0,0,0,0,0,0,0,0,0,0
1336,Ravenclaw,Johnnie,Lassiter,1.0,0,0.3932001299042729,0.2486484859763066,0.8634418898546321,0.7513515140236935,0.7117650194573272,0.8455262417196273,0.6248146456650534,0.5912644998083357,0.870955482017709,0.599208793067151,0.4993815726374915,0.9351061374849178,0.4517088635080558,0,0,0,0,0,0,0,0,0,0,0
1592,Gryffindor,Adell,Dodge,0.4,1,0.6524287459598225,0.6776063858651631,0.3353089433051165,0.3223936141348369,0.8549496241803934,0.3074161345188452,0.7370899060746651,0.1070248241398324,0.2504641171246036,0.2518436914921975,0.5342621332092223,0.3282642884293949,0.8148043600990142,0,0,0,0,0,0,0,0,0,0,0
19,Hufflepuff,Elden,Scholl,0.6,1,0.6284815118383001,0.7185586048218289,0.7886074211080127,0.2814413951781712,0.7683245375553068,0.2326089446450356,0.2588324890544969,0.6325600693714045,0.7560299979856849,0.4471806953333906,0.5312030795456854,0.506723322734651,0.4023103313501542,0,0,0,0,0,0,0,0,0,0,0
1174,Ravenclaw,Candy,Gagne,0.2,1,0.5367288866894515,0.2399430616393311,0.6142950136733891,0.760056938360669,0.7442294365371288,0.5986709702885509,0.6785490852403563,0.6134777111084508,0.6299930268740348,0.60120670108605,0.5616588680219389,0.7846318918339246,0.4527945455335042,0,0,0,0,0,0,0,0,0,0,0
144,Gryffindor,Billy,Le,0.2,0,0.3616287521457402,0.7898957578970003,0.2095144156991264,0.2101042421029997,0.7136307905538675,0.2370478282255363,0.6775995103244027,0.2453999939331741,0.2379955767557028,0.6128738860086641,0.5847374808680977,0.2367794865805857,0.8657662743735616,0,0,0,0,0,0,0,0,0,0,0
656,Ravenclaw,Garland,Inman,1.0,1,0.6595734809705704,0.1358978025948166,0.7519153814484745,0.8641021974051837,0.6613358921051229,0.6242880251422909,0.6574032447013661,0.7121699727284473,0.7102151264405546,0.60552856487198,0.6744399993638326,0.8529773912867717,0.3624006600946715,0,0,0,0,0,0,0,0,0,0,0
1249,Hufflepuff,Dalton,Mcdermott,0.2,0,0.3854058735289114,0.7947536746686241,0.7300325653889085,0.205246325331376,0.6568580414734261,0.3391552173890553,0.173090394441653,0.6277722890511692,0.6801858496306953,0.4857625834904482,0.5604018711713787,0.4455924322825043,0.4699917488166066,0,0,0,0,0,0,0,0,0,0,0
1051,Gryffindor,Abbie,Kiefer,0.8,0,0.7307269999845352,0.6405037356287836,0.24589862737397,0.3594962643712165,0.673649981342289,0.1687292080225092,0.7480013739930088,0.0701812057092464,0.1487997965080176,0.2949195107772487,0.4173857363128597,0.1859263048142123,0.868198202110566,0,0,0,0,0,0,0,0,0,0,0
1276,Hufflepuff,Dominic,Merchant,0.2,0,0.8304826562330854,0.5802966158171599,1.0,0.4197033841828403,0.6333445105435446,0.3527400979306952,0.0519795109621067,0.5163372278415851,0.6880894984241473,0.0,0.5133892943087736,0.4308049964093999,0.3679159247839493,0,0,0,0,1,0,0,0,0,0,0
480,Hufflepuff,Elissa,Breeden,1.0,0,0.5047786214682276,0.7710612340050812,0.7607927568416476,0.2289387659949189,0.6909749986673064,0.402910286644644,0.2440320121289443,0.702684435490211,0.6073325265301055,0.4593266365848664,0.4320951786290797,0.4884121010264239,0.4293003865028011,0,0,0,0,0,0,0,0,0,0,0
1099,Hufflepuff,Samual,Beasley,0.6,1,0.8092417611307857,0.6662738682047791,0.7128459673216593,0.333726131795221,0.8037741883895729,0.1495362718281441,0.2348198643851096,0.5302334155882626,0.8824660827990379,0.5839482928558049,0.4803475059029124,0.4540445212036351,0.3100056455465323,0,0,0,0,0,0,0,0,0,1,0
45,Ravenclaw,Letha,Kim,0.8,1,0.7558804880689112,0.2782286618460082,0.801069260727103,0.7217713381539919,0.8338930646622954,0.723121671470849,0.8307664026838466,0.8086788067819813,0.7882324583093054,0.7813080862940948,0.2596966803189712,0.9300234301438658,0.3312198723237938,0,0,0,0,0,0,0,0,0,0,0
1448,Gryffindor,Lee,Harlow,0.2,1,0.4601085628566568,0.3593102706086347,0.6391296473737106,0.6406897293913654,0.7710965403273096,0.7299805623341257,0.7326214305075723,0.6751541017017925,0.7540364587139914,0.7983545596769086,0.4465015806815686,0.8190455121982169,0.4408520432535719,0,0,0,0,0,0,0,0,0,0,0
294,Gryffindor,Wilburn,Okeefe,1.0,1,0.4265035646351082,0.8618551328003499,0.2016822758095142,0.1381448671996502,0.7048350125273203,0.2147455820675207,0.5986281368870349,0.3196219178655051,0.2821692887859643,0.6284759546977872,0.511795171951926,0.1854813398246753,0.7760455117905068,0,0,0,0,0,0,0,0,0,0,1
1227,Slytherin,Alva,Keen,0.8,0,0.6055317569552913,0.3449458914595535,0.1430627468547528,0.6550541085404465,0.1660003198464736,0.2539518516372385,0.2879511572944154,0.6685781991267713,0.8457439203188276,0.9616679562779632,0.360833811607756,0.217354869825984,0.2188300690493768,0,0,0,0,0,0,0,0,0,0,0
1540,Hufflepuff,Carroll,Call,0.4,0,0.5477939470794736,0.6898732736573754,0.6925273655690481,0.3101267263426246,0.64150541073618,0.3081361713542441,0.1274632882079498,0.7135503393696202,0.7480204495365863,0.4665705566072059,0.511795171951926,0.4512464353672216,0.3064228948625527,0,0,0,0,0,0,0,0,0,0,1
1215,Gryffindor,Michell,Dunne,1.0,1,0.8257581615452423,0.6010255449302747,0.2070235510572494,0.3989744550697253,0.6837251452636068,0.2902135996489106,0.7475854856761897,0.1309008799945065,0.1451635468597189,0.2449578657823636,0.5064584356775921,0.2039076628866634,0.7547661440917185,0,0,0,0,0,0,0,0,0,0,0
1210,Hufflepuff,Aurora,Grimm,0.4,1,0.6504028578940043,0.6970821867703099,0.8089891477923846,0.3029178132296903,0.6972120049043126,0.2588397175402224,0.2858785898678442,0.6857337369645554,0.712130579896445,0.495245750205487,0.4763938675642091,0.5062401777838665,0.405741086550571,0,0,0,0,0,0,0,0,0,0,0
1392,Ravenclaw,Sybil,Wills,0.2,1,0.5188129223821969,0.2988472077497326,0.7535232039514221,0.7011527922502675,0.8200330508022817,0.7747183829088446,0.7134046291546047,0.6473535080028646,0.8106541040969888,0.6624348203770298,0.3439474194065036,0.9007242401766616,0.4095409736396404,0,0,0,0,0,0,0,0,0,0,0
1104,Ravenclaw,Deirdre,Beauchamp,0.4,0,0.4542474057807401,0.2574801592024447,0.7166823381271406,0.7425198407975554,0.6910816141585372,0.7152908595754404,0.6389083743646432,0.7187219603859829,0.7001914304264678,0.6881625676884907,0.5342393067672057,0.8482983808889082,0.4170538932557432,0,0,0,0,0,0,0,0,0,0,0
1469,Ravenclaw,Alden,Guidry,1.0,0,0.4074741351313734,0.2405586277945943,0.7698121372965546,0.7594413722054058,0.6867636867636869,0.7159007739503317,0.6905910814098143,0.5420134503039947,0.6947805163279782,0.5974248346223828,0.4455033916226625,0.8567661909705521,0.5542189603508925,0,0,0,0,0,0,0,0,0,0,0
143,Hufflepuff,Lawerence,Sorensen,0.6,0,0.6932326059725036,0.6838000340971773,0.7348621926622404,0.3161999659028228,0.6996108534570074,0.2925592736103021,0.306262770372792,0.6834695105532187,0.7120307916308954,0.5001523565194498,0.4590404027459284,0.4847833202978711,0.3657228470925436,0,0,0,0,0,0,0,0,0,0,0
725,Hufflepuff,Jacquelyn,Crawford,0.8,0,0.4328054683512983,0.7696004996663363,0.8474516980084585,0.2303995003336637,0.7100591715976331,0.3372169900895281,0.2200271321772251,0.6728851747634274,0.6260140711985362,0.4406929856094316,0.699447117248674,0.5260025187545028,0.4921179484952447,0,0,0,0,0,0,0,0,0,0,0
290,Gryffindor,Carmen,Fulcher,0.2,0,0.5726458716731361,0.8368883237377168,0.2856256741262293,0.1631116762622831,0.7634202249586864,0.3030384019973719,0.6762639478938786,0.1209405353494457,0.0854163063664643,0.2556732765400506,0.4782167401629317,0.1907080642254325,0.8908238155209103,0,0,0,0,0,0,0,0,0,0,0
575,Gryffindor,Tina,Ng,0.6,0,0.563854136059261,0.695361618491762,0.2849715173670512,0.304638381508238,0.7626739165200703,0.2195554946525931,0.7455765425151721,0.1738476104979578,0.3318901311947422,0.5133588928097448,0.5668480559050009,0.2914122037754371,0.8266817214574197,0,0,0,0,0,0,0,0,0,0,0
1502,Ravenclaw,Emile,Hudspeth,0.2,0,0.3220311460959126,0.2535545240826849,0.7210453202289304,0.7464454759173152,0.7221067221067221,0.7092067782977683,0.5823111946870301,0.6291761373626582,0.7439992566594795,0.6279054393885491,0.4628762943501891,0.8661065254607005,0.4634342293828984,0,0,0,0,0,0,0,0,0,0,0
1237,Gryffindor,Isiah,Abreu,0.2,0,0.5807262267448154,0.7556377199423351,0.3927524856137607,0.2443622800576649,0.9215843061996908,0.3861454589936793,0.8077781302451599,0.1807101230889546,0.4010190084039822,0.4630931917323481,0.4508037378135542,0.4095685159056039,0.8031007078646807,0,0,0,0,0,0,0,0,0,0,0
479,Ravenclaw,Laurie,Liddell,0.8,1,0.4059895148693998,0.3495827073017427,0.8124893020816826,0.6504172926982573,0.8135828135828136,0.7686906143993393,0.6494787305743459,0.6578057974253202,0.7811752284269479,0.6424019505984944,0.4976308549551653,0.90693999401473,0.4566378599035915,0,0,0,0,0,0,0,0,0,0,0
273,Hufflepuff,Elvis,Haddad,0.4,1,0.7047616101943924,0.6022222796926822,0.7638068129359425,0.397777720307318,0.6822858361319899,0.2677421095377969,0.2869697024218335,0.8012350648005874,0.7152455536777407,0.5507963219819006,0.3006242939893989,0.541066478611642,0.3010813392973466,0,0,0,0,0,0,0,0,0,0,0
1233,Hufflepuff,Deloris,Peachey,1.0,1,0.6540293521797628,0.7089063281433592,0.7811603841628797,0.291093671856641,0.7225331840716456,0.2766976714302525,0.2535599162634891,0.6628332176808207,0.7215207482798865,0.4395131618559786,0.5411945780142899,0.4928541710765464,0.3804881226386416,0,0,0,0,0,0,0,0,0,0,0
528,Gryffindor,Beverley,Gruber,0.2,1,0.45348189845816,0.7990748044010733,0.2303081570643283,0.2009251955989267,0.7433232048616665,0.3593798980752152,0.7009324648030199,0.2630985232826657,0.2823360712778487,0.5736047308384045,0.1583185233014168,0.2636904638247678,0.7951535154383984,0,0,0,0,0,0,0,0,0,0,0
1458,Gryffindor,Tricia,Burt,0.6,0,0.652026661305538,0.7200694732189058,0.2191778202910606,0.2799305267810943,0.6333445105435446,0.2955132801370324,0.6531659237988557,0.123554832285717,0.0742250663716681,0.1937269025207232,0.3913895352065049,0.1789621114416925,0.8177791288487428,0,0,0,0,1,0,0,0,0,0,0
687,Hufflepuff,Rose,Desimone,0.8,0,0.497688013237864,0.8044100107374447,0.7105856821321149,0.1955899892625554,0.8148088917319687,0.3942980936646882,0.2411217961171215,0.7153880806209088,0.6206192994548183,0.4428661897092032,0.2653563157482127,0.5083479362327266,0.3896078516524081,0,0,0,0,0,0,0,0,0,0,0
1189,Ravenclaw,Bettina,Guajardo,0.8,0,0.6278938496512689,0.2030554904061899,0.6781520866679832,0.7969445095938102,0.7002505464043925,0.5751678331454891,0.6788971950776134,0.6693019955838291,0.6419646504520408,0.556719713184213,0.4572852239559116,0.7904279468332814,0.4405914795674643,0,0,0,0,0,0,0,0,1,0,0
1450,Ravenclaw,Jasmine,Tiller,0.6,1,0.7811344973168581,0.1218891683659283,0.7601559791076535,0.8781108316340718,0.6492350338504185,0.7871089678450957,0.6255396189655622,0.733703723926095,0.6778930950418091,0.4506808407819086,0.3416430941522803,0.8521132889285418,0.2635601684978503,0,0,0,0,0,0,0,0,0,0,0
221,Hufflepuff,Natalia,Newberry,0.2,1,0.5920619210367598,0.7660380834872639,0.5220189465058446,0.2339619165127361,0.7782930859853936,0.3614242610292321,0.2201854608671187,0.6193095514017753,0.7073682137231793,0.3946740190942592,0.450135407596406,0.443902688262301,0.345920006948365,0,0,1,0,0,0,0,0,0,0,0
1042,Gryffindor,Taylor,Hauser,0.6,0,0.4482779951440546,0.6996073774494406,0.1527394452578246,0.3003926225505595,0.6892158430619969,0.2313330896212133,0.6182421875828389,0.2324887820191901,0.1781751416405181,0.4600029470518174,0.206450319522488,0.2093134962232724,0.7968037521170801,0,0,0,0,0,0,0,0,0,0,0
106,Slytherin,Wilma,Marroquin,0.4,1,0.6446035599956699,0.2203315018498012,0.1252380151193454,0.779668498150199,0.175169252092329,0.3058860623923392,0.1910533890149043,0.7658667225284149,0.7257223097987376,0.7777492553238962,0.797953482839945,0.2624128387980268,0.1030312242150518,0,0,0,0,0,0,0,0,0,0,0
316,Ravenclaw,Darwin,Kyle,0.6,1,0.3065586193031563,0.2406748379886368,0.7487480729136424,0.7593251620113634,0.6789807559038328,0.726999593512158,0.6666667106996855,0.5819681808773683,0.7536909124850957,0.6964099081512634,0.4595392634090072,0.8772109987484841,0.5389976983541062,0,0,0,0,0,0,0,0,0,0,0
275,Ravenclaw,Dan,Minnick,0.8,0,0.5266845027295363,0.2062461755912369,0.6151357402311542,0.7937538244087631,0.6333445105435446,0.6816579662892768,0.6323544569691042,0.6132223482009687,0.7416519702755664,0.6289094463408673,0.5147320009422642,0.7834348377548166,0.3926477613236636,0,0,0,0,1,0,0,0,0,0,0
711,Ravenclaw,Paris,Mahoney,1.0,0,0.7307965915593152,0.2342664498344766,0.7462749357454627,0.7657335501655236,0.778346393731009,0.753007887269176,0.6637708530183175,0.6462154402390777,0.649551766371927,0.4145431559492602,0.4947912826944443,0.8397179960685875,0.3487644938550397,0,0,0,0,0,0,0,0,0,0,0
688,Ravenclaw,Theodora,Sawyers,0.4,1,0.3550020877472434,0.2861339391935882,0.5848162674046157,0.713866060806412,0.7420438189668959,0.7068311269100087,0.8046888201949691,0.6390912160690206,0.8341403290508985,0.9612500423184612,0.6023573221826706,0.8516966781749304,0.4889477569809354,0,0,0,0,0,0,0,0,0,0,0
1461,Slytherin,Polly,Lofton,0.4,1,0.3867126486553361,0.1915247039852624,0.3442294249093697,0.8084752960147378,0.6333445105435446,0.2721168155868639,0.3006248487405063,0.6246259177047578,0.7419747598718496,0.7954643165405793,0.430413175970374,0.4352189929586051,0.3670039518825727,0,0,0,0,1,0,0,0,0,0,0
483,Slytherin,Huey,Sparks,0.8,1,0.6752083881044801,0.3470015154703784,0.1510128540945012,0.6529984845296217,0.1701583240044778,0.2995615939843586,0.3151457318269871,0.6623176764783513,0.762679997013113,0.8790683917521802,0.6114343675961282,0.2094106305364455,0.2228688061840448,0,0,0,0,0,0,0,0,0,0,0
1369,Hufflepuff,Bobbie,Snow,0.8,1,0.5761795771925212,0.7942006662362865,0.668179384011543,0.2057993337637135,0.7947118716349486,0.2554293273473665,0.2297424724339589,0.7226177697383035,0.767454272460463,0.5648537854870311,0.6873058698934149,0.4655338821889923,0.33108959048074,0,0,0,0,0,0,0,0,0,0,0
187,Slytherin,Stacey,Wu,0.2,0,0.429766636252571,0.2222800656739713,0.3060836339384588,0.7777199343260289,0.3051868436483821,0.2110764839050301,0.2779528952677794,0.6486478712170499,0.8105943479170163,0.8380099684691221,0.5576079829926383,0.4128997175244345,0.3100490728275503,0,0,0,0,0,0,0,0,0,0,0
1068,Hufflepuff,June,Lenz,0.8,0,0.3956667646103645,0.8479273394614547,0.6298374353996841,0.1520726605385454,0.7907137907137907,0.2608335363172677,0.2483518498843749,0.7083234154180131,0.7553196906584636,0.6824968330308753,0.7329592255680564,0.4617647339558539,0.4167716159291267,0,0,0,0,0,0,0,0,0,0,0
1088,Gryffindor,Grady,Pollard,1.0,0,0.7179994741969905,0.7229544163095108,0.1874427432448658,0.2770455836904892,0.6065355296124527,0.1611922250795072,0.7286872244780856,0.1270789851654691,0.0603256253590803,0.3578426601008209,0.5420450801336417,0.0997805213698296,0.8761019672558302,0,0,0,0,0,0,0,0,0,0,0
507,Ravenclaw,Adam,Henning,0.4,1,0.0809427338663532,0.3087737823070441,0.6921382261778973,0.6912262176929561,0.6662402047017432,0.6479481859754437,0.5443518297081659,0.5957985070859884,0.7615533418325736,0.7669485247246729,0.1595080646254179,0.8351973202158968,0.5742172232596517,0,0,0,0,0,0,0,0,0,0,0
441,Ravenclaw,Marcella,Wakefield,0.6,1,0.4362077231183211,0.2477903599286581,0.6374917155143116,0.752209640071342,0.7272775734314196,0.7128039404127315,0.6641238841221764,0.7409920883908933,0.8467511689916862,0.8385647959273846,0.5598632936977016,0.8638828234530525,0.3514786989186607,0,0,0,0,0,0,0,0,0,0,0
1132,Hufflepuff,Jo,Sheffield,0.2,0,0.5362958724463758,0.7824473456430567,0.6045605437354347,0.2175526543569433,0.8536169305400073,0.1576725285322221,0.2341982929604045,0.7993503687125073,0.863306724920037,0.5839482928558049,0.4873315545236207,0.4903946516611935,0.276588352803231,0,0,0,0,0,0,0,0,0,1,0
560,Slytherin,Thad,Bray,0.0,1,0.6747135146838222,0.276338479928817,0.5220189465058446,0.7236615200711831,0.1999573538035076,0.3015401007595899,0.2736535204113952,0.6193625687576455,0.6986850663938141,0.6819722098636104,0.4209351054220681,0.2727379917003507,0.2537456029877969,0,0,1,0,0,0,0,0,0,0,0
858,Ravenclaw,Alpha,Pritchett,0.8,0,0.5859146652645253,0.3034098842639507,0.6152426393379555,0.6965901157360495,0.7489205181512874,0.7627592967985759,0.742183229361691,0.6230188486422259,0.7112305992032644,0.6667573797364896,0.4797708815238057,0.7927886475254056,0.4106483693055978,0,0,0,0,0,0,0,0,0,0,0
581,Gryffindor,Korey,Baldridge,0.8,1,0.7119527395883272,0.6896477981882746,0.0793074710828057,0.3103522018117254,0.4679886987579295,0.1412989010545987,0.6482649576638619,0.1845998961142277,0.0848474740444903,0.4415213572598058,0.6752451993770644,0.0153129718102745,0.7980197159855822,0,0,0,0,0,0,0,0,0,0,0
346,Slytherin,Gayla,Baker,0.8,0,0.5722327315671748,0.2667881255206268,0.3337793053423277,0.7332118744793733,0.2783197398582014,0.2293321520038339,0.3172026136590941,0.634655560710889,0.7128784592026614,0.7647755461304993,0.5255713355779283,0.3649701101435741,0.3353454640204977,1,0,0,0,0,0,0,0,0,0,0
1433,Ravenclaw,Desiree,Galvan,0.8,0,0.5908788642654996,0.1981655545917433,0.5220189465058446,0.8018344454082568,0.7015832400447786,0.7908860228710182,0.641110020312072,0.799903337093016,0.7874047773940855,0.7012975318084597,0.6516014723847663,0.8783243937948586,0.2652755460980588,0,0,1,0,0,0,0,0,0,0,0
1067,Gryffindor,Mamie,Hightower,0.2,0,0.6848352226157153,0.9157417720259612,0.4508424982128374,0.0842582279740387,0.8160882776267393,0.2957911414335223,0.8792290352277639,0.0688755304782774,0.2560508967197298,0.4372843802235804,0.1454414533642967,0.2565303174158455,0.9808919963521084,0,0,0,0,0,0,0,0,0,0,0
1348,Gryffindor,Pablo,Rome,0.2,0,0.6363066978024527,0.6385124948378177,0.1850733315532987,0.3614875051621823,0.7043019350711658,0.3400045674364585,0.6739359922304802,0.2430422389266804,0.3144538714230155,0.4464154140836781,0.5542971407962941,0.2582857534281959,0.678334129500152,0,0,0,0,0,0,0,0,0,0,0
476,Hufflepuff,Luanne,Crisp,0.4,1,0.702743454525772,0.6250282136283449,0.6308991369097977,0.3749717863716552,0.7363398901860441,0.3235692211448354,0.2472064775338976,0.7043472592769704,0.7351817521132356,0.4447452205907412,0.8691047950255727,0.4859374219205757,0.2584791766187519,0,0,0,0,0,0,0,0,0,0,0
845,Gryffindor,Erwin,Baldwin,0.6,0,0.5493404265190295,0.6599908715882674,0.2215668007489213,0.3400091284117327,0.6888959965883044,0.1110052644134241,0.6579915349719873,0.1241803627912127,0.2012671165549971,0.3891871885536174,0.5385382233224403,0.2022954017289913,0.8618361054414383,0,0,0,0,0,0,0,0,0,0,0
692,Ravenclaw,Camilla,Baumann,0.2,0,0.605191531478589,0.2321401748199575,0.6809085291779831,0.7678598251800425,0.7322885015192707,0.7495834477886237,0.7128769690993755,0.7151873336355792,0.7843067929710182,0.7145139165068819,0.511795171951926,0.8580707665581725,0.3406435923046858,0,0,0,0,0,0,0,0,0,0,1
79,Hufflepuff,Seth,Conaway,0.6,1,0.7170174597528726,0.6986659223097991,0.5794260668100206,0.3013340776902009,0.7567034490111413,0.2593925353586755,0.3799139741241833,0.6705597280196918,0.7690740983624684,0.629961520831097,0.6931032484996605,0.4490370508450411,0.332457549832805,0,0,0,0,0,0,0,0,0,0,0
303,Hufflepuff,Marlon,Carmack,0.2,1,0.5111269195676044,0.8285369920004558,0.5240068426937603,0.1714630079995443,0.8684897915667147,0.2728298404929103,0.2696645135157871,0.6162774392342384,0.7961222514305687,0.5826442132346875,0.4801436145423414,0.4295694816340344,0.3569722499674296,0,0,0,0,0,0,0,0,0,0,0
1542,Ravenclaw,Louann,Orton,0.4,0,0.3963858775497579,0.1325840106316757,0.5842949007488125,0.8674159893683246,0.5549336318567087,0.6174139913337142,0.5961350512919528,0.8370442359577195,0.7630735150331903,0.9112924723390708,0.5460172796376629,0.8199202824867956,0.3315021496504103,0,0,0,0,0,0,0,0,0,0,0
184,Ravenclaw,Lorenzo,Bundy,0.6,0,0.8622241467299693,0.3032190073951737,0.1654081386452732,0.6967809926048265,0.0853990084759315,0.2683064879639087,0.2252665848536403,0.7175801810300414,0.6590069969078332,0.7099976879503925,0.7373768893711729,0.1426692509260049,0.132540061666739,0,0,0,0,0,0,0,0,0,0,0
111,Ravenclaw,Elmo,Samuel,0.2,1,0.8124275087762708,0.1925015446274855,0.615535597442363,0.8074984553725147,0.7307958846420385,1.0,0.7360268156892481,0.7336961721252824,0.842201002135827,0.6099316816590575,0.7190270730418892,0.8586878221083313,0.1604203760802536,0,0,0,0,0,0,0,0,0,0,0
529,Gryffindor,Carmen,Lawrence,0.2,1,0.5936625272567001,0.7581601215293216,0.1997096838101503,0.2418398784706784,0.6691721307105922,0.1916384253854788,0.4590815701851126,0.1696499000096203,0.112196521243269,0.3499733330853065,0.4320365156294789,0.1405867586279696,0.8366482824510358,0,0,0,0,0,0,1,0,0,0,0
754,Gryffindor,Leanna,Mclain,0.6,0,0.6000726845336591,0.588038021910541,0.2124827071106664,0.4119619780894589,0.6723705954475185,0.0791700431347835,0.6950314220046874,0.1842279179159001,0.3554222513215143,0.549231630643312,0.6893553578298947,0.2436209987540985,0.784057845138316,0,0,0,0,0,0,0,0,0,0,0
1359,Ravenclaw,Blair,Candelaria,0.0,0,0.5537942873049503,0.1806335331327903,0.7826777384639307,0.8193664668672098,0.7035556266325497,0.7747831563266917,0.747370141077879,0.6567413655087092,0.7564461758653024,0.6651483706818748,0.3329648331169909,0.9143429762065854,0.4325140052981283,0,0,0,0,0,0,0,0,0,0,0
1039,Gryffindor,Latricia,Townes,0.2,0,0.462621591945935,0.7809163210217676,0.1884000181606256,0.2190836789782324,0.6395863318940243,0.3955723885441402,0.6268908416192864,0.1550470425504806,0.1050675955244532,0.4223410196695547,0.605078883933331,0.1312464241378203,0.9034177270161116,0,0,0,0,0,1,0,0,0,0,0
435,Hufflepuff,Eve,Marroquin,0.6,1,0.6475341385336282,0.6789049275920507,0.6624514374084748,0.3210950724079493,0.8419425342502266,0.2172141227747092,0.2102191587359812,0.73794090566438,0.8158284728499356,0.5015159988390729,0.3853670115392297,0.5197033866187103,0.2491640248404047,0,0,0,0,0,0,0,0,0,0,0
600,Ravenclaw,Margaret,Bordelon,0.6,0,0.5722327315671748,0.1718538596838184,0.6980453874733048,0.8281461403161817,0.627272242656858,0.7485970349033718,0.5574912479758333,0.6124892385798567,0.7124273413930525,0.5218877415294748,0.6726897305691267,0.8249951292475916,0.4049159682112303,1,0,0,0,0,0,0,0,0,0,0
1419,Slytherin,Casandra,Hoag,0.2,0,0.684425405564233,0.2098991565250229,0.933409467276884,0.4929142768321042,0.7597419905112213,0.7339613926933062,0.6905053664213101,0.678021047237713,0.7830983746617229,0.52451676041986,0.1497912399930038,0.9445278851277265,0.390302688148695,0,0,0,1,0,0,0,0,0,0,0
555,Hufflepuff,Audra,Buchanan,0.2,1,0.8004113635309219,0.6724790798417112,0.741041563297363,0.3275209201582889,0.7390585852124314,0.1616451725375493,0.1699492480449846,0.6085512052965254,0.8831252446983872,0.3731532332039479,0.3624538546464413,0.4431910250140509,0.2668823554957224,0,0,0,0,0,0,0,0,0,0,0
102,Ravenclaw,Mariah,Allison,0.6,0,0.7699611833660671,0.1670066967148717,0.7180288180252414,0.8329933032851284,0.6892691508076123,0.7456729162163386,0.7465388977408577,0.6006397751308012,0.7029436162969969,0.5167516758084345,0.545900934021414,0.8251804143536445,0.376188821817866,0,0,0,0,0,0,0,0,0,0,0
800,Slytherin,Candice,Buford,0.6,1,0.4318466510987736,0.225161914989089,0.1516743055270213,0.7748380850109111,0.205607974838744,0.2116383880046782,0.1985205233894841,0.7545582907805193,0.8903816099766172,0.9932221883995532,0.5417451670719575,0.3268423656079402,0.172254310157641,0,0,0,0,0,0,0,0,0,0,0
108,Hufflepuff,Archie,Richardson,0.6,0,0.6990009742820469,0.6987250345590785,0.7092036679910447,0.3012749654409216,0.6761554453862146,0.1904897786188182,0.3346411111206422,0.6648526570771864,0.7980672469658583,0.63125164748233,0.5897255419256312,0.4518789313428849,0.3850697007860338,0,0,0,0,0,0,0,0,0,0,0
724,Slytherin,Helga,Joiner,0.2,1,0.5453041151817887,0.2173358078372191,0.1502471975931604,0.782664192162781,0.2660589583666506,0.2729239314731839,0.2504564260569639,0.8162551020014985,0.6998539061598333,0.5839482928558049,0.6221067642615976,0.3446785836806498,0.1519737699222651,0,0,0,0,0,0,0,0,0,1,0
599,Slytherin,Tillie,Caldwell,0.6,1,0.5470593693456846,0.1731168450911879,0.2381245948450776,0.8268831549088121,0.4030065568527107,0.2208923565872459,0.2516780020177619,0.5697747007282028,0.6615409240102269,0.7399156645739846,0.6198950943016127,0.4423586457118569,0.1685847049116255,0,0,0,0,0,0,0,1,0,0,0
136,Ravenclaw,Reginald,Jordan,0.6,0,0.7471738088242117,0.1596017394406996,0.6922269365100272,0.8403982605593006,0.7218934911242604,0.7363934154464418,0.7447692760802769,0.624962736603351,0.642013558829117,0.4975097648375058,0.315713365576972,0.8344834110875725,0.3765579537065184,0,0,0,0,0,0,0,0,0,0,0
497,Gryffindor,Nathan,Matson,0.8,1,0.6029568686884308,0.8072667615508118,0.110325490596335,0.1927332384491883,0.4880857188549496,0.1525374751038201,0.6393598138473483,0.1864445455788093,0.0441038450745971,0.4772219259194304,0.396336121647553,0.0,0.8723889347287966,0,0,0,0,0,0,0,0,0,0,0
849,Hufflepuff,Lena,Plunkett,0.2,0,0.5827211852218425,0.6130944046615567,0.747643562866531,0.3869055953384434,0.6337757876219414,0.2382189868631893,0.2534759641319589,0.5865751146756248,0.7590998401997907,0.4724784378884846,0.5647672040100027,0.4848136396788617,0.4279975680722631,0,0,0,0,0,0,0,0,0,0,0
626,Hufflepuff,Jorge,Somers,0.4,1,0.414703926511297,0.8709656239824254,0.7281892990652323,0.1290343760175747,0.6705048243509781,0.360667455522816,0.2074622295468709,0.6656506495951638,0.6541989688444353,0.5362904355953174,0.5796038109023931,0.4241282756862713,0.4726625265992096,0,0,0,0,0,0,0,0,0,0,0
263,Gryffindor,Rosanne,Bradshaw,0.6,1,0.5431777059523993,0.6073018165696892,0.2470108073455013,0.3926981834303109,0.7644863798709953,0.1786969850611362,0.7009907469826954,0.091088908702111,0.1758675781828934,0.3018684743396374,0.4716367035150716,0.2769661416734844,0.873604898597299,0,0,0,0,0,0,0,0,0,0,0
1553,Hufflepuff,Emilio,Donahue,0.6,1,0.7381732984859967,0.5075954586018546,0.7761796350838887,0.3849589795042208,0.7443893597739751,0.2360964249654377,0.2547257561119446,0.5706934283214269,0.7777229818370753,0.3323474572466885,0.5321108058953326,0.5065700414196433,0.3592956095018891,0,1,0,0,0,0,0,0,0,0,0
391,Slytherin,Scotty,Francis,0.6,1,0.7555789245781978,0.2656549950012022,0.2886849784192359,0.7343450049987978,0.2485207100591716,0.2353457697302608,0.2484874618967153,0.6704104910281206,0.6571028420671352,0.6160469867717615,0.5217190103427296,0.2847141471916112,0.2134233725626438,0,0,0,0,0,0,0,0,0,0,0
147,Gryffindor,Wilford,Stewart,1.0,1,0.4655908324698823,0.7345787703702036,0.3031969216951303,0.2654212296297965,0.8121968121968122,0.3381194311980015,0.7443026807510594,0.1864412618964027,0.3413152106122279,0.5132579930455659,0.6862755052383208,0.3412255430678385,0.8308941677161593,0,0,0,0,0,0,0,0,0,0,0
270,Gryffindor,Jarvis,Mcnutt,0.2,1,0.5154647943955585,0.7553582066656683,0.3134835154315586,0.2446417933343317,0.795618103310411,0.285192289960239,0.752166321749771,0.1925957399461584,0.3662160012359546,0.5517348979916668,0.6038559112755898,0.3158055494573677,0.829135362834933,0,0,0,0,0,0,0,0,0,0,0
704,Gryffindor,Blaine,Bullard,0.8,0,0.5590059230162535,0.3150854809004291,0.663024368810439,0.684914519099571,0.8321872168026014,0.639238189295493,0.7250495736730986,0.5856611952969716,0.7576403874346297,0.6494931694309027,0.6848301514673297,0.8205317233367716,0.4466061579884484,0,0,0,0,0,0,0,0,0,0,0
854,Slytherin,Daniela,Bone,1.0,1,0.3171752006557072,0.1576614188448622,0.214221673243881,0.842338581155138,0.2580094887787195,0.2931146147354914,0.2661146150777595,0.6839963381509246,0.8340392647191665,0.9231598814760872,0.5974953500437936,0.4310096522310847,0.2728101793546706,0,0,0,0,0,0,0,0,0,0,0
949,Hufflepuff,Valentin,Munn,1.0,1,0.6931398172061303,0.71253890465396,0.7083916441697672,0.2874610953460401,0.6948664640972333,0.2591496862675473,0.2537419990410674,0.5826213023888293,0.7678630795491239,0.431847423344642,0.8620156480592104,0.4297376419045289,0.3755374126025969,0,0,0,0,0,0,0,0,0,0,0
355,Gryffindor,Jefferson,Ham,0.8,1,0.4174875895024976,0.7180184426231583,0.2726020381755212,0.2819815573768418,0.8150754304600458,0.182157685278785,0.6766412449130309,0.1563968947124817,0.2022693774115526,0.408945323653425,0.4148490305554313,0.2940236008307506,0.8925174794806097,0,0,0,0,0,0,0,0,0,0,0
1513,Ravenclaw,Josue,Traylor,0.6,1,0.2950218826840697,0.2653499204359373,0.7126183552038715,0.7346500795640628,0.7238658777120316,0.733131220433159,0.623805111651997,0.5697747007282028,0.7802744819368364,0.7090260544723269,0.3144472992564154,0.8790773250894566,0.4753767316628306,0,0,0,0,0,0,0,1,0,0,0
1547,Gryffindor,Christi,Rodrigues,0.2,1,0.6753475712540402,0.6463771513992317,0.1947768992345118,0.3536228486007683,0.6808465270003732,0.3080093806353491,0.6566817538467968,0.1648480384961858,0.2381805303552499,0.3214692290216464,0.6526635491019578,0.2097348794720387,0.728166934468233,0,0,0,0,0,0,0,0,0,0,0
824,Slytherin,Fletcher,Byrnes,0.8,0,0.5481573697477692,0.7601542661523762,0.7157020382479217,0.2398457338476238,0.8576150114611654,0.2207459320076668,0.3233707679202536,0.6251114712867131,0.7490892917324777,0.5380160603702264,0.3275324193277842,0.5209327252238728,0.4399617839927042,0,0,0,0,0,0,0,0,0,0,0
482,Gryffindor,Bradly,Mcmillen,1.0,0,0.7625535468505946,0.6774559563606417,0.2086336489041406,0.3225440436393583,0.6649075110613573,0.2236745011552354,0.6729521414704459,0.1706914449536453,0.2151022703900279,0.3341247368694995,0.6097659839188403,0.1659037224900751,0.7404351413557998,0,0,0,0,0,0,0,0,0,0,0
596,Hufflepuff,Gerardo,Paquette,0.4,0,0.7188886998747351,0.7329656405704515,0.8867712364117086,0.2670343594295485,0.6811663734740658,0.197228306920187,0.1462651780378495,0.5981052671747709,0.795109139207137,0.3155189560919691,0.7104270447438727,0.4538451993471231,0.3769487992356798,0,0,0,0,0,0,0,0,0,0,0
400,Ravenclaw,Clementine,Mcmillan,0.8,0,0.4483089247328456,0.2057480139667004,0.5155861302688135,0.7942519860332997,0.6791406791406791,0.3955723885441402,0.6480119081719049,0.5697747007282028,0.8251235618904751,0.8214895191836539,0.6233161786616002,0.8023827664638444,0.324336648282451,0,0,0,0,0,1,0,1,0,0,0
1131,Hufflepuff,Ima,Gregg,1.0,1,0.3741320384145493,0.8320495278178452,0.6639586207624919,0.1679504721821547,0.7543046004584465,0.3120705208757818,0.4280085975609571,0.6364327508261323,0.6387888960369145,0.7357787896056952,0.6208246574331923,0.4860668407598043,0.5795804924653668,0,0,0,0,0,0,0,0,0,0,0
853,Hufflepuff,Alice,Joyner,1.0,1,0.7384593971823145,0.5739511667570314,0.6899644134656896,0.4260488332429687,0.8291486753025216,0.2324579620886381,0.2677835922390819,0.6332402012980162,0.7995199230715757,0.3787180688907403,0.3915367701090019,0.5442985807722347,0.2803882398923003,0,0,0,0,0,0,0,0,0,0,0
832,Ravenclaw,Dillon,Shelly,0.4,0,0.4637041275536241,0.1925825877177015,0.6602981519683195,0.8074174122822987,0.6741830587984434,0.6772539182622269,0.5996117307401604,0.6008797240459424,0.7037256304588578,0.565404449367328,0.6687372833163567,0.8115268671825835,0.4274330134190298,0,0,0,0,0,0,0,0,0,0,0
269,Ravenclaw,Randi,Pence,0.8,1,0.7556562485501755,0.1152145531343525,0.6744220587027788,0.8847854468656476,0.7053147822378592,0.8971424019774356,0.7524889950871677,0.5601515757751261,0.7098244899520532,0.4324515374073179,0.7760159201859761,0.857708618396341,0.3373431189473228,0,0,0,0,0,0,0,0,0,0,0
919,Hufflepuff,Theo,Reese,1.0,1,0.4322951301362448,0.8415789170500201,0.7617487812462452,0.15842108294998,0.6293512447358601,0.3191223267981275,0.1796603306613958,0.6269560369048924,0.6884655163804699,0.5839482928558049,0.4265782541812977,0.4140046905205335,0.4827810830763886,0,0,0,0,0,0,0,0,0,1,0
313,Hufflepuff,Lynn,Tovar,0.8,1,0.3608787096175556,0.8835239704400986,0.7811286771799679,0.1164760295599014,0.6996641612026228,0.2978490502181198,0.3532245183406615,0.564823636309287,0.6388672918592025,0.6204533000213039,0.6658448442709862,0.4565396939651513,0.6415512224779607,0,0,0,0,0,0,0,0,0,0,0
856,Slytherin,Adelaide,Hardy,0.4,0,0.462204042497255,0.2037573297978114,0.3771422622082585,0.7962426702021886,0.1375872914334453,0.1199565018031539,0.150189768878299,0.6229254817325055,0.8814284354832352,0.8050481994377181,0.3508773086134358,0.3377054067878361,0.3005819255656404,0,0,0,0,0,0,0,0,0,0,0
1423,Gryffindor,Odessa,Windham,0.6,1,0.5990829376923433,0.7155091474907703,0.1426475147495631,0.2844908525092297,0.6055759901913748,0.2311164411831666,0.6516096534938078,0.14075218531491,0.0232472560026925,0.3054311295876693,0.3997819696159263,0.105809024956781,0.8563208407521606,0,0,0,0,0,0,0,0,0,0,0
717,Hufflepuff,Lorna,Metzler,0.2,0,0.6731515704498708,0.6978374283285941,0.6365186789492271,0.302162571671406,0.7361266592035823,0.2291747039410566,0.270795460942661,0.678592444461495,0.8008741357554491,0.5645415287654583,0.3881976766775513,0.451844400936757,0.3128501324532071,0,0,0,0,0,0,0,0,0,0,0
13,Slytherin,Fred,Simms,0.2,0,0.4821458948703277,0.2130905807336346,0.1363305965681499,0.7869094192663655,0.1357748280825204,0.3518082885704645,0.2335364959587562,0.5674438215054313,0.9148509499833688,0.8580708372947533,0.7986476471084916,0.2785946854616888,0.2194163373431189,0,0,0,0,0,0,0,0,0,0,0
349,Hufflepuff,Merlin,Travers,0.2,1,0.4729366098077726,0.6958095602412894,0.6092894980326901,0.3041904397587107,0.7955647955647955,0.2780923724515587,0.3640887345232371,0.7399663487574495,0.7137315483882689,0.7103005401998591,0.5206896675485135,0.5364146995096688,0.3994658444434794,0,0,0,0,0,0,0,0,0,0,0
1101,Gryffindor,Cassie,Ornelas,0.2,1,0.6249323415245195,0.6753840077143628,0.2837569561592244,0.3246159922856373,0.8337331414254492,0.2671279514948077,0.6484522212251171,0.1593230212602562,0.2687320068925512,0.2659922173423549,0.4004296463050625,0.297153796183015,0.7508576888001043,0,0,0,0,0,0,0,0,0,0,0
1097,Slytherin,Erin,Troy,0.6,0,0.6383557830598642,0.272331091108689,0.2876791852518414,0.727668908891311,0.3059864598326137,0.3974653769521972,0.4590815701851126,0.6945244069900253,0.4703351198934118,0.6605865984615632,0.2355182291782195,0.3701662344283308,0.3315021496504103,0,0,0,0,0,0,1,0,0,0,0
1126,Slytherin,Warner,Sun,0.4,1,0.3815164777384284,0.1716056574417202,0.1916582516637625,0.82839434255828,0.1471293778986086,0.282967761021095,0.2192306998132608,0.6910556050866307,0.8487095879614369,0.9339195178735126,0.507873544401848,0.3502893535739537,0.2380466408998132,0,0,0,0,0,0,0,0,0,0,0
1257,Ravenclaw,Gina,Crittenden,0.6,1,0.7419621731129085,0.2559476766958079,0.6109949532947422,0.7440523233041922,0.7845833999680153,0.6892689582814967,0.7431906500359622,0.813157503258973,0.6822653887531114,0.721449090469188,0.5664035926653405,0.8213205887125437,0.2750249706865853,0,0,0,0,0,0,0,0,0,0,0
1571,Slytherin,Marcel,Pederson,0.8,0,0.4631860569413729,0.2015459400778006,0.2513113257359632,0.7984540599221995,0.1958526573911189,0.3822024523029322,0.3406588456421604,0.6544952354895078,0.6514254020870053,0.7987465497168428,0.5627582093853553,0.3729508449843046,0.3292656446779867,0,0,0,0,0,0,0,0,0,0,0
933,Gryffindor,Morton,Kaminski,0.4,0,0.8067364644387053,0.799710187951508,0.3352117303673798,0.200289812048492,0.7151767151767152,0.2880991644239387,0.8312137343532013,0.0847950413283682,0.1736136468325668,0.3402000748621033,0.3035427060691381,0.1857182801724163,0.8893038606852826,0,0,0,0,0,0,0,0,0,0,0
491,Hufflepuff,Alvina,Fountain,0.6,1,0.5118460325069978,0.6947013717945797,0.6405676080679031,0.3052986282054202,0.7706167706167706,0.2779444266786517,0.2816717169704713,0.8567472156251922,0.7253604856454522,0.7093461930264572,0.6068504728550799,0.5405095003534459,0.3040778216875841,0,0,0,0,0,0,0,0,0,0,0
516,Ravenclaw,Carmela,Rockwell,0.8,1,0.6868379134899402,0.2297980181575558,0.6063939860677514,0.7702019818424444,0.786715709792633,0.8980852477199056,0.8230040741480654,0.5307895185009303,0.7353355851552961,0.5522755217434807,0.2741558515577365,0.8360569308139794,0.3885873105484866,0,0,0,0,0,0,0,0,0,0,0
261,Hufflepuff,Son,Campos,1.0,0,0.3940893555820175,0.7883735193165051,0.6648077860189199,0.2116264806834947,0.7866624020470175,0.4514589997299537,0.2731708578574844,0.950876548107506,0.5496438014390552,0.6745020655736773,0.2788417273988113,0.5639373983388353,0.3343032092760672,0,0,0,0,0,0,0,0,0,0,0
195,Hufflepuff,Fern,Cummings,0.6,1,0.4563042234353494,0.8280156928460953,0.5220189465058446,0.1719843071539047,0.7296764219841143,0.3140721455068888,0.3170167806906551,0.5981077800926966,0.6808039990205933,0.5780463468702994,0.511795171951926,0.4460421697671979,0.5105528292873583,0,0,1,0,0,0,0,0,0,0,1
260,Slytherin,Willy,Swearingen,0.4,1,0.3951409616009155,0.1818936772610747,0.3736409142032132,0.8181063227389256,0.2795991257529719,0.2000959449600512,0.2604971666547482,0.5916227463662762,0.8230457121494305,0.5839482928558049,0.5384245070680325,0.4383163423147949,0.3576670864637165,0,0,0,0,0,0,0,0,0,1,0
1059,Ravenclaw,Kendrick,Cate,0.6,0,0.775188283871766,0.1838246910882914,0.7037663961944822,0.8161753089117088,0.7382589690281998,0.3955723885441402,0.8167382434786573,0.7794687627249054,0.7304489534798468,0.7275532892754486,0.0679992766196678,0.8865156798924676,0.3045555217787814,0,0,0,0,0,1,0,0,0,0,0
172,Gryffindor,Clinton,Hemphill,0.8,1,0.4898782920681069,0.7390959080884442,0.2541420436274482,0.2609040919115558,0.838584146276454,0.5180379123246742,0.7908806256844184,0.3386659496313419,0.4139296895503809,0.6592355894398367,0.4460070776068754,0.399277331939391,0.6934685369349026,0,0,0,0,0,0,0,0,0,0,0
1040,Ravenclaw,Rachael,Bullard,0.2,1,0.5722327315671748,0.3276428628031509,0.5944336574159926,0.6723571371968491,0.7549442934058318,0.6913614515712818,0.7251983520322652,0.6962448712783056,0.8033886325227564,0.9393531522315778,0.822307865439851,0.8446684772203192,0.4666695618187346,1,0,0,0,0,0,0,0,0,0,0
783,Slytherin,Noble,Ulrich,0.6,0,0.4126780384454788,0.1433465880108932,0.3866155136348625,0.8566534119891069,0.2817314355775894,0.1928561031592005,0.1969826883839432,0.744298012911862,0.6756970497481007,0.7152452325710177,0.511795171951926,0.4630825040889056,0.2916141920354367,0,0,0,0,0,0,0,0,0,0,1
1556,Ravenclaw,Fabiola,Squires,1.0,1,0.4906206021990937,0.1577751040637515,0.7348116498290894,0.8422248959362486,0.681326296710912,0.8558488963901262,0.6937192155498274,0.6665839607814554,0.8220716926428827,0.6769801810895443,0.3970653203666677,0.9208944891156235,0.3731054848655926,0,0,0,0,0,0,0,0,0,0,0
434,Hufflepuff,Raymon,Novotny,0.2,0,0.3827072669068864,0.8427986217157112,0.6847656765919071,0.1572013782842888,0.6527000373154219,0.4095186821079749,0.1494552396778877,0.750305973029868,0.6332493261538067,0.5399729148770381,0.3218123656582631,0.4319439383416084,0.3975550440786902,0,0,0,0,0,0,0,0,0,0,0
1538,Ravenclaw,Cletus,Deluca,1.0,1,0.5882962436014413,0.159549888523775,0.6379353580572075,0.8404501114762253,0.664161202622741,0.8125705699488709,0.6858259876604802,0.6439708201984014,0.6946570194972651,0.5792103875350585,0.7895407015781394,0.8321729619620909,0.3612932644287141,0,0,0,0,0,0,0,0,0,0,0
768,Hufflepuff,Ivan,Arellano,0.8,0,0.5874611447040812,0.7192535823368582,0.7226312982997498,0.2807464176631419,0.628231782077936,0.3629595858091049,0.1874342425976202,0.8016094065104479,0.6707855505201917,0.522401259129128,0.3846623872589514,0.4652764481855815,0.3079211360576714,0,0,0,0,0,0,0,0,0,0,0
1470,Slytherin,Nigel,Reedy,0.4,0,0.6527071122589425,0.3137247252561932,0.1636261493477442,0.6862752747438069,0.1884961884961885,0.3731727987766797,0.3535202215307648,0.5915111267231662,0.7372189492353615,0.8038941054142477,0.4522646503898938,0.2425059192976683,0.2650149824119512,0,0,0,0,0,0,0,0,0,0,0
1044,Ravenclaw,Dottie,Coyne,0.8,1,0.617486043023058,0.3426810041843585,0.7254786594418592,0.6573189958156415,0.8328269097499867,0.7324155841215484,0.6987040686828041,0.7692337922410248,0.7974567092867703,0.7243465673873367,0.550190458516151,0.8698397396126647,0.321644156859339,0,0,0,0,0,0,0,0,0,0,0
694,Ravenclaw,Blake,Easterling,0.8,1,0.5342003928057777,0.2121725323522754,0.7871563099133696,0.7878274676477248,0.683511914281145,0.6570504473917618,0.6196434201465358,0.6909981605973876,0.6938995241411016,0.5895427043664221,0.5799028651827351,0.8579705441598984,0.4200069483649629,0,0,0,0,0,0,0,0,0,0,0
686,Slytherin,Garfield,Leal,0.8,0,0.6497301393377976,0.2667629267126826,0.2605895462602917,0.7332370732873177,0.1739964816887894,0.2272663807685234,0.2252026763355056,0.546403102354971,0.8736041165730777,0.7316487732150112,0.6503450053119428,0.2541805653890793,0.2444955921309766,0,0,0,0,0,0,0,0,0,0,0
1169,Hufflepuff,Doris,Casey,1.0,0,0.6171922119295424,0.7013808146848468,0.7082655732916223,0.2986191853151532,0.6755690601844447,0.3774672937015695,0.3635317076604721,0.5292376095973497,0.639723665260757,0.4227164472802856,0.3003813238110793,0.4569004384519373,0.4910105528292874,0,0,0,0,0,0,0,0,0,0,0
1016,Hufflepuff,Tessa,Sills,0.2,1,0.5260659109537139,0.8123408532990593,0.6272480103343796,0.1876591467009407,0.8079321925475771,0.3058596839529123,0.3332607249627043,0.7704834949256271,0.6980640953696619,0.6876189196340349,0.640848851179459,0.4869539633887865,0.3747774351847831,0,0,0,0,0,0,0,0,0,0,0
1127,Gryffindor,Stacia,Dietrich,0.8,0,0.5881338632602879,0.8132233407635215,0.2817170411449315,0.1867766592364786,0.6333445105435446,0.3958078206678403,0.7314152351259475,0.1694446693481385,0.1979450951172229,0.3793936191689114,0.8648255737374344,0.2396222092834582,0.831111304121249,0,0,0,0,1,0,0,0,0,0,0
40,Gryffindor,Ben,Southard,1.0,0,0.59310579465846,0.7366915000247998,0.2484152725680926,0.2633084999752002,0.7542512927128312,0.3087423502470264,0.6923377777714258,0.1757179960936108,0.1945560995105509,0.3553328013627059,0.2977461229720164,0.2400595944277476,0.8045555217787814,0,0,0,0,0,0,0,0,0,0,0
1436,Slytherin,Sherwood,Cassidy,0.2,1,0.7250359556469697,0.2405360210798967,0.168090997397432,0.7594639789201034,0.2380723919185457,0.2485941498448376,0.2031967475496174,0.8043156165645793,0.6578652119395676,0.7212149591176396,0.4376179200858448,0.2739229741740636,0.0991010552829287,0,0,0,0,0,0,0,0,0,0,0
1362,Gryffindor,Cruz,Pannell,0.4,0,0.5876312574424323,0.7187904178349407,0.2879587179906429,0.2812095821650593,0.8411962258116105,0.34076675115934,0.6655701578872834,0.1707781049414079,0.2370560293284065,0.2746870557296131,0.4046759088276919,0.3027339659603191,0.7681634602857516,0,0,0,0,0,0,0,0,0,0,0
517,Gryffindor,Tabatha,Flanagan,0.4,0,0.7113186830181093,0.7830924406567606,0.3514136762122585,0.2169075593432393,0.7231195692734155,0.1462288900218218,0.797956288713671,0.1008178991384033,0.2927757651312886,0.474863233532017,0.4187794102029811,0.2098704744814685,0.9029183132844054,0,0,0,0,0,0,0,0,0,0,0
981,Gryffindor,Collette,Kingsley,1.0,1,0.7531432194608972,0.632860905749625,0.3356163611963178,0.3671390942503752,0.7636334559411482,0.0888194191145302,0.7571440388869941,0.0552777711201108,0.2833605944664091,0.3171975268692684,0.6162242756920735,0.2550752678633092,0.8610327007426065,0,0,0,0,0,0,0,0,0,0,0
380,Hufflepuff,Carol,Wilson,0.4,1,0.5009356200609313,0.8674963578507154,0.7570911031957505,0.1325036421492846,0.6364944826483289,0.4055686548486929,0.0,0.6182696477011759,0.6855078762788199,0.2473909908305997,0.3629820684977417,0.3670674813970948,0.3557562860989274,0,0,0,0,0,0,0,0,0,0,0
828,Ravenclaw,Lenny,Necaise,0.2,0,0.2924469944172092,0.1487852029618853,0.596097722640754,0.8512147970381149,0.6193293885601578,0.7153166908564381,0.6491410910167182,0.641019282294754,0.8146578928584288,0.8225857865878758,0.6955671036240918,0.8532637409961268,0.4404394840839015,0,0,0,0,0,0,0,0,0,0,0
691,Ravenclaw,Nelson,Julian,0.4,0,0.4089200934073581,0.2303087121248729,0.6348379483428305,0.7696912878751273,0.7385255077562771,0.7793653269560672,0.7136262159358997,0.7265068133832572,0.8855654025248634,0.8814774021643291,0.6337369935692588,0.9005645019564424,0.3590567594562905,0,0,0,0,0,0,0,0,0,0,0
1125,Gryffindor,Lawrence,Johnson,0.6,1,0.7858203300187124,0.7571794807440267,0.3033400418209476,0.2428205192559732,0.6548323471400395,0.0651286815030224,0.7845986099509032,0.0776328391678713,0.1894652868408528,0.4127595704272769,0.3722388296030598,0.1316950386824769,0.9197898119598732,0,0,0,0,0,0,0,0,0,0,0
1414,Ravenclaw,Leroy,Brannon,0.8,0,0.6262004546649552,0.2634821931362844,0.5220189465058446,0.7365178068637157,0.7486006716775947,0.7865742804593941,0.7097233640516484,0.5661487826879252,0.6696703649431488,0.49207085552855,0.666251302045974,0.8145256785505547,0.4279107135102271,0,0,1,0,0,0,0,0,0,0,0
902,Hufflepuff,Santiago,Burleson,0.4,0,0.4587940553330343,0.7507594768651775,0.6627319076982208,0.2492405231348225,0.7360200437123514,0.3374355892883369,0.3078908154415199,0.8375195264516383,0.6474824411808108,0.7074738558756646,0.4705614620548894,0.5220351716048885,0.3782516176662179,0,0,0,0,0,0,0,0,0,0,0
1080,Ravenclaw,Ramiro,Bergeron,0.8,1,0.6927918593322302,0.3939489248390873,0.7930697419108439,0.6060510751609127,0.9078842155765232,0.7391788589506751,0.6683134237588164,0.6754608778036556,0.8192286366849861,0.5486714687644628,0.6344748895825782,0.8653600510713124,0.3288965127893343,0,0,0,0,0,0,0,0,0,0,0
1268,Hufflepuff,Mike,Rudd,0.6,1,0.5864404682739743,0.671840860359216,0.8030042916558086,0.328159139640784,0.748280825203902,0.2284287879506865,0.1866454963469433,0.6843145497942903,0.7690987323125713,0.4307381350312651,0.6175186545352224,0.5321416319350678,0.3568853954053937,0,0,0,0,0,0,0,0,0,0,0
1060,Ravenclaw,Wallace,Holm,0.6,1,0.6439540386310564,0.2379770645581206,0.690126212152982,0.7620229354418796,0.705901167439629,0.7465122520485541,0.736906308660079,0.7189946373347212,0.7299142980010958,0.7047863625076886,0.6064507895368105,0.8397295062039632,0.3611195553046424,0,0,0,0,0,0,0,0,0,0,0
1253,Hufflepuff,Lauri,Nieto,0.4,0,0.5597250359556469,0.7552943399601392,0.5950710475074129,0.2447056600398608,0.8427421504344582,0.1248028906486284,0.2766471911004338,0.7309656124218536,0.8829250488888122,0.733904729128594,0.3421340238953431,0.4808170960882947,0.3146957918964694,0,0,0,0,0,0,0,0,0,0,0
1228,Slytherin,Vincenzo,Straub,0.2,1,0.5482733557057359,0.1910752923550061,0.3730578484087226,0.808924707644994,0.3472466549389626,0.2080304268699911,0.2680363975268604,0.6264578265368397,0.7175675374496873,0.6395803021123693,0.528166360003186,0.4300088319233886,0.3035784079558779,0,0,0,0,0,0,0,0,0,0,0
1312,Hufflepuff,Curtis,Nunez,0.2,0,0.339459969379707,0.9216553318072918,0.7201466028092663,0.0783446681927083,0.7492936723705955,0.3282990324169441,0.1325616973790463,0.6551479017036952,0.6903850879627024,0.4967792863352954,0.5886866262028293,0.4282980327774972,0.4591783558431407,0,0,0,0,0,0,0,0,0,0,0
240,Hufflepuff,Anton,Bouchard,0.2,0,0.5054822696132255,0.7401316837065793,0.8092522919641726,0.2598683162934208,0.698598006290314,0.2825409003677071,0.2514728481737278,0.5572732414617025,0.6969268279285177,0.4191102512712717,0.6091255511188854,0.4862585827710678,0.5083814652364615,0,0,0,0,0,0,0,0,0,0,0
1085,Gryffindor,Barb,Schulte,0.2,1,0.7199171087020398,0.8298405071618825,0.3481464492826326,0.1701594928381175,0.777120315581854,0.1969682560422979,0.7499320994082131,0.1421174158049211,0.2407143371440089,0.3903686811713533,0.5104308078735691,0.2097306684469014,0.8581882138359318,0,0,0,0,0,0,0,0,0,0,0
1303,Hufflepuff,Ivonne,Binder,0.6,0,0.8089711272288634,0.5933989067935924,0.689082936866483,0.4066010932064078,0.7853297084066314,0.0996244439979913,0.1519108144994212,0.6949646659884198,0.954931676221867,0.4508866564977729,0.691302592420237,0.4892472876787088,0.1698006687801277,0,0,0,0,0,0,0,0,0,0,0
897,Slytherin,Evan,Albrecht,1.0,1,0.5639237276340411,0.2975185715090659,0.3812893261951369,0.7024814284909341,0.1480889173196865,0.2672767700895805,0.3213015117804105,0.5525853882318862,0.7053278007255852,0.74411547263894,0.5075812289138274,0.3014229334674872,0.4084118643331741,0,0,0,0,0,0,0,0,0,0,0
193,Hufflepuff,Winnie,Wentworth,1.0,0,0.3714566289841176,0.769108035926708,0.7015109985535809,0.2308919640732921,0.7629404552481476,0.2158810213834815,0.2013653942561585,0.8566171094527341,0.7624380172544405,0.7479789595721685,0.6279692234412568,0.5345750429945674,0.3585573457245842,0,0,0,0,0,0,0,0,0,0,0
1075,Slytherin,Theodore,Fields,0.4,0,0.3313177551304455,0.1497334929593604,0.3481249695134122,0.8502665070406398,0.2732555040247347,0.207673833368527,0.2399044345058036,0.6243932092372483,0.8434963879424197,0.8233665758976174,0.447813896605523,0.4599528702066605,0.3366917097320537,0,0,0,0,0,0,0,0,0,0,0
730,Ravenclaw,Dennis,Rupert,0.6,1,0.6179731840465181,0.339069836344415,0.7348461903909204,0.6609301636555851,0.8764326456634148,0.721821041871237,0.7772673138082996,0.6190528065201236,0.7664822957190335,0.6422894667661564,0.296723866088793,0.8719034226650852,0.4312763277891172,0,0,0,0,0,0,0,0,0,0,0
1332,Ravenclaw,Dena,Bowles,0.8,0,0.6957301702673863,0.149610420422987,0.6229459056159814,0.8503895795770131,0.701156778079855,0.6822325570190324,0.6931927241066074,0.7232595761826761,0.6771337487293198,0.6181679115423048,0.2817464841216217,0.8210794373396653,0.3106136274807834,0,0,0,0,0,0,0,0,0,0,0
1000,Ravenclaw,Ronny,Oliva,1.0,0,0.7329848599662867,0.3075172899673148,0.7076213955219148,0.6924827100326854,0.7905538674769443,0.6525094800328344,0.6786570637012684,0.6952393237029503,0.7224318928330419,0.5851558225511649,0.3217812023723194,0.8008019476271999,0.3365831415295088,0,0,0,0,0,0,0,0,0,0,0
462,Ravenclaw,Krystle,Monahan,0.4,0,0.5929124847285155,0.2211448426408738,0.5220189465058446,0.7788551573591262,0.7626206087744549,0.8118857096323062,0.8489088539336023,0.642361268817248,0.7992996440475355,0.7915129245653052,0.636752116444206,0.8765243209160501,0.3981195987319234,0,0,1,0,0,0,0,0,0,0,0
328,Gryffindor,Dottie,Bui,0.8,0,0.6325410203671342,0.7297803023000654,0.2320231805815105,0.2702196976999346,0.6333445105435446,0.3857745693541496,0.7642335182456825,0.3001438270882468,0.4145070966515515,0.6505238480567661,0.5785184659197796,0.2839275276959124,0.6896686498458332,0,0,0,0,1,0,0,0,0,0,0
1386,Hufflepuff,Julius,Tirado,1.0,0,0.577099732459057,0.7599877127003147,0.6871432690143602,0.2400122872996852,0.8061197291966522,0.2739021016540899,0.2570671209333655,0.6934244472857228,0.7401349190708381,0.5208508682946297,0.5791227842881788,0.4920779387761863,0.3572762409345551,0,0,0,0,0,0,0,0,0,0,0
39,Gryffindor,Angela,Han,0.6,1,0.4741273989762306,0.7876306030835448,0.2627146965668329,0.2123693969164552,0.7757343141958526,0.2567844683554039,0.6840936772162467,0.2122676365465029,0.6419646504520408,0.4859657862356603,0.5942845355440599,0.2582464505269122,0.8382550918486994,0,0,0,0,0,0,0,0,1,0,0
1567,Ravenclaw,Dwayne,Hsu,0.8,1,0.5572197392635665,0.1827474999796243,0.7303652630264824,0.8172525000203759,0.6686923610000534,0.5742871913575547,0.6196846068710024,0.7344698078924645,0.683676053937239,0.6528198247968128,0.7763541535075755,0.8351417346840807,0.3936031615060582,0,0,0,0,0,0,0,0,0,0,0
95,Hufflepuff,Vesta,Rodman,0.8,0,0.443568965250607,0.8593429752953916,0.6698600735274304,0.1406570247046084,0.753878138493523,0.3365894377530447,0.0310910591758245,0.60261068489662,0.7537364669187118,0.3250149502307031,0.552346608800556,0.3964615597973996,0.3445954748773179,0,0,0,0,0,0,0,0,0,0,0
20,Gryffindor,Mel,Marion,0.4,0,0.5722327315671748,0.8423268358455763,0.2938324972774477,0.1576731641544236,0.7779199317660856,0.2998076276186373,0.7082214826982528,0.1845642686915819,0.1993703027203361,0.4241126550342737,0.5456917047230134,0.233668100473937,0.8613149780692231,1,0,0,0,0,0,0,0,0,0,0
1586,Slytherin,Earl,Mccloskey,0.6,0,0.6335616967972411,0.2428151019010686,0.0869621594634527,0.7571848980989314,0.1432379124686817,0.2586711455841678,0.1883516039056025,0.7461500589858487,0.8327022830150522,0.8875265617510583,0.2611109922908207,0.2253555368523656,0.0943674816519738,0,0,0,0,0,0,0,0,0,0,0
1209,Gryffindor,Marquis,Mackenzie,0.6,1,0.6602230023351839,0.8142366052070755,0.1651038355570653,0.1857633947929245,0.6343088650780959,0.2751408542766073,0.6072662883421397,0.2289257330130946,0.103750926523553,0.3501872803784506,0.7173755229398538,0.0920215671863441,0.7601076996569246,0,0,0,0,0,0,0,0,0,0,0
1340,Slytherin,Napoleon,Silver,0.4,0,0.5773858311553748,0.2438079699672035,0.3527985126924218,0.7561920300327967,0.2292233061463831,0.2856921192345419,0.2881627121818862,0.643981736589305,0.6281471201099181,0.6658086549829619,0.5258637218002076,0.3540453072616608,0.32835367177661,0,0,0,0,0,0,0,0,0,0,0
965,Hufflepuff,Trudy,Catlett,0.2,1,0.5279912778559609,0.7718851642680201,0.6367568655914667,0.2281148357319799,0.7185351031504877,0.1656702193869535,0.2977279983359773,0.8347968868747914,0.8167119708308415,0.8582809630058611,0.4622995988062442,0.4694167281008445,0.3407304468667216,0,0,0,0,0,0,0,0,0,0,0
28,Gryffindor,Mimi,Baird,0.2,0,0.5008350988973601,0.6069885350875911,0.2381677417716582,0.3930114649124089,0.7593155285462978,0.2486307516230891,0.6938424824066867,0.1881405716397185,0.3705565016801256,0.4976686463286454,0.2766984717978305,0.3273667786050732,0.769813696964433,0,0,0,0,0,0,0,0,0,0,0
614,Gryffindor,Jackie,Craven,0.4,1,0.5669934893215595,0.8207668794472155,0.3114093998272051,0.1792331205527846,0.7696039234500773,0.3156245919399018,0.7839045554370971,0.1879008817026738,0.2741896899632017,0.5264339072454263,0.7470205711792169,0.2643622627017157,0.8630520693099406,0,0,0,0,0,0,0,0,0,0,0
105,Gryffindor,Darius,Pond,0.6,1,0.5552247807865395,0.7468704384809439,0.1532287663793076,0.2531295615190561,0.6568047337278107,0.3611536287714018,0.6705980253535221,0.3005433367301581,0.2571173290638308,0.55904412704309,0.4337061428440318,0.2024152755779074,0.7139010726538412,0,0,0,0,0,0,0,0,0,0,0
644,Hufflepuff,Alison,Battaglia,0.6,0,0.7444442726133956,0.5075954586018546,0.5144598116720897,0.3762612288631764,0.9056985980062904,0.1360030936454898,0.3663808584434996,0.7152412082011091,0.9010516803473644,0.6808173016922687,0.5219855046645475,0.515371645427192,0.2230859425891345,0,1,0,0,0,0,0,0,0,0,0
1002,Ravenclaw,Nathan,Colby,1.0,1,0.5329477444597374,0.1294628664368742,0.5220189465058446,0.870537133563126,0.6437443360520284,0.7109902030631026,0.6791297145391416,0.7414534072500539,0.7071998937222046,0.7344581049119019,0.6825296214850245,0.8393813947925909,0.3422721153428584,0,0,1,0,0,0,0,0,0,0,0
1289,Hufflepuff,Carmel,Adams,0.6,1,0.5326616457634196,0.7389816532463063,0.7872256007780918,0.2610183467536939,0.6622954315262007,0.2731555322998084,0.325100934587639,0.6063548224940467,0.6798197085937473,0.5434699681146512,0.5959501410358569,0.478506366227803,0.5189342945238199,0,0,0,0,0,0,0,0,0,0,0
761,Slytherin,Angelica,Mcclary,0.8,1,0.5758934784962034,0.1911842583555058,0.3642968556802937,0.8088157416444943,0.2083799776107468,0.2071223339979356,0.2254073028626611,0.6163105711087515,0.7314563759158507,0.6599787129219713,0.4526967712284553,0.3554394373172068,0.2976940113779476,0,0,0,0,0,0,0,0,0,0,0
499,Ravenclaw,Tisha,Kohl,0.6,0,0.3698560227641773,0.3287749141800155,0.677875666622136,0.6712250858199846,0.7711498480729251,0.6625664048668028,0.6334095320929397,0.5694560240837173,0.8128882114918701,0.6876430238978044,0.9829675814220814,0.8221577405098934,0.4797846006861511,0,0,0,0,0,0,0,0,0,0,0
215,Hufflepuff,Tom,Haskins,0.6,1,0.6827242781807216,0.6156210839348847,0.7501392020236889,0.4929142768321042,0.6247667786129325,0.3310763074558558,0.3658790541404522,0.6131323046470526,0.6533914791350951,0.4705420971793042,0.4844531701024491,0.490057208180169,0.4433491119121032,0,0,0,1,0,0,0,0,0,0,0
734,Slytherin,Johnny,Iverson,0.4,1,0.4174257303249153,0.1628345938199333,0.2725231602387237,0.8371654061800669,0.3145156991310837,0.2841544252764879,0.2601534161829448,0.7013038421118046,0.7313897440196794,0.7739396208520352,0.3401699651238403,0.4447979522065486,0.2634081730142876,0,0,0,0,0,0,0,0,0,0,0
372,Hufflepuff,Ernesto,Pitcher,0.8,0,0.567465165550624,0.8470656818050334,0.7415008475369119,0.1529343181949666,0.8397569166799936,0.1666685466330247,0.2530265129030284,0.5651970496550197,0.8182337700637294,0.5026614720952829,0.4213747681806091,0.4528480285945457,0.4473227081252443,0,0,0,0,0,0,0,0,0,0,0
464,Hufflepuff,Sammie,Tyner,1.0,0,0.5481651021449669,0.720880615423828,0.5305988523436999,0.2791193845761721,0.8096380404072712,0.2403574299076126,0.3483891342111882,0.6352726196337678,0.7924500561088114,0.6641186574109558,0.2410830877199586,0.4630766086537135,0.3737351804403526,0,0,0,0,0,0,0,0,0,0,0
455,Slytherin,Wendy,Norris,1.0,0,0.2978983344416436,0.1576033811853281,0.22779240987428,0.8423966188146722,0.1753291753291753,0.1399819933799695,0.0926641694755308,0.7768199761706603,0.9511716631375282,0.9933362542788507,0.3487542844103301,0.3822019057415369,0.1787032613888044,0,0,0,0,0,0,0,0,0,0,0
238,Hufflepuff,Lenore,Trinidad,0.8,0,0.5722327315671748,0.7763790461848078,0.6817173980452703,0.2236209538151923,0.8883735806812729,0.3547821645661173,0.25429225438233,0.7650242919222769,0.6639254148030289,0.4807267630458967,0.6730658990834459,0.5435981469243518,0.3276588352803231,1,0,0,0,0,0,0,0,0,0,0
191,Hufflepuff,Geoffrey,Joyce,0.4,0,0.6711643443700416,0.7374505088424047,0.6599638522857144,0.2625494911575952,0.7661922277306893,0.2158043435372815,0.239975121991681,0.6313452508294838,0.8133483328860535,0.4979804748059393,0.2094967759535243,0.439084714034898,0.3286576627437356,0,0,0,0,0,0,0,0,0,0,0
6,Gryffindor,Tom,Guido,0.8,0,0.5686172927330931,0.8042485173510389,0.2480166220940227,0.1957514826489613,0.6333445105435446,0.0732504425995715,0.649741155459634,0.074053128615239,0.0879331157235492,0.3479249947498167,0.5442036156890848,0.090240865023169,0.9619577018282884,0,0,0,0,1,0,0,0,0,0,0
286,Gryffindor,Kayla,Jameson,0.2,0,0.5057297063235544,0.8160762892272293,0.27289579872327,0.1839237107727707,0.7568633722479876,0.2696192988688973,0.7007440878913429,0.1720860943133821,0.1845590299396679,0.4303383405015297,0.5330756952744355,0.2258257679927282,0.8786641768358883,0,0,0,0,0,0,0,0,0,0,0
1356,Hufflepuff,Leila,Ruiz,0.2,1,0.5722327315671748,0.8335061055408381,0.5436205958269351,0.1664938944591617,0.8189135881443573,0.2842560341938326,0.1009036577557635,0.705901392302652,0.8416584516868642,0.4542153603581867,0.2429640522897019,0.3781761657100156,0.1811569027663178,1,0,0,0,0,0,0,0,0,0,0
670,Gryffindor,Vilma,Zhang,0.8,1,0.4817360778188454,0.7574063147924037,0.1467056025953269,0.2425936852075963,0.7017964710272402,0.438838194995847,0.6049975963596697,0.2890409704585727,0.190473433129629,0.4249244581668572,0.4470265513051514,0.2194317474238358,0.706670430364355,0,0,0,0,0,0,0,0,0,0,0
334,Ravenclaw,Caridad,Saldivar,0.2,0,0.6806983901149034,0.2200415030801983,0.667421695708365,0.7799584969198019,0.6999306999307,0.672146240166085,0.6559940673742988,0.6743898127864747,0.719975198039571,0.5894585032002696,0.5052091944191048,0.7937465153766992,0.3386025100968428,0,0,0,0,0,0,0,0,0,0,0
779,Ravenclaw,Lindsey,Reichert,0.6,0,0.6111764069096701,0.226190553149326,0.6744074698525357,0.7738094468506743,0.7194946425715656,0.6710078116111843,0.7261474772401633,0.6823643975417784,0.711815458658508,0.6881693834805175,0.3432935257323393,0.8292878482728344,0.3977938941242889,0,0,0,0,0,0,0,0,0,0,0
1168,Gryffindor,Kim,Ochoa,0.6,1,0.4765708364907288,0.7992985836067418,0.325493108267549,0.2007014163932582,0.8370382216536063,0.4642330980383174,0.7848437211045178,0.2006002441914912,0.3151520754645846,0.5036138763595003,0.3073625397980429,0.3540733807625773,0.8324141225517872,0,0,0,0,0,0,0,0,0,0,0
1145,Slytherin,Freddie,Bower,0.6,1,0.7407559191500549,0.309457845832851,0.1524211439265479,0.6905421541671491,0.1225545071698918,0.3253840271435684,0.2968581050743221,0.6409117357876547,0.725018972819819,0.7892600684272851,0.4445062406278808,0.1868650826848825,0.2053458982933078,0,0,0,0,0,0,0,0,0,0,0
85,Hufflepuff,Hallie,Slade,1.0,0,0.5873683559377078,0.691580456341091,0.6181979531924027,0.3084195436589091,0.7994562609947226,0.3123174671756299,0.3684353450948344,0.5697747007282028,0.6922091628079561,0.6053553582308508,0.5241552645703392,0.5178581154034252,0.3696747296651756,0,0,0,0,0,0,0,1,0,0,0
142,Gryffindor,Dick,Enos,1.0,0,0.5539180056601147,0.7242465545118948,0.2175441405151615,0.2757534454881052,0.6774348312809851,0.2595585001609645,0.7334705358612698,0.2041649120418126,0.2658501592543467,0.5511127657407922,0.7695292498643408,0.223466190240641,0.8213184522517046,0,0,0,0,0,0,0,0,0,0,0
389,Hufflepuff,Karyn,Taft,0.2,0,0.6170530287799824,0.7611096349752077,0.5915696938805427,0.2388903650247925,0.8438616130923823,0.2773391357221798,0.2921842833889369,0.6791406331639498,0.7638573611651106,0.5524337858762982,0.6587880629324518,0.4689619373859866,0.3204716202718548,0,0,0,0,0,0,0,0,0,0,0
1545,Slytherin,Ben,Munger,0.4,1,0.5722327315671748,0.1619934634238919,0.1596545983555803,0.8380065365761081,0.1651473959166267,0.2083035723766369,0.1143302797892412,0.7813306367409993,0.8634389846415294,0.8835740228331564,0.413686577844597,0.3201824889853625,0.1084596343422938,1,0,0,0,0,0,0,0,0,0,0
1032,Ravenclaw,Allene,Lister,0.8,1,0.3130770301408843,0.2691646163998514,0.7639072069896293,0.7308353836001488,0.7068073991150914,0.6509800072448467,0.6437034626460149,0.7082470683842316,0.7797186554108927,0.8062338859425551,0.3430557701834111,0.8928330598038565,0.4849958744083034,0,0,0,0,0,0,0,0,0,0,0
765,Hufflepuff,Wiley,Wayne,0.2,0,0.5609312899185005,0.6753908841204077,0.6507174363858773,0.3246091158795923,0.7761607761607761,0.2170731165502517,0.2658300651367226,0.5701993338506743,0.8069258989164871,0.4978748737292137,0.4263175117536111,0.4826222221972683,0.3947974117340513,0,0,0,0,0,0,0,0,0,0,0
1019,Gryffindor,Leann,Almond,0.0,1,0.5097118908804107,0.7550236987145216,0.214027131963798,0.2449763012854785,0.7688043072658457,0.2523976899386778,0.6327570187213201,0.2587570136292266,0.2402974608146059,0.4579536807936366,0.3115668961559894,0.2438497977865734,0.7609545316367743,0,0,0,0,0,0,0,0,0,0,0
1480,Slytherin,Lucas,Seaman,0.6,0,0.5857368201289764,0.2544559144518811,0.1897379367871895,0.745544085548119,0.6333445105435446,0.2520381808843074,0.2459012452680698,0.6750963700188181,0.8104528806404507,0.8295610840400808,0.5480668045008704,0.2947341411389644,0.1988752334216355,0,0,0,0,1,0,0,0,0,0,0
383,Hufflepuff,Nelda,Day,0.6,0,0.5316564341277082,0.8310450216131178,0.5751070139112343,0.1689549783868823,0.8205128205128205,0.3464300887353362,0.240821501061241,0.7951869247207506,0.71093979748475,0.6165515862923039,0.6269577135795997,0.4580545400746418,0.2882268641160377,0,0,0,0,0,0,0,0,0,0,0
75,Hufflepuff,Jessie,Madden,0.8,0,0.6136121120269706,0.7098427127173239,0.7669007875345609,0.2901572872826762,0.7207740284663362,0.3182915360932741,0.2755427099995891,0.7209757806105714,0.6734863059201398,0.4891286700105536,0.339091533042315,0.5120979944852416,0.3804012680766057,0,0,0,0,0,0,0,0,0,0,0
1084,Gryffindor,Sydney,Plummer,0.4,0,0.4133507570016856,0.7606848368554271,0.3896523003403877,0.2393151631445729,1.0,0.2595599785127196,0.594638391563167,0.1187336490993948,0.2811559409804821,0.1936125462799086,0.4295402975005944,0.3912076041007528,0.8395579102792374,0,0,0,0,0,0,0,0,0,0,0
478,Gryffindor,Sabina,Hare,0.6,1,0.6066452221517715,0.6279540734638134,0.1833216441030088,0.3720459265361867,0.737565968335199,0.3624159449258992,0.6062213174178633,0.1794067453670694,0.2007993491098903,0.2341693539780086,0.4740576601736634,0.2494695512001696,0.702588265948669,0,0,0,0,0,0,0,0,0,0,0
735,Gryffindor,Carter,Costa,0.6,0,0.5722327315671748,0.5075954586018546,0.2712496008907742,0.2502768844596253,0.7221067221067221,0.1934556324825492,0.7315288422416808,0.1756275010179524,0.264445249728842,0.5033300545539954,0.6948243891280301,0.2282785497678603,0.851261562513571,1,1,0,0,0,0,0,0,0,0,0
156,Gryffindor,Alberto,Michaels,0.6,0,0.4956543927748481,0.8207944683463506,0.3416107848778608,0.1792055316536494,0.8118769657231196,0.2228183140290642,0.703792895172015,0.1678404780598203,0.3512119596275136,0.5087456349998725,0.3694939369007793,0.2825965630174302,0.8619446736439833,0,0,0,0,0,0,0,0,0,0,0
498,Ravenclaw,Clara,Broughton,0.8,1,0.6971993257349643,0.255601544486044,0.7684732683752853,0.7443984555139561,0.7722160029852337,0.7946641731986375,0.7232907723153138,0.6821353231938362,0.7797434725673047,0.5954060718675486,0.5123854310126673,0.8791132591706308,0.3403613149780692,0,0,0,0,0,0,0,0,0,0,0
634,Ravenclaw,Olive,Hendrick,0.8,1,0.515905541035832,0.1851665273603129,0.8270889486714089,0.8148334726396872,0.7117650194573272,0.5477746063576564,0.6549850227640424,0.6068539198050095,0.6010639791912142,0.509865906065129,0.6619173068248427,0.8653224325800842,0.5354583749511443,0,0,0,0,0,0,0,0,0,0,0
653,Slytherin,Benita,Mcclain,0.4,0,0.5519307795802855,0.2416060437018499,0.2898326763267179,0.7583939562981502,0.3129164667626206,0.3265461505049289,0.3828577074068104,0.6407718774778084,0.6307035883899997,0.7371143188606849,0.5691376794247441,0.393598062703849,0.3381899509271724,0,0,0,0,0,0,0,0,0,0,0
409,Gryffindor,Harry,Potter,0.4,0,0.5648516152977746,0.7665152959097162,0.1664019771407835,0.2334847040902838,0.6605895836665067,0.2583336091870915,0.6947047533798573,0.2340841285280119,0.116944410426412,0.4749155111278541,0.1807361286637734,0.1605298929445115,0.8227515525252964,0,0,0,0,0,0,0,0,0,0,0
189,Gryffindor,Marcia,Doe,0.8,0,0.5570418941280175,0.7514195668761887,0.2339024041373031,0.2485804331238113,0.739378431686124,0.2999571416978314,0.4590815701851126,0.2382896900000962,0.3092270151359049,0.4703217022373347,0.4794295344280125,0.2432327422364138,0.7399357276240934,0,0,0,0,0,0,1,0,0,0,0
561,Ravenclaw,Augustine,Stahl,0.8,1,0.6542226621097073,0.2714586560044579,0.6302162647213261,0.7285413439955423,0.7994029532491072,0.7427895500622853,0.7258832745443032,0.7216740755135223,0.770549343537546,0.6986965360260555,0.3464880559675825,0.8396772894922575,0.3093976636122812,0,0,0,0,0,0,0,0,0,0,0
1061,Gryffindor,Alda,Ocampo,0.4,1,0.4718540742000835,0.7086102404745602,0.1689188535330037,0.2913897595254398,0.7086198624660163,0.305385093360974,0.6791810653783943,0.2621437160192038,0.2159856436765425,0.523047204731481,0.4056178697720375,0.2459289212644984,0.7790419941807444,0,0,0,0,0,0,0,0,0,0,0
271,Ravenclaw,Lane,Rodrigues,0.4,0,0.6340797674094923,0.1927824999348171,0.6590063883156101,0.8072175000651831,0.7237059544751853,0.8430959338227184,0.7552911424568653,0.5774802662995835,0.8005945451592297,0.6080500497961288,0.5679886601659396,0.8532443702804942,0.3715203891084379,0,0,0,0,0,0,0,0,0,0,0
1337,Hufflepuff,Brandie,Lerner,0.8,0,0.725476702287243,0.6161580051031901,0.7451058667065831,0.38384199489681,0.6018444479982942,0.3207961652293914,0.3281888048726419,0.4658827893830199,0.6979713506989409,0.3372426679181053,0.3921343729612828,0.4354017514495748,0.4670821209884049,0,0,0,0,0,0,0,0,0,0,0
713,Ravenclaw,Marybeth,Powell,0.8,1,0.7486120347029986,0.1276538204583138,0.6336419598882277,0.8723461795416864,0.6661335892105122,0.7767683079935727,0.605023172203904,0.6102408267844037,0.7183709772544499,0.406944208094954,0.515994340187591,0.7885551635870968,0.2696834151213792,0,0,0,0,0,0,0,0,0,0,0
722,Slytherin,Mckinley,Padilla,0.4,0,0.5366206331286826,0.2038925894017883,0.1648074093447855,0.7961074105982119,0.2271443040673809,0.2039281220837599,0.2039892208039962,0.7705759317551892,0.8144320412791454,0.8932425612301323,0.6418198303691849,0.3250108504081049,0.1467624962001129,0,0,0,0,0,0,0,0,0,0,0
199,Slytherin,Lacy,Mcgowan,0.4,1,0.3175463557212007,0.1828016697903512,0.3171874982292333,0.817198330209649,0.2020896636281252,0.3079882975176098,0.3171337874251234,0.644984893191577,0.7328516840544463,0.8822273291622587,0.6021303073779042,0.4293356293713952,0.38830503322187,0,0,0,0,0,0,0,0,0,0,0
232,Hufflepuff,Una,Linville,0.6,0,0.5992762476222878,0.7657931939486899,0.5220189465058446,0.2342068060513101,0.7805320113012421,0.1320180708296414,0.2914642335160726,0.491858125218374,0.8650003796109362,0.5304482148292753,0.2032572508198474,0.4311298068150108,0.4605897424762236,0,0,1,0,0,0,0,0,0,0,0
1242,Hufflepuff,Kathryn,Nesmith,0.6,1,0.5649985308445324,0.6909406180093509,0.714147835185338,0.3090593819906492,0.5935284396822859,0.3776766162913824,0.4590815701851126,0.7058686930139861,0.6205491656847814,0.5899080026977093,0.4906556453658837,0.4708299481370146,0.4414817388283319,0,0,0,0,0,0,1,0,0,0,0
459,Gryffindor,Kyle,Page,0.4,1,0.4983066050136863,0.7903436168893946,0.2020162114360014,0.2096563831106054,0.6854843008689162,0.1963415381536671,0.6258757392117005,0.1761563142372217,0.1192252058278644,0.3936680273178157,0.1496425545104251,0.1535685069220835,0.8656794198115256,0,0,0,0,0,0,0,0,0,0,0
233,Ravenclaw,Tamra,Elrod,0.6,0,0.6276618777353355,0.3033796053308421,0.7477948917119108,0.696620394669158,0.8223252838637454,0.813986226407897,0.7664641731885216,0.6197910374277734,0.830772535369935,0.6464294021349527,0.5661367593707696,0.8867770441860063,0.389629565292917,0,0,0,0,0,0,0,0,0,0,0
995,Slytherin,Judy,Prince,1.0,0,0.5532530195011057,0.2503837604313267,0.3167751287464005,0.7496162395686734,0.1067221067221067,0.3703240892323082,0.3101530813475547,0.5697747007282028,0.6982168111186845,0.6999929975606367,0.1887950609635474,0.2911805973928704,0.3742997350935858,0,0,0,0,0,0,0,1,0,0,0
55,Slytherin,Sallie,Olivares,1.0,0,0.7168473470145215,0.3662012643786966,0.083473793465097,0.6337987356213034,0.3023615331307639,0.3322759500493163,0.3863113871350551,0.768403092974277,0.6487583414662679,0.893824316796963,0.4250096719775258,0.2495358046623352,0.1751422243453337,0,0,0,0,0,0,0,0,0,0,0
1548,Slytherin,Carrol,Hacker,0.2,1,0.558603838361969,0.1799358008624394,0.3344201217657269,0.8200641991375609,0.2893011354549816,0.1832473559367124,0.1946992670086169,0.7122834265834129,0.7127797000777049,0.5839482928558049,0.4315048238095111,0.3948521059898185,0.2300994484735311,0,0,0,0,0,0,0,0,0,1,0
1541,Hufflepuff,Peggy,Brackett,1.0,0,0.675247050090469,0.7207145822600195,0.6272974452264896,0.2792854177399805,0.7821845514153207,0.1297468120839931,0.2044445177713114,0.7744169888993714,0.9043781125030892,0.6593821676910362,0.5815817526425954,0.458920888312946,0.2243236200981457,0,0,0,0,0,0,0,0,0,0,0
1499,Ravenclaw,India,Fort,0.4,1,0.5722327315671748,0.1698256950946852,0.6615850100954727,0.8301743049053149,0.7909803294418679,0.8620687524898663,0.7427822478444809,0.7006585032277705,0.6419646504520408,0.4962749124015893,0.6692720935372463,0.8575491609111312,0.1839796760324836,1,0,0,0,0,0,0,0,1,0,0
452,Slytherin,Jesse,Delgado,1.0,0,0.4461902479006541,0.2043806407377291,0.3251038225075772,0.795619359262271,0.2169092169092169,0.2408207590572646,0.2462984740140157,0.6215920226399853,0.7897631878569575,0.7854116503678215,0.5408948502501976,0.3799130732117596,0.3190385199982629,0,0,0,0,0,0,0,0,0,0,0
1105,Hufflepuff,Guy,Keeling,0.8,1,0.6350463170592147,0.7730920160762437,0.624123125543553,0.2269079839237563,0.7459885921424383,0.2200229748445219,0.3390562959046169,0.737935351077779,0.7778811928767521,0.7184998478807384,0.6482273279795889,0.445430728917222,0.3518261171668042,0,0,0,0,0,0,0,0,0,0,0
963,Ravenclaw,Eunice,Mcclinton,0.4,0,0.786044569537448,0.2683481993975179,0.7168826230595644,0.7316518006024824,0.7841569380030918,0.774138147497641,0.6940796578131126,0.7401885394005732,0.8008719368291697,0.6052341911218351,0.804240146156035,0.8460131979142512,0.2492508794024406,0,0,0,0,0,0,0,0,0,0,0
463,Ravenclaw,Donovan,Peterman,0.6,0,0.4994973941821443,0.2540819586791921,0.5358985643740949,0.745918041320808,0.7158697158697158,0.6636803471408524,0.6801419517826873,0.6597770135052554,0.7789652375591017,0.7753531302737874,0.5316892231250342,0.7777676401246688,0.3733009076301732,0,0,0,0,0,0,0,0,0,0,0
1467,Hufflepuff,Jerold,Salisbury,0.4,0,0.6678394135749965,0.5434625705426268,0.5220189465058446,0.4565374294573733,0.6894823817900742,0.3776572699123428,0.2319671697025702,0.6109579576622194,0.6781530210683016,0.2836465313292103,0.6355040217603519,0.5211342929604573,0.3265080123333478,0,0,1,0,0,0,0,0,0,0,0
1010,Hufflepuff,Bertha,Randolph,0.2,1,0.6361675146528927,0.6851461593014342,0.5946329985801795,0.3148538406985659,0.796844181459566,0.1612146279344793,0.3726728065774243,0.8306549104820821,0.8262826367658826,0.8309291357153001,0.2838082290116994,0.5164272090616773,0.2901593781213358,0,0,0,0,0,0,0,0,0,0,0
250,Ravenclaw,Verda,Stephenson,0.8,1,0.4813958523421431,0.2212999522095559,0.6754371841871866,0.7787000477904442,0.7326083479929634,0.7774643493180373,0.6587873535510547,0.5979291486953854,0.7856233348877585,0.6081170064019504,0.6134986117598095,0.8568285141425872,0.4027880314413515,0,0,0,0,0,0,0,0,0,0,0
139,Gryffindor,Rashad,Massie,0.2,0,0.6712648655336128,0.8613829632332165,0.408122685465016,0.1386170367667835,0.88011088011088,0.2416330355023825,0.6799918962690483,0.088702448872615,0.2075851603065585,0.1945774431097278,0.6070857324165272,0.2497713413350291,0.8702175706778998,0,0,0,0,0,0,0,0,0,0,0
174,Hufflepuff,Carmen,Champion,0.8,0,0.7196310100057219,0.7597550513444354,0.6580289662127684,0.2402449486555645,0.7834639373100911,0.2040583096449859,0.238768289245201,0.6033310968870234,0.835556827427741,0.4691764217338949,0.4341659468655546,0.4196398843596352,0.318973379076736,0,0,0,0,0,0,0,0,0,0,0
1091,Hufflepuff,Minnie,Alfred,1.0,1,0.5730788859162117,0.743830423766116,0.6349319027334192,0.4929142768321042,0.7388986619755851,0.1930934144235957,0.3144016301439985,0.6240764435232617,0.8131652464206433,0.6509037018667095,0.4875056091336414,0.4443350201764253,0.4096061145611673,0,0,0,1,0,0,0,0,0,0,0
914,Ravenclaw,Marylou,Laporte,0.4,0,0.3572908773177861,0.2400164188252608,0.612982089903264,0.7599835811747393,0.7106988645450184,0.7712024187179958,0.6937081452816459,0.7640074986680926,0.6419646504520408,0.9472792600637466,0.6908114716962908,0.8904150891698616,0.3531940765188692,0,0,0,0,0,0,0,0,1,0,0
512,Gryffindor,Terri,Ibarra,1.0,0,0.4311430029537757,0.7267842170052067,0.1923536532394073,0.2732157829947934,0.7106455567994029,0.1329646118537347,0.5670291054665492,0.1783752585089733,0.1595265892744777,0.3790940044415256,0.5861014271262658,0.1874706280996648,0.8449211794849525,0,0,0,0,0,0,0,0,0,0,0
115,Gryffindor,Sharyn,Oconnell,0.4,1,0.4417286547175355,0.7696871608470698,0.2663672687316626,0.2303128391529302,0.7547843701689856,0.2264331285203282,0.6105235108847886,0.1732337798509085,0.2894277668379099,0.4340084043259178,0.558044555991803,0.2442546176697989,0.8286793763842446,0,0,0,0,0,0,0,0,0,0,0
456,Slytherin,Valeria,Goode,0.8,0,0.5234059663176778,0.5075954586018546,0.7029507457040433,0.8723324156270131,0.6682658990351299,0.7077006371036716,0.6904900453485237,0.7397309901977082,0.7263512220926047,0.5839482928558049,0.511795171951926,0.8944020877701169,0.3752768489164893,0,1,0,0,0,0,0,0,0,1,1
439,Ravenclaw,Prince,Cardoza,0.6,0,0.7281134497316858,0.2594268668043878,0.7309435673193699,0.7405731331956122,0.7636867636867637,0.6686407943228473,0.6868991211064503,0.6319835339392087,0.5856564356822701,0.4407897458161516,0.947774497809544,0.7998541862362366,0.4084118643331741,0,0,0,0,0,0,0,0,0,0,0
351,Ravenclaw,Bernardo,Arce,0.6,1,0.8277608524194671,0.2176435424537454,0.6517351945218454,0.7823564575462547,0.7658190735113811,0.7630410814977269,0.7007572849834159,0.6860108829747523,0.706858829081921,0.5045828285871281,0.4397708165486984,0.808431482971457,0.2627133365180006,0,0,0,0,0,0,0,0,0,0,0
134,Ravenclaw,Felton,Staley,0.0,0,0.3588141595657486,0.2951026291509414,0.7321727310168414,0.4929142768321042,0.7393251239405085,0.5987693708492011,0.6467439134608348,0.6668510386853888,0.7503047852828587,0.7566331196088383,0.8009238366005258,0.8545520339532157,0.4968080948451818,0,0,0,1,0,0,0,0,0,0,0
1297,Hufflepuff,Darwin,Gillespie,0.4,0,0.6300047940862626,0.6892091104931366,0.6454879925359737,0.3107908895068634,0.7206674129751053,0.1863434841609056,0.3043977581929985,0.7813998812917557,0.8099652436164813,0.5839482928558049,0.4878222789908141,0.4834369151938836,0.3117427367872498,0,0,0,0,0,0,0,0,0,1,0
1162,Gryffindor,Dewey,Forrest,0.6,1,0.4841408533473547,0.7674146990683199,0.1888357127582937,0.2325853009316802,0.7262647262647263,0.227752503244187,0.6143963518699892,0.2574789762442186,0.1986368424537219,0.4671974382866578,0.7246787408021336,0.2053503600987963,0.7827984539887958,0,0,0,0,0,0,0,0,0,0,0
1599,Hufflepuff,Kylie,Nowak,0.8,0,0.5645345870126657,0.8349431194547129,0.7173775885872146,0.165056880545287,0.816674662828509,0.3911582069395454,0.1211317915871229,0.7743812376366792,0.6670831205967619,0.3701660425753733,0.5438127156797729,0.4780437149326881,0.2751118252486211,0,0,0,0,0,0,0,0,0,0,0
1142,Slytherin,Leonard,Gaither,0.2,1,0.619481001500085,0.3380089797278918,0.1228791896513826,0.6619910202721083,0.0799083106775414,0.224043140075845,0.2205938417145699,0.6583709082109532,0.9245750307563536,0.9867098822358084,0.2403655345646616,0.1634416764596397,0.1793980978850914,0,0,0,0,0,0,0,0,0,0,0
440,Hufflepuff,Merry,Martinson,1.0,0,0.4146961941140992,0.8065947793982855,0.8515989576881235,0.1934052206017146,0.6065355296124527,0.3664568032474148,0.1615369464223986,0.6039645979034658,0.6272421025117124,0.3892734862491265,0.8018501359359976,0.4514811298348886,0.5229296043774699,0,0,0,0,0,0,0,0,0,0,0
1388,Ravenclaw,Lettie,Estrella,0.2,1,0.5143049348158916,0.2653648908593902,0.7520309974088348,0.7346351091406099,0.7322885015192707,0.7056567612677981,0.5537893534356182,0.6279565474297565,0.6571060138884338,0.440656537430501,0.380115297624381,0.8230577769492976,0.4122551787032614,0,0,0,0,0,0,0,0,0,0,0
1561,Ravenclaw,Keshia,Nava,0.2,0,0.6227981998979324,0.267887483851419,0.6020268540916526,0.7321125161485812,0.7456687456687456,0.73251293322541,0.7013390534441132,0.6552740997411285,0.7378176769480224,0.652867848453284,0.511795171951926,0.7924879803305823,0.3515655534806965,0,0,0,0,0,0,0,0,0,0,1
1589,Hufflepuff,Dionne,Hynes,1.0,0,0.4947187727139168,0.8446711473368934,0.6913551176260416,0.1553288526631067,0.7669385361693054,0.2669800578257768,0.2895842542073917,0.6471546218944751,0.7264466075389496,0.6016294662582224,0.5649109873486666,0.4496333320045209,0.4563555825769748,0,0,0,0,0,0,0,0,0,0,0
327,Slytherin,Susan,Keenan,0.6,0,0.748565640319812,0.2658493726125552,0.2981383483559489,0.734150627387445,0.2545444853137161,0.2899653566239939,0.3136160239740223,0.711025137676433,0.5286127277381906,0.6134831288645132,0.6324641719526507,0.3082428290452932,0.2547010031701915,0,0,0,0,0,0,0,0,0,0,0
534,Ravenclaw,Jayne,Bard,0.6,1,0.5942192598549402,0.1580624548694909,0.786033681616219,0.8419375451305092,0.7266378804840343,0.8309956786838322,0.7081810882349212,0.7394705655415249,0.7947207426761209,0.653617825308606,0.4701887628631177,0.9487987068222532,0.3292005037564599,0,0,0,0,0,0,0,0,0,0,0
972,Ravenclaw,Erwin,Pullen,0.2,1,0.6001886704916258,0.2006942086030135,0.6246711050572158,0.7993057913969867,0.6829788368249907,0.6796726440429935,0.6788670356262064,0.6492125283455615,0.6255226000918772,0.5837229964994013,0.3589143797724885,0.7873480030476595,0.40239718591219,0,0,0,0,0,0,0,0,0,0,0
804,Ravenclaw,Pam,Acosta,0.2,1,0.517830907938079,0.2710024498437885,0.6332836980486444,0.7289975501562116,0.7918865611173304,0.9255836629673828,0.6492668820447678,0.6554941035052843,0.888156448285901,0.6391186941995158,0.6334957871449922,0.8761885618450804,0.2793676987883788,0,0,0,0,0,0,0,0,0,0,0
1484,Ravenclaw,Maryann,Russell,0.8,0,0.8855991834588559,0.2385467760294378,0.5612696140299857,0.7614532239705623,0.7773868543099313,0.705049434121767,0.8146677789897264,0.6864624156946875,0.5953268651078846,0.5793647649130079,0.8574761202210086,0.7594494000412125,0.3141746645242541,0,0,0,0,0,0,0,0,0,0,0
159,Ravenclaw,Mickey,Bratcher,1.0,1,0.5722327315671748,0.2160456014152464,0.6437665142781346,0.7839543985847536,0.7690708459939228,0.9248821394634216,0.7864500487237417,0.6304390198131745,0.7740797233351394,0.6115710262197513,0.5025148773124417,0.8748744412671483,0.3298519129717288,1,0,0,0,0,0,0,0,0,0,0
1140,Hufflepuff,Carrie,Mann,0.6,0,0.6367474444427261,0.7866876430445328,0.7271246082192949,0.2133123569554672,0.75776960392345,0.2411443724045179,0.3133367960427076,0.6459340511941495,0.747642072281432,0.5543129382074983,0.5042332626248337,0.4592779832446123,0.4160550657923308,0,0,0,0,0,0,0,0,0,0,0
135,Ravenclaw,Lloyd,Blair,0.2,1,0.5722327315671748,0.2807415555837719,0.717535270152066,0.7192584444162282,0.7999893384508769,0.7953120661171469,0.717751239472476,0.5903344436055588,0.7423314157505007,0.4605051678126578,0.3204240755366235,0.8186912246166423,0.3391019238285491,1,0,0,0,0,0,0,0,0,0,0
307,Ravenclaw,Rene,Upshaw,0.2,1,0.3693998113295084,0.1303880955323464,0.820299808808096,0.8696119044676537,0.582600351831121,0.696979285434136,0.6197535951521271,0.6874418230914492,0.732023484370351,0.687954292589085,0.6829137585527093,0.9092712175308914,0.478416641334086,0,0,0,0,0,0,0,0,0,0,0
67,Ravenclaw,Sydney,Lamar,0.0,1,0.4239750707514343,0.1808311505350905,0.7908307990220818,0.8191688494649094,0.6716775947545179,0.5494246658934107,0.5561325287995462,0.7433694144377189,0.6867709684575608,0.6442496565864145,0.5846931596186682,0.8742399801464201,0.4328831371867808,0,0,0,0,0,0,0,0,0,0,0
140,Gryffindor,Dave,Naquin,0.2,1,0.6273525818474244,0.7118693188307825,0.2265780207281641,0.2881306811692176,0.707607015299323,0.3955723885441402,0.7483151686646112,0.1678729539241583,0.1612023369732776,0.3826286228887484,0.5857013588865911,0.2272928891506587,0.8212315976896688,0,0,0,0,0,1,0,0,0,0,0
94,Hufflepuff,Sarah,Mccurdy,0.8,1,0.4980514359061596,0.7012120878926889,0.8030086687588464,0.2987879121073112,0.7704035396343089,0.3087842298168262,0.2349298104565037,0.5882848738596302,0.679031297720398,0.3579047811113119,0.739329968713644,0.538266989100183,0.4644330568463108,0,0,0,0,0,0,0,0,0,0,0
1536,Hufflepuff,Eliseo,Yocum,0.6,0,0.5484743980328781,0.7652955066683365,0.80062286588398,0.2347044933316636,0.6634682019297403,0.3955723885441402,0.2786358580188786,0.589677400554016,0.7391519928583091,0.5322334735358285,0.3535977186076026,0.4557039458428478,0.5010856820254483,0,0,0,0,0,1,0,0,0,0,0
911,Hufflepuff,Beatrice,Trombley,0.2,1,0.4361922583239256,0.7081376257398027,0.8275232028396057,0.2918623742601974,0.6561650407804255,0.3614033569237151,0.2568262396511467,0.6625649823847519,0.604192924671945,0.4600593337673913,0.523354329585146,0.5301085489986463,0.5057975420158944,0,0,0,0,0,0,0,0,0,0,0
445,Ravenclaw,Evangelina,Steadman,0.4,1,0.7251519416049363,0.7449444771232986,0.5904032883450556,0.2550555228767016,0.778826163441548,0.1843594739441716,0.1392457035993179,0.6302763730932278,0.9157096000724686,0.4592971973950967,0.2497303794812436,0.3899128542384524,0.2152473183653971,0,0,0,0,0,0,0,0,0,0,0
855,Slytherin,Noreen,Reinhart,0.2,1,0.5823422977591513,0.2721930614289214,0.2199938734658889,0.7278069385710787,0.0968068660376352,0.3087152800463569,0.2603722734403141,0.6250170133655867,0.6419646504520408,0.8227680393438672,0.3209227786212024,0.2429028786006369,0.2666652190906328,0,0,0,0,0,0,0,0,1,0,0
731,Ravenclaw,Sonya,Ford,0.8,0,0.6599446360360639,0.2168560659067884,0.7475657809961079,0.7831439340932118,0.7065941681326297,0.7274010553236668,0.7181936012410134,0.7733845307239072,0.7940847074514032,0.7429848164909548,0.4585844023613711,0.8790624461339704,0.3221218569505363,0,0,0,0,0,0,0,0,0,0,0
47,Hufflepuff,Chelsey,Barney,0.2,1,0.5919923294619798,0.7377460657860434,0.6826578921922919,0.2622539342139567,0.7391652007036622,0.2655946272840363,0.1535407072493751,0.6682071381692294,0.7841979324645906,0.4435053270178771,0.686399757952658,0.4490465958353527,0.3094410908932992,0,0,0,0,0,0,0,0,0,0,0
1093,Hufflepuff,Terri,Spring,0.6,1,0.5731794070797829,0.6729518266538883,0.5993585364987782,0.3270481733461117,0.8564955488032411,0.2848639672807274,0.4113461491232827,0.7202733624192895,0.7107858451126664,0.655082606468803,0.511795171951926,0.5529213565789409,0.3724757892908325,0,0,0,0,0,0,0,0,0,0,1
311,Hufflepuff,Gene,Castleberry,0.6,0,0.3993937800596941,0.8368752552585875,0.6990756224088234,0.1631247447414126,0.6992910069833147,0.3874213771112531,0.2203510999830139,0.8486823523597473,0.618166863434263,0.6540794784328215,0.5697526937560297,0.4841365068367403,0.3855908281582491,0,0,0,0,0,0,0,0,0,0,0
657,Gryffindor,Yesenia,Burchfield,0.2,0,0.54112088829779,0.6629355585777155,0.1695950965448373,0.3370644414222846,0.7058478596940135,0.2073522418464157,0.5758261230707796,0.1925042689420712,0.190213346886286,0.3271484088229741,0.662893596710053,0.2020593035862781,0.755699830633604,0,0,0,0,0,0,0,0,0,0,0
1150,Slytherin,Henrietta,Rhyne,0.6,0,0.4065153178788488,0.156059477943599,0.1448737448291777,0.8439405220564011,0.2002772002772003,0.2080040597663938,0.1806790072697094,0.7781832028831861,0.8799911757341513,0.9794583286552372,0.3157044794257351,0.3591889340997025,0.1517783471576844,0,0,0,0,0,0,0,0,0,0,0
1219,Ravenclaw,Virgie,Lafleur,0.8,0,0.6284041878663224,0.3682462806768403,0.6997740487611331,0.6317537193231598,0.8529239298470067,0.6180641309937976,0.6430954727491864,0.8829976404118235,0.8119586417944977,0.8097497506948464,0.3706040033659157,0.8521436083095323,0.2560255352412385,0,0,0,0,0,0,0,0,0,0,0
1283,Hufflepuff,Gayle,Bolling,1.0,1,0.4992499574718154,0.846968756189527,0.5468436599811602,0.153031243810473,0.9600191907884216,0.3095133623540998,0.3011074573398923,0.7894454838988804,0.7239462866315457,0.6527589843445223,0.6581188794733357,0.509427643078001,0.3043166717331828,0,0,0,0,0,0,0,0,0,0,0
690,Ravenclaw,Juan,Drayton,0.6,0,0.6962327760852419,0.2654636403253294,0.7580060487575978,0.7345363596746708,0.8305346766885229,0.7953724985977447,0.7444458001307083,0.5822508380277551,0.7767725053855258,0.5106957800442956,0.3660465256702683,0.877939225362275,0.3832240413427716,0,0,0,0,0,0,0,0,0,0,0
88,Hufflepuff,Marion,Galindo,0.8,0,0.55226327265979,0.7707680725431155,0.750833835535101,0.2292319274568846,0.6650674342982036,0.3853187449120397,0.2221963262323068,0.6317788668906106,0.6318077916860391,0.3952951139673429,0.3865711721813774,0.4456788986653303,0.4312546141486082,0,0,0,0,0,0,0,0,0,0,0
1405,Gryffindor,Rosemarie,Rosenberg,0.4,1,0.5573666548103243,0.77441332250068,0.1506063951097781,0.2255866774993201,0.6399594861133323,0.2600064643051851,0.6372533125642351,0.2884156609043581,0.2171709059429059,0.5438762278942574,0.4330386119197438,0.1542942069207919,0.7455378468754073,0,0,0,0,0,0,0,0,0,0,0
639,Hufflepuff,Bertram,Givens,0.0,0,0.5733263226265407,0.7277617285641785,0.6390921536903865,0.4929142768321042,0.8102777333546564,0.1728166283480335,0.3409907846510635,0.6304476436674216,0.8184676979673046,0.6492668222197603,0.1661672787450173,0.4861639750729773,0.4070221913406002,0,0,0,1,0,0,0,0,0,0,0
296,Hufflepuff,Otto,Bruno,0.0,0,0.4893602214558557,0.7605733551510695,0.8024053647957616,0.2394266448489305,0.7061677061677062,0.2243728800567889,0.2446795571157326,0.5697747007282028,0.7510482837712448,0.4272264393744408,0.6888720608474841,0.4624345676877377,0.5396056802883572,0,0,0,0,0,0,0,1,0,0,0
374,Hufflepuff,Francisca,Chester,0.6,1,0.5475310455747491,0.7055088115695064,0.6147770097498512,0.2944911884304937,0.7944986406524868,0.2757940663848361,0.2332279710651383,0.7137788346296158,0.7699222224419887,0.5534718123090112,0.5287300646929206,0.4940447682504429,0.3077039996525817,0,0,0,0,0,0,0,0,0,0,0
632,Ravenclaw,Orville,Neuman,0.2,0,0.5906159627607751,0.2126430450072368,0.6092492127819523,0.7873569549927634,0.6547790393944241,0.6677680029505668,0.7642468386806431,0.7095503278643998,0.6804661240009157,0.7924482515729193,0.6834719255411547,0.797730987361872,0.4110392148347592,0,0,0,0,0,0,0,0,0,0,0
1309,Gryffindor,Ivory,Pendergrass,0.2,1,0.4898782920681069,0.6472945749245642,0.105874930434309,0.3527054250754358,0.6340956340956341,0.251395597096405,0.661648998842325,0.2698347908775902,0.2035833705200855,0.5515327279414968,0.2324853411720295,0.205480059673034,0.759130585834021,0,0,0,0,0,0,0,0,0,0,0
1368,Ravenclaw,Fernando,Champion,1.0,1,0.4268128605230193,0.356343947935232,0.6358343294486772,0.6436560520647682,0.7969507969507968,0.7126030410728756,0.6817834964539972,0.5966329796900882,0.7787315925841523,0.7041309242840638,0.5724627745228633,0.8110122799107714,0.454249359447605,0,0,0,0,0,0,0,0,0,0,0
1444,Slytherin,Frederic,Colson,0.2,0,0.4730603281629371,0.2684413338376329,0.6468936140445507,0.7315586661623672,0.8359720667412975,0.8656514514935275,0.7735076004189902,0.6039285769947972,0.92672151328035,0.7683874489994057,0.607865568557375,0.916610753610674,0.3782081903852,0,0,0,0,0,0,0,0,0,0,0
112,Ravenclaw,Theresa,Bird,0.4,1,0.7228786168287893,0.163732043635731,0.7759375694525341,0.836267956364269,0.6826056826056826,0.7677090028786409,0.4590815701851126,0.5645209759531379,0.564790632993862,0.3324264529025355,0.511795171951926,0.8273822190305766,0.4335562600425587,0,0,0,0,0,0,1,0,0,0,1
928,Hufflepuff,Reynaldo,Mcgill,0.8,0,0.5531061039543479,0.6838371648320722,0.8078541556290643,0.3161628351679278,0.6495015725784957,0.2946515653462227,0.2210839606891873,0.4489494032390627,0.7188002069854899,0.2922095890282231,0.6226752158043577,0.4578959247944598,0.5126373387762193,0,0,0,0,0,0,0,0,0,0,0
395,Ravenclaw,Daryl,Matheson,0.6,0,0.4588249849218254,0.3766820934457008,0.7973866917072422,0.6233179065542993,0.8196598965829736,0.6784486372734813,0.690207433833083,0.6567715077278825,0.8319625487523524,0.7370896479208113,0.3823542389939051,0.8791612648571991,0.4632605202588266,0,0,0,0,0,0,0,0,0,0,0
212,Slytherin,Chantal,Goldman,0.2,1,0.2342839026955136,0.1028246637866341,0.365976535883275,0.897175336213366,0.3215523215523215,0.2832015837794153,0.2786548499890098,0.6913787501466916,0.7095905052721811,0.8023578658114399,0.5059755449126329,0.5472558433588488,0.369414165979068,0,0,0,0,0,0,0,0,0,0,0
1001,Ravenclaw,Korey,Borden,1.0,1,0.5405718880967477,0.309933099053815,0.5962553981925864,0.6900669009461851,0.6901753824830748,0.6857826994098659,0.6358836886913131,0.6247097987134033,0.6822614727655275,0.6255919725847292,0.3821823510991423,0.7348384847271735,0.4089112780648803,0,0,0,0,0,0,0,0,0,0,0
1515,Gryffindor,Diego,Cooper,0.2,1,0.7286933795215192,0.1733860189377112,0.6821890026278135,0.8266139810622889,0.6980116210885442,0.6886499378299129,0.6465637569877827,0.7214526831620907,0.6401049604346309,0.5169239009280501,0.7147274884290555,0.813068944587962,0.3092022408477005,0,0,0,0,0,0,0,0,0,0,0
162,Hufflepuff,Omer,Carrera,1.0,0,0.5909020614570929,0.6763870639947963,0.7267705509535265,0.3236129360052038,0.7584626046164509,0.1863051732435682,0.2635238967593827,0.9082952793650546,0.7918382727550539,0.7428047979477453,0.4984345660249749,0.5603611150569976,0.2713336518000608,0,0,0,0,0,0,0,0,0,0,0
150,Ravenclaw,Bryon,Small,0.2,0,0.4833830784219723,0.2536583326733336,0.655609711658341,0.7463416673266664,0.716616024308332,0.7198389240403633,0.6751942829241031,0.6580028387494948,0.7521692440786643,0.699858809960951,0.5499061906308689,0.8312091986756052,0.4096929691232032,0,0,0,0,0,0,0,0,0,0,0
964,Hufflepuff,Aurelia,Damron,0.2,0,0.5361257597080247,0.7769169154102522,0.7178964791392827,0.2230830845897479,0.6513140359294205,0.2695867595882327,0.1858619912594004,0.6772599032339837,0.7539899881451045,0.5415363705026782,0.2059609492076361,0.4252573918931589,0.3861553828114822,0,0,0,0,0,0,0,0,0,0,0
541,Gryffindor,Cheryl,Perez,1.0,0,0.8658042466325411,0.616753509351941,0.2015012184222583,0.3832464906480591,0.6374540220694067,0.2283771128414372,0.7232790392096357,0.1596895203840977,0.2250441777301208,0.3297694800735212,0.0,0.1673031865107954,0.7175706778998568,0,0,0,0,0,0,0,0,0,0,0
962,Gryffindor,Rufus,Hutto,1.0,1,0.4096160091551583,0.8226538433435107,0.3080437080910501,0.1773461566564893,0.7989764912841836,0.2171110855558835,0.6783090228271452,0.1818217187719149,0.2780288322548467,0.5068810627149106,0.1458610953257172,0.2719550217597699,0.8904329699917489,0,0,0,0,0,0,0,0,0,0,0
165,Hufflepuff,Chong,Woodard,0.8,1,0.4555387161127693,0.8157971952403544,0.7057566137891097,0.1842028047596456,0.7235460312383389,0.3497995885215817,0.2085796298518152,0.597574001592599,0.6850585217140044,0.4448933707182731,0.6933180031585134,0.44198779476474,0.4533373865462284,0,0,0,0,0,0,0,0,0,0,0
993,Hufflepuff,Geneva,Cazares,0.2,0,0.4895071370026135,0.73907835420387,0.8315130113000793,0.26092164579613,0.6660269737192814,0.3229825574877373,0.1860098600716631,0.727219140008093,0.654618819023936,0.4629032389725691,0.6474747993058658,0.5099189293440517,0.4227211534285839,0,0,0,0,0,0,0,0,0,0,0
648,Hufflepuff,Darren,Gilbert,0.6,1,0.7537618112367196,0.5915293902626464,0.7529220575547351,0.4084706097373536,0.5988592142438296,0.2342711592439836,0.3699030633286974,0.6115420093287328,0.7517141363067384,0.5425751166461025,0.5843851815259249,0.4724433322347237,0.4154470838580796,0,0,0,0,0,0,0,0,0,0,0
1299,Ravenclaw,Lauretta,Edge,0.2,1,0.5908479346767085,0.3489978502964881,0.7320562687008456,0.651002149703512,0.841995841995842,0.6620630049553138,0.671005201220075,0.6942694295782135,0.7848868642696827,0.6592878793912448,0.3700956824844473,0.8467408630580244,0.373518044035263,0,0,0,0,0,0,0,0,0,0,0
268,Hufflepuff,Jarrett,Underhill,0.0,1,0.5177690487604967,0.726848082089405,0.696888630514292,0.2731519179105951,0.7457220534143612,0.3065106203979376,0.265313789978868,0.5948226164408381,0.713296493182773,0.4658236045739194,0.5337889977550027,0.482010500612283,0.4359447604985452,0,0,0,0,0,0,0,0,0,0,0
1523,Ravenclaw,Carlotta,Irons,1.0,1,0.673391274763002,0.2004829347516576,0.6798847916489172,0.7995170652483425,0.7113385574924037,0.6909113360426161,0.703394608452171,0.6597742871292899,0.6858631435221368,0.5856083659531182,0.3767018622251609,0.8188279425661092,0.3738654622834065,0,0,0,0,0,0,0,0,0,0,0
876,Hufflepuff,Jody,Obrien,1.0,1,0.402339823392048,0.8889709379271202,0.622728357790351,0.1110290620728798,0.6333445105435446,0.3398117837920927,0.2770655958300306,0.6517836464649401,0.6863323359498951,0.6434027904382277,0.5964919406914914,0.4112624709509453,0.472401962913102,0,0,0,0,1,0,0,0,0,0,0
364,Slytherin,Ben,Winstead,0.2,0,0.3723071926758733,0.1876912555751068,0.2795513901841637,0.8123087444248933,0.3243776320699398,0.2080108178045496,0.2734152636148945,0.7219965196183898,0.7872632865127671,0.8911732535569915,0.5080354468900716,0.4500078325067558,0.2854475181308898,0,0,0,0,0,0,0,0,0,0,0
186,Hufflepuff,Ali,Battles,0.6,0,0.5293985741459567,0.8033092044045624,0.7171271918035996,0.1966907955954376,0.7483341329495176,0.3457884473076156,0.2230317494125597,0.7751686618407354,0.6655648873579146,0.5370175091601797,0.6577691940054134,0.4836393251354967,0.3559517088635081,0,0,0,0,0,0,0,0,0,0,0
1069,Ravenclaw,Eddie,Reeve,0.4,0,0.533032800828913,0.1426020748613114,0.6036709893007348,0.4929142768321042,0.689588997281305,0.6655100483110634,0.7448576012645524,0.7005595947120148,0.7270086604936125,0.7792796198663992,0.4589815872192795,0.8525804319838032,0.3925826204021366,0,0,0,1,0,0,0,0,0,0,0
117,Slytherin,Sheri,Tuttle,0.2,1,0.6902169710653697,0.2255298162525653,0.1795607719101002,0.7744701837474348,0.0949944026867103,0.2100601584641653,0.1112935951080235,0.6296183934521673,0.6419646504520408,0.7367119575613483,0.207029360825164,0.1984254696275602,0.114387458201242,0,0,0,0,0,0,0,0,1,0,0
1550,Slytherin,Evangeline,Roy,0.6,1,0.5547221749686838,0.2221718493639524,0.2905315585578233,0.7778281506360477,0.1977184284876592,0.3277682394403979,0.2920033145893124,0.5934313755032576,0.7077825552096239,0.7042153211907879,0.8239093551966454,0.336188034063263,0.3110696139314717,0,0,0,0,0,0,0,0,0,0,0
1437,Gryffindor,Donte,Richard,0.2,1,0.689575182097954,0.7850865344522465,0.3155006507932501,0.2149134655477535,0.737565968335199,0.190982164004612,0.748393055635439,0.0633261383379216,0.1136031372391859,0.2750935408597141,0.3185188406435751,0.1788517825830881,0.9298432275155254,0,0,0,0,0,0,0,0,0,0,0
114,Ravenclaw,Curt,Sorrell,0.4,1,0.9566985756924362,0.1631771192774897,0.6463319196200478,0.8368228807225104,0.7293032677648063,0.8808334102410369,0.7613314941637243,0.5842003336675727,0.6419646504520408,0.3767825933587882,0.7307624713049122,0.7964036722385086,0.2582620402136622,0,0,0,0,0,0,0,0,1,0,0
739,Gryffindor,Flor,Vick,0.8,0,0.4671914386898226,0.6444824640144288,0.0855972433318666,0.3555175359855713,0.6266858574550882,0.3008496330826906,0.554981135217205,0.2517168239468597,0.1949213104098332,0.419521777035049,0.6142816011437698,0.1840282554172037,0.7092109263039041,0,0,0,0,0,0,0,0,0,0,0
1196,Ravenclaw,Leslie,Valle,0.6,1,0.7221827010809891,0.3161025672847568,0.7075326526053953,0.6838974327152434,0.6333445105435446,0.7168397794511693,0.6716747989664813,0.6605417996659741,0.6828372980162505,0.4963192326105463,0.347813112767429,0.8060382170182689,0.3456160159812394,0,0,0,0,1,0,0,0,0,0,0
502,Hufflepuff,Flora,Tyler,1.0,0,0.696758579094691,0.7585077616202868,0.6870579315630144,0.2414922383797133,0.6996108534570074,0.1769767382617507,0.2428287932800452,0.5780708152928637,0.8512372934562235,0.5192895680261335,0.1941588661780731,0.3945587379052344,0.3683501975941286,0,0,0,0,0,0,0,0,0,0,0
1307,Ravenclaw,Lindsey,Horowitz,0.8,0,0.5702024341586379,0.2307516613221979,0.6755269521455902,0.7692483386778023,0.7442827442827442,0.8572442017840887,0.7078128480319985,0.60159853267445,0.7121571443116245,0.542784410460813,0.4646862707107262,0.8535893936067654,0.392387197637556,0,0,0,0,0,0,0,0,0,0,0
728,Gryffindor,Ruby,Delagarza,0.4,1,0.6105964771198367,0.7214545636070774,0.246299861928409,0.2785454363929227,0.7368196598965829,0.2666447472351124,0.6251263419969826,0.1482149123847483,0.218135267436518,0.2879274362761522,0.6495371416286783,0.2137086835268627,0.7806053762973901,0,0,0,0,0,0,0,0,0,0,0
741,Hufflepuff,Jimmie,Gall,0.8,0,0.5614338957363562,0.7126829811538745,0.6614632479766442,0.2873170188461257,0.802068340529879,0.3955723885441402,0.2898480299304518,0.6233181882794013,0.771183134089868,0.5338360253153697,0.7279150490649681,0.4943193270894129,0.3944934207669258,0,0,0,0,0,1,0,0,0,0,0
867,Hufflepuff,Edmundo,Hixson,1.0,1,0.669362695822959,0.6496597748413595,0.8021417765732288,0.3503402251586406,0.6415587184817954,0.3208927484651194,0.1773074882959445,0.6248244979546005,0.7165238656072093,0.3160090532299696,0.4866950189241448,0.4760752010483767,0.3562556998306336,0,0,0,0,0,0,0,0,0,0,0
404,Ravenclaw,Nicholas,Macpherson,0.6,1,0.7615560676120811,0.2260549442439803,0.6633531464146578,0.7739450557560199,0.7922597153366384,0.8677979520142999,0.8113127507496986,0.7663510837032879,0.8707287595920299,0.7709740761275546,0.477667924880071,0.900567028571525,0.2349850175880488,0,0,0,0,0,0,0,0,0,0,0
1488,Hufflepuff,Lola,Clemons,0.6,1,0.3441071400955724,0.9280230857404004,0.6338137823219397,0.0719769142595996,0.8117703502318888,0.3233730217708678,0.2652563174679898,0.7160364498744396,0.6876294316630185,0.6818453050220306,0.4867177955651632,0.4530633523465801,0.4583532375037999,0,0,0,0,0,0,0,0,0,0,0
666,Slytherin,Pierre,Higdon,0.4,0,0.547917665434638,0.1798788512138325,0.3433424160415254,0.8201211487861676,0.2543312543312543,0.2320987099496469,0.2495821147986931,0.6201085990257588,0.7312714291119347,0.6704980208386215,0.280534671718789,0.3861133866243242,0.2946106744256742,0,0,0,0,0,0,0,0,0,0,0
1204,Ravenclaw,Hope,Schmitt,0.8,0,0.5254782487666827,0.2027923243463362,0.7452176389931536,0.797207675653664,0.7065941681326297,0.6956294770170861,0.6067323635939283,0.6796987556491285,0.7604395339770565,0.596718905228468,0.511795171951926,0.8649254732771157,0.3744734442176576,0,0,0,0,0,0,0,0,0,0,1
861,Ravenclaw,Valentine,Dale,0.4,1,0.6579187479702457,0.1853508281817653,0.7139836740230459,0.8146491718182348,0.6955061570446186,0.7890561330421517,0.6584534119815325,0.5954206836689431,0.670682789817734,0.4393706531963892,0.5811352047198858,0.8269532559365634,0.3783818995092717,0,0,0,0,0,0,0,0,0,0,0
1155,Gryffindor,Cori,Trask,0.8,0,0.5194624437468104,0.6390501507153111,0.2780048746630877,0.3609498492846889,0.8627858627858626,0.4507351107974733,0.67638993834538,0.1714097136623605,0.3270005727609404,0.298544975305407,0.7269699157091337,0.3851125663166281,0.7244756155817085,0,0,0,0,0,0,0,0,0,0,0
615,Gryffindor,Grady,Hunter,0.2,1,0.6574006773579946,0.792500878745602,0.2526133260349633,0.207499121254398,0.7223732608347992,0.3471577843717524,0.7197304939016974,0.1886356603219489,0.1850064017857618,0.3812588117059771,0.1961383645635677,0.2020724981317085,0.7997568072262996,0,0,0,0,0,0,0,0,0,0,0
649,Slytherin,Olin,Sewell,0.4,1,0.5719190263365449,0.2677459244625028,0.2816520011400598,0.7322540755374973,0.1754357908204062,0.2228970992318462,0.2582355679430586,0.6431162480522864,0.7782380683666706,0.8153160899234113,0.704007608572993,0.2944691272903069,0.2817344856038564,0,0,0,0,0,0,0,0,0,0,0
978,Gryffindor,Shanda,Trammell,0.6,1,0.6758656418662914,0.6995570836479762,0.3135801220304988,0.3004429163520239,0.7357535049842742,0.3955723885441402,0.7768291133464367,0.092348449117491,0.2623431764657087,0.4161907029798739,0.6981538128893601,0.238399046848497,0.887002214791332,0,0,0,0,0,1,0,0,0,0,0
573,Ravenclaw,Kristal,Smalley,0.8,0,0.864474274314523,0.1260402918044939,0.8315348182652496,0.8739597081955063,0.6890026120795352,0.3955723885441402,0.6231993194707469,0.6913683835894912,0.7210359348566496,0.3589520475476772,0.2357177277675536,0.8715359405380795,0.2524862118382768,0,0,0,0,0,1,0,0,0,0,0
176,Ravenclaw,Dovie,Saul,0.8,1,0.5722327315671748,0.1610143115868758,0.6713612889412359,0.8389856884131243,0.6333445105435446,0.6677155739048551,0.6163879472446036,0.6679096227957663,0.7308753870072692,0.6870467883070516,0.2628916180620129,0.82419587667648,0.4169670386937074,1,0,0,0,1,0,0,0,0,0,0
167,Hufflepuff,Jonah,Rosa,0.2,1,0.6113697168396146,0.712348332104165,0.5431550303724507,0.287651667895835,0.8558558558558558,0.2110982625618969,0.2390595526845342,0.794962438604416,0.8515702793792477,0.6635996685763004,0.5671924131167645,0.4917469522003732,0.2091023581013593,0,0,0,0,0,0,0,0,0,0,0
1121,Ravenclaw,Raymon,Frazer,0.2,1,0.4451231770873606,0.2960400214659816,0.6985100698519782,0.7039599785340186,0.7632603017218402,0.7087064437275448,0.7827464064742344,0.7528806861330306,0.8196387429823028,0.9336921654954348,0.440749129255244,0.8985033455191046,0.4307769140574108,0,0,0,0,0,0,0,0,0,0,0
206,Gryffindor,Jung,Kim,0.6,0,0.4667120300635603,0.8170339157925893,0.5220189465058446,0.1829660842074108,0.8279759048989818,0.4363258814618466,0.7151654343803543,0.1597493305133306,0.1496658481822264,0.3273030569709959,0.2897905916367323,0.2905382756918854,0.868089633908021,0,0,1,0,0,0,0,0,0,0,0
124,Hufflepuff,Jonathan,Kingsbury,0.8,1,0.5000850563691756,0.7776044765992951,0.6650245142204969,0.2223955234007049,0.6333445105435446,0.4989236178297477,0.1140487586868637,0.81839351308919,0.5802145818150383,0.4629625070833518,0.5005014603311828,0.4120207362107176,0.2961740565423199,0,0,0,0,1,0,0,0,0,0,0
1137,Ravenclaw,Marsha,True,0.4,0,0.5746253653557676,0.2620803366604352,0.6426003521215264,0.737919663339565,0.7344741190895037,0.8796326161734118,0.6826009799105373,0.7266896618706615,0.8688297767959411,0.7348756796795889,0.5212593089700648,0.8607641382361645,0.2710948017544621,0,0,0,0,0,0,0,0,0,0,0
893,Slytherin,Shirley,Jennings,0.2,1,0.6306465830536783,0.2490704452719115,0.3577222571881784,0.7509295547280886,0.2365797750413135,0.2815393644335301,0.2955223385563788,0.4765211604935311,0.7658848878764907,0.5989316661875754,0.601810621078006,0.3248946261143068,0.3493724757892908,0,0,0,0,0,0,0,0,0,0,0
672,Slytherin,Kellie,Fritz,0.4,1,0.6013098680853038,0.3145021135068743,0.2349275337456408,0.6854978864931258,0.1244202782664321,0.3363543141432701,0.3616694820103255,0.5652607550866094,0.743471107098573,0.8450079971545008,0.5637251044125937,0.2446538228528407,0.342576106309984,0,0,0,0,0,0,0,0,0,0,0
706,Hufflepuff,Michael,Eller,0.6,0,0.707475681610813,0.7072284296862663,0.5754927448776805,0.2927715703137338,0.7913001759155606,0.1861223904735676,0.3185045696359346,0.6285290568070186,0.8586685003147629,0.5839482928558049,0.597582511128367,0.4375956955462508,0.3108090502453641,0,0,0,0,0,0,0,0,0,1,0
1212,Slytherin,Stan,Kirkwood,0.2,0,0.8049966750692049,0.3243337631630715,0.1010970976698199,0.6756662368369286,0.1812996428381043,0.3323567380749543,0.2824081534899212,0.651684287129333,0.7426578346468218,0.7512394017351092,0.710187690042567,0.1737963065379257,0.1375341989838016,0,0,0,0,0,0,0,0,0,0,0
33,Hufflepuff,Julie,Connolly,0.4,1,0.609676321853301,0.6960910759720459,0.6939388563664054,0.3039089240279542,0.638946638946639,0.3320047151593436,0.0908826801303462,0.6488629415696004,0.756393910010218,0.3458474414493902,0.5915088069084586,0.419567454727269,0.2879445867894211,0,0,0,0,0,0,0,0,0,0,0
836,Hufflepuff,Paulina,Parks,0.2,0,0.5722327315671748,0.646043110743568,0.6972655993806776,0.353956889256432,0.7155498693960233,0.2179310769083075,0.3043354977467457,0.7139895082582077,0.7667973300007341,0.6393934487063994,0.7898715838987602,0.5228566022417254,0.3837017414339688,1,0,0,0,0,0,0,0,0,0,0
617,Ravenclaw,Stanford,Eng,1.0,0,0.6396857553778823,0.5075954586018546,0.5943923163096606,0.8256933169614395,0.669758515912362,0.7414974857269887,0.6365148314683661,0.6406441763066841,0.7078895728764961,0.5503448077612875,0.3545205155797941,0.7818601950883727,0.3204499066313458,0,1,0,0,0,0,0,0,0,0,0
996,Gryffindor,Corinne,Odum,0.8,0,0.5505776100706741,0.5347151253467921,0.0744789459670509,0.4929142768321042,0.6605362759208913,0.2998558724418547,0.5563804823716513,0.226704447536145,0.1716478040498818,0.5839482928558049,0.7326026467910747,0.2199822687768213,0.6641116949667782,0,0,0,1,0,0,0,0,0,1,0
430,Gryffindor,Fran,Low,1.0,1,0.4947960966858946,0.5334909827809198,0.1358057448463902,0.4665090172190803,0.7618743003358389,0.5195960760931022,0.6688823912905486,0.2752723071616493,0.3100948484027064,0.4114732098419548,0.5599175829762354,0.3721948256046049,0.6263733877621923,0,0,0,0,0,0,0,0,0,0,0
170,Ravenclaw,Laura,Everett,0.8,1,0.4917649969843651,0.2943358078567308,0.687704074657767,0.7056641921432694,0.7761074684151609,0.7661356672307814,0.7195228357588899,0.6398542530844421,0.8418438487069919,0.7417884419768713,0.6148628890290581,0.8667482856916671,0.4063273548443132,0,0,0,0,0,0,0,0,0,0,0
1074,Slytherin,Reuben,Qualls,0.8,0,0.6912221827010809,0.2822125764688419,0.1150245158728408,0.7177874235311582,0.0916893224585531,0.318779854362296,0.2125212852228874,0.7329510376801979,0.730805004218799,0.8218419460374963,0.5076361718401158,0.1858535944468369,0.131172102314674,0,0,0,0,0,0,0,0,0,0,0
100,Gryffindor,Dianne,Gulley,0.2,0,0.4389759213151261,0.8220328097092314,0.2993215788609761,0.1779671902907687,0.7488672104056721,0.3353014690663676,0.7315143645784137,0.2059693383547346,0.3656064459294062,0.6122951288425723,0.6469940900682153,0.2825305902902746,0.8484822165284231,0,0,0,0,0,0,0,0,0,0,0
158,Ravenclaw,Kristal,Woodley,0.8,0,0.6137435627793328,0.2960646063643413,0.8314071018891681,0.7039353936356588,0.7777600085292393,0.8444409188239185,0.6656770681688094,0.6790790587430496,0.820354128940746,0.5839482928558049,0.511795171951926,0.9035756656648172,0.3491553393842012,0,0,0,0,0,0,0,0,0,1,1
107,Gryffindor,Sylvester,Smallwood,0.2,1,0.6997355520158359,0.5651620227512255,0.1525002161815754,0.4348379772487745,0.7084599392291699,0.3902908958176029,0.6276624968471394,0.2098088431699416,0.6419646504520408,0.2532989290126991,0.3924470878953254,0.2533498704969402,0.6307161158639859,0,0,0,0,0,0,0,0,1,0,0
1053,Slytherin,Kory,Crowell,0.8,0,0.5666146018588682,0.1900494011509557,0.1900478883723867,0.8099505988490445,0.191481422250653,0.197506105416338,0.1390297573261917,0.7741997122710007,0.7982099783485778,0.8107797523120285,0.5134916051200873,0.3066120393770155,0.1205324184652799,0,0,0,0,0,0,0,0,0,0,0
419,Hufflepuff,Jodi,Collett,1.0,0,0.3224641603389883,0.8271519283797203,0.7404268276255024,0.1728480716202797,0.6211418519110827,0.3616457385583329,0.2197699451202222,0.7141143230906838,0.6347724207637758,0.6259333739235898,0.5628973497836977,0.4580817713705322,0.5024536413775134,0,0,0,0,0,0,0,0,0,0,0
1522,Ravenclaw,Ruben,Rau,0.8,0,0.5069668898751991,0.2943912311471883,0.6955522108162248,0.7056087688528118,0.8039874193720348,0.7687644370321814,0.7304044997565483,0.5896434388706943,0.7989748891374661,0.6595405322088607,0.7436425002184245,0.8660739601996367,0.4365744560733053,0,0,0,0,0,0,0,0,0,0,0
1055,Gryffindor,Kelli,Peeler,0.2,1,0.6487635896880751,0.5632239552196551,0.1305402106099054,0.436776044780345,0.6410256410256411,0.3193914318819466,0.7038771220701716,0.2652607583025824,0.3226584609011437,0.5271385908680918,0.4194470743574389,0.2516452475212508,0.6611152125765407,0,0,0,0,0,0,0,0,0,0,0
320,Hufflepuff,Marci,Mckinley,0.6,1,0.4063452051404976,0.7693012170415641,0.8729396560945689,0.2306987829584358,0.6273255504024735,0.3247802890860594,0.2284352152979984,0.6069476988349044,0.6324128796191006,0.4537094363603978,0.4556250206457267,0.4941017574573045,0.5610153298301994,0,0,0,0,0,0,0,0,0,0,0
394,Ravenclaw,Nicki,Jeter,0.2,0,0.6415415307053492,0.3103556871104818,0.8135879218606108,0.6896443128895183,0.7943387174156404,0.6106468138246667,0.7731482019181726,0.7562486516605808,0.6869882193069167,0.7362515197982623,0.5497168233727159,0.8800113304649709,0.4435662483171929,0,0,0,0,0,0,0,0,0,0,0
1492,Gryffindor,Stanford,Valentin,0.4,0,0.4319085102763558,0.7653170196878232,0.2435909853530228,0.2346829803121768,0.7850098619329388,0.4282467034648305,0.7105350855169993,0.2461460940134886,0.2892038226508171,0.5203905356666175,0.5767634913446511,0.3147460555327537,0.7865983410778652,0,0,0,0,0,0,0,0,0,0,0
920,Gryffindor,Tricia,Pfeiffer,0.2,1,0.4788132316780848,0.7688773633686451,0.2609167429294884,0.2311226366313549,0.7533450610373688,0.2147025679028799,0.6629125876465057,0.1634852068278885,0.2090652047427476,0.4196048978680164,0.3672256627118008,0.2326956344021658,0.868133061189039,0,0,0,0,0,0,0,0,0,0,0
322,Slytherin,Dick,Lash,0.0,0,0.6076349689930872,0.3345852602164309,0.1809002328937374,0.6654147397835692,0.2564102564102564,0.4185722396049428,0.4450032419827676,0.7161905781264911,0.5390628903247714,0.8459331153739946,0.5277114539994842,0.3067821647925732,0.3125027142050637,0,0,0,0,0,0,0,0,0,0,0
265,Slytherin,Aurelia,Root,0.2,0,0.6409074741351314,0.2632228379883938,0.2896412268946974,0.7367771620116065,0.1293245908630524,0.2965467653535263,0.240016847793672,0.526973609744797,0.7896264134289088,0.6704524019744925,0.3833193807018311,0.2512901177346469,0.2881400095540018,0,0,0,0,0,0,0,0,0,0,0
415,Ravenclaw,Stacy,Oaks,0.6,1,0.6958538886225507,0.2136136939092744,0.5589522023663159,0.7863863060907256,0.7092595554134016,0.7127083787308963,0.7199913308460552,0.593644420777873,0.6419646504520408,0.5804064063218749,0.3735889378419077,0.7550471943623923,0.3602075824032657,0,0,0,0,0,0,0,0,1,0,0
423,Hufflepuff,Morton,Driscoll,1.0,0,0.6560011134651965,0.6586732568805567,0.7644288245700352,0.3413267431194434,0.6283383975691669,0.2078906151906266,0.2526188994514362,0.7125648624571456,0.7775509228720979,0.5765622721806323,0.4902716129487194,0.4758522974510947,0.3610544143831155,0,0,0,0,0,0,0,0,0,0,0
1031,Hufflepuff,Duncan,Ellington,0.8,0,0.6357886271902015,0.748141529052015,0.6884644538269195,0.2518584709479849,0.7464683618529773,0.2546202236079791,0.1230470225337206,0.6258051866849054,0.8131118180635544,0.3765148956233451,0.662719946555918,0.4273233208256535,0.2937204151648065,0,0,0,0,0,0,0,0,0,0,0
1481,Ravenclaw,Blanche,Janes,0.2,0,0.7460371464361382,0.2256418876479038,0.7011035233375075,0.7743581123520963,0.6333445105435446,0.8330475333440255,0.7585154336872848,0.6172409019609074,0.7205875877358536,0.5269431080819966,0.5389256977935997,0.8424029456963049,0.35191297172884,0,0,0,0,1,0,0,0,0,0,0
755,Gryffindor,Kimberley,Sharpe,0.0,1,0.4976648160462706,0.6240601306484258,0.1603263332112528,0.3759398693515742,0.6527533450610374,0.0195215895923659,0.614227267556259,0.064913994716588,0.0,0.2488042485160451,0.2455512276244218,0.1391771881469191,0.9457376123680896,0,0,0,0,0,0,0,0,0,0,0
30,Hufflepuff,David,Mcclelland,0.8,0,0.5672022640458995,0.7901459599607608,0.6280737360117534,0.2098540400392393,0.8320272935657551,0.1872393942227002,0.2239654546821025,0.7010753534533165,0.8454981196779453,0.611344018786936,0.8265792684926925,0.4612341447885195,0.3146957918964694,0,0,0,0,0,0,0,0,0,0,0
16,Gryffindor,Fran,Jorgensen,0.2,0,0.5124800890772158,0.7248758164380936,0.2180608646061579,0.2751241835619065,0.7011034703342396,0.2993289849748445,0.677621772271299,0.226383759776824,0.3150642878471966,0.5333315447244622,0.3418591864307877,0.2463584458285309,0.7724410474660183,0,0,0,0,0,0,0,0,0,0,0
254,Hufflepuff,Perla,Calvin,0.2,1,0.8018573218069066,0.6914216204567519,0.7253026261415382,0.308578379543248,0.7263180340103417,0.2200418406656168,0.1668035496412914,0.5798965178006628,0.836232500799192,0.3134893353303074,0.4052971509852091,0.4207521564659734,0.2781083076388587,0,0,0,0,0,0,0,0,0,0,0
1282,Slytherin,Rita,Madrid,0.2,1,0.7483259360066807,0.1934760385624208,0.5724200813047151,0.8065239614375792,0.735966735966736,0.9324999035294264,0.6887217197014441,0.5697747007282028,0.831637385811319,0.6067106914630147,0.5651458890906778,0.8347217551103598,0.1730142875754549,0,0,0,0,0,0,0,1,0,0,0
967,Hufflepuff,Erasmo,Matthew,0.2,0,0.6141920418168041,0.8152373675699389,0.6144320366267086,0.1847626324300611,0.6333445105435446,0.3955723885441402,0.1819176495797689,0.7652800175454353,0.8509383729316963,0.6446960122400194,0.5207414677250529,0.4163036295106396,0.2574369218743215,0,0,0,0,1,1,0,0,0,0,0
447,Gryffindor,Isabel,Day,0.6,0,0.6110449561573079,0.8011486108457356,0.3114145641104941,0.1988513891542645,0.7534516765285996,0.2646687729506903,0.7666145953721162,0.1836988045630826,0.297090595026667,0.5185212416976229,0.3425166615991483,0.2484403766565477,0.8446823294393538,0,0,0,0,0,0,0,0,0,0,0
1322,Hufflepuff,Jennie,Easterling,0.8,0,0.5414379165828991,0.7687392626896169,0.747929468259578,0.231260737310383,0.6904952289567674,0.2649270902691317,0.4590815701851126,0.7817027669535564,0.7138485294293159,0.6520470561469279,0.5566475208642423,0.4869354348781808,0.3894558561688452,0,0,0,0,0,0,1,0,0,0,0
1393,Slytherin,Nell,Boettcher,0.2,1,0.5485517220048559,0.1791090588644187,0.2096748591431103,0.8208909411355816,0.2693107308491924,0.2336681857041093,0.193404628698608,0.8290152285297272,0.6806317204332167,0.7809483552314732,0.7223202120987121,0.3700707845252125,0.1427454727059539,0,0,0,0,0,0,0,0,0,0,0
15,Ravenclaw,Long,Burks,1.0,0,0.3556902710978457,0.2617766875719906,0.6546478319631927,0.7382233124280095,0.729036729036729,0.8704685792363153,0.718618322125256,0.6030490626858376,0.8798718636054321,0.7853564835036146,0.6092050779284697,0.8889931663484067,0.4309506231814826,0,0,0,0,0,0,0,0,0,0,0
606,Ravenclaw,Loren,Free,0.0,1,0.549178046177876,0.3434055369973472,0.7993792015594822,0.656594463002653,0.7861826323364786,0.7862356192329429,0.7005495861435832,0.5763810738089333,0.7172727383760191,0.5329410832803609,0.7163151903224071,0.8535186483844549,0.4768098319364225,0,0,0,0,0,0,0,0,0,0,0
1425,Hufflepuff,Candi,Hammonds,0.4,1,0.6326415415307054,0.7184722648517491,0.6441660818724674,0.281527735148251,0.7672583826429981,0.2379566961063056,0.2579284786872749,0.6588728252591788,0.7991394591284855,0.5839482928558049,0.2906451164552849,0.4610039420809991,0.3296130629261302,0,0,0,0,0,0,0,0,0,1,0
576,Hufflepuff,Booker,Burris,0.6,0,0.6566274376382166,0.7181458627074482,0.844306524340423,0.2818541372925519,0.6957726957726957,0.361358194242822,0.2082703322275083,0.3400539232017388,0.665377761712582,0.0590494472073254,0.4836920672056657,0.43375327547572,0.5237112954357928,0,0,0,0,0,0,0,0,0,0,0
14,Ravenclaw,Jan,Saylor,0.4,1,0.5347803225956111,0.3879130908930243,0.5951148077965872,0.6120869091069758,0.8172077402846634,0.7406782955115859,0.697080046777561,0.6910836024925021,0.8157558489269694,0.7735427067619164,0.3455180697671727,0.7969864781175487,0.3507404351413558,0,0,0,0,0,0,0,0,0,0,0
1472,Slytherin,Leeann,Clayton,0.4,1,0.5939331611586224,0.2242878116012913,0.2407953331691713,0.7757121883987088,0.2017698171544325,0.2177593173816636,0.2343171464671829,0.6800268933084597,0.7789235936933372,0.7944390462002464,0.670448864522703,0.3078517651775175,0.2196334737482086,0,0,0,0,0,0,0,0,0,0,0
696,Ravenclaw,Louis,Wasson,1.0,1,0.668805963224719,0.2157064449221591,0.685007771933973,0.784293555077841,0.705901167439629,0.7698122109606256,0.6600264428834,0.6109870728296997,0.6782765998956228,0.4752468766946708,0.2888050000598737,0.8054321101334674,0.3653102879228732,0,0,0,0,0,0,0,0,0,0,0
880,Gryffindor,Brian,Tatum,0.4,1,0.5580857677497177,0.7008889495997893,0.5220189465058446,0.2991110504002108,0.7898608667839437,0.2306326473684774,0.8033514283254896,0.1328623563931509,0.3511138741346279,0.5248761627106311,0.7389093686937462,0.3247915963659417,0.8779910539801105,0,0,1,0,0,0,0,0,0,0,0
604,Ravenclaw,Leonor,Smoot,0.8,1,0.5554644850996706,0.1168674593939621,0.671157872843793,0.883132540606038,0.5957140572525188,0.7090571725546019,0.6176946016954817,0.6779414888047305,0.7106827819321293,0.6079991427694709,0.2635082181688832,0.8239387234080785,0.3612932644287141,0,0,0,0,0,0,0,0,0,0,0
562,Ravenclaw,Carlo,Dickens,0.2,0,0.3842614787436401,0.1674933701942779,0.7549877201355925,0.8325066298057222,0.6718375179913642,0.7955758673889857,0.5720939948549647,0.5497527697618279,0.6419646504520408,0.5213111344343359,0.3255474000136557,0.886275370724617,0.433382550918487,0,0,0,0,0,0,0,0,1,0,0
775,Gryffindor,Trinidad,Bartholomew,0.2,0,0.4579048296552897,0.7788003501170764,0.2118496349423671,0.2211996498829236,0.6567514259821953,0.3076640517147264,0.7773248780695421,0.2373632524080952,0.2861629859550492,0.6986793130078257,0.2130636311890111,0.2311139733604936,0.8603595778868286,0,0,0,0,0,0,0,0,0,0,0
392,Hufflepuff,Ernesto,Pike,0.2,1,0.5501059338416096,0.7255592744982475,0.775658088678282,0.2744407255017525,0.7427368196598966,0.1461634735989075,0.2841255260066181,0.6298342647023346,0.8129851193794209,0.5972639918962301,0.4253072357869287,0.5009151961298999,0.4525339818473965,0,0,0,0,0,0,0,0,0,0,0
533,Ravenclaw,Kenny,Sosa,0.6,1,0.5085056369175572,0.2277045103869186,0.6959859324389138,0.7722954896130816,0.7615011461165307,0.8566940335656331,0.7640337658849213,0.7468539192234537,0.8353035071080099,0.8117969527106584,0.4698862490753111,0.9338203711429124,0.346593129804143,0,0,0,0,0,0,0,0,0,0,0
418,Slytherin,Della,Baer,0.6,0,0.4380403012541948,0.1508843063292443,0.415906590760042,0.8491156936707558,0.2974572205341436,0.2444749083276282,0.2200664518589334,0.5892113463815971,0.739364944609179,0.6090871525833083,0.66641452284164,0.4578931174443688,0.3394927693577105,0,0,0,0,0,0,0,0,0,0,0
843,Gryffindor,Traci,Flora,0.6,0,0.3894653820577455,0.5075954586018546,0.282487566553057,0.0750141044064948,0.7649128418359188,0.4208747976828954,0.7671992277807645,0.2435187694705423,0.2200165450106095,0.6144349124017281,0.5577206974713017,0.2586041069285962,0.9005298128284189,0,1,0,0,0,0,0,0,0,0,0
1070,Hufflepuff,Jaclyn,Salter,1.0,0,0.5205991061348839,0.7791213107870915,0.7299657604097021,0.2208786892129087,0.6501412655258809,0.2579769143148249,0.0967983336950612,0.9004360203284841,0.7649521056477881,0.6436354997020097,0.4999780651866697,0.4602978935329325,0.2538541711903417,0,0,0,0,0,0,0,0,0,0,0
1574,Ravenclaw,Jade,Trent,0.8,1,0.5520390331410544,0.1184625425962589,0.7603515838793297,0.8815374574037411,0.6864971480356096,0.653813879440314,0.6545383977090926,0.5542448039205423,0.6467144175151461,0.450763229869844,0.2918096010662184,0.8620487816381338,0.4773743865896556,0,0,0,0,0,0,0,0,0,0,0
1199,Ravenclaw,Rolando,Braun,0.6,0,0.563088628736681,0.3409408021422365,0.6910573580180422,0.6590591978577636,0.8260035183112107,0.7026439243959572,0.6691712602398381,0.5942389046660387,0.6734163551290867,0.5218091436988316,0.8729202863936897,0.8088211431641872,0.4379641290658791,0,0,0,0,0,0,0,0,0,0,0
1023,Gryffindor,Elnora,Wells,0.6,1,0.4136213909036079,0.8625266686220529,0.210496099358597,0.1374733313779471,0.7005703928780851,0.1591759566153632,0.5854104375003868,0.232840829669308,0.165086158728147,0.4949289794515905,0.5444998435792034,0.1501339948198778,0.8630737829504496,0,0,0,0,0,0,0,0,0,0,0
1453,Hufflepuff,Shellie,Trevino,0.8,1,0.7080633437978442,0.7096692210191888,0.5819918157686578,0.2903307789808113,0.7624606855376086,0.1380588968271194,0.3388551548322073,0.6604679912868863,0.8784147797026407,0.6964189646567412,0.6025267383518665,0.4320427570648371,0.320341338428801,0,0,0,0,0,0,0,0,0,0,0
1102,Ravenclaw,Wendell,Oliver,0.2,0,0.4669362695822959,0.3156663586029886,0.6186852556668437,0.6843336413970116,0.7673116903886136,0.7371414435365521,0.5683355686061773,0.7637809094564741,0.8942722732380882,0.7713229744165667,0.4211268179605104,0.8308700707845259,0.2635384548573414,0,0,0,0,0,0,0,0,0,0,0
367,Hufflepuff,Latrice,Camacho,0.6,1,0.5722327315671748,0.7682737431613423,0.7972219655263912,0.2317262568386578,0.5678341062956448,0.311729782680755,0.3580283279153496,0.7064377203723994,0.6223520212590822,0.7110205448052648,0.2806711618249223,0.4757444952075729,0.5601467842098408,1,0,0,0,0,0,0,0,0,0,0
720,Gryffindor,John,Coombs,0.4,0,0.7124012186257984,0.7200031876522611,0.3281478741681572,0.2799968123477389,0.8446612292766138,0.3357193769408404,0.7276180874865819,0.1285159970634092,0.2292884670801802,0.2306090442800263,0.6201893899497201,0.2943804150274084,0.7851218135232555,0,0,0,0,0,0,0,0,0,0,0
1094,Hufflepuff,Annamarie,Lehman,0.6,1,0.5863476795076009,0.6523845259432032,0.9237357573204394,0.3476154740567968,0.5916626685857455,0.2462039601234756,0.1926425121512772,0.5717831097205665,0.721181773395225,0.3477030889032776,0.5629984216734482,0.498698512497481,0.4842576106309983,0,0,0,0,0,0,0,0,0,0,0
1261,Hufflepuff,Jeramy,Wolford,0.4,1,0.8174226373660363,0.6542824160159991,0.6617828171479004,0.3457175839840009,0.7249320326243404,0.3012800843103986,0.2467297583986946,0.5884618618200558,0.7707187004251105,0.3342867650165181,0.2625690302446659,0.4321985649949272,0.2790854214617623,0,0,0,0,0,0,0,0,0,0,0
1491,Hufflepuff,Clark,Wentworth,0.8,0,0.571246307780338,0.7582490128790641,0.6455737591191836,0.2417509871209359,0.7400181246335094,0.304486378020487,0.2827361229824671,0.6840376889519145,0.723369986538326,0.5699125998573256,0.6853634871558746,0.4569669726491113,0.3730620575845746,0,0,0,0,0,0,0,0,0,0,0
565,Hufflepuff,Forest,Hill,0.2,1,0.4735938635695838,0.8421556214869026,0.6337043452039492,0.1578443785130974,0.9182792259715336,0.2436690045766288,0.3207054667834683,0.7184635001187577,0.7475935341538923,0.6603079177770081,0.6309754940741966,0.5141877858935154,0.3989230034307552,0,0,0,0,0,0,0,0,0,0,0
1534,Ravenclaw,Jacklyn,Whatley,0.6,0,0.6606560165782596,0.1225434896312669,0.651184197264132,0.8774565103687332,0.6649608188069727,0.8463836981215718,0.7446176898666356,0.6774845025051786,0.7671873164738701,0.6510377602154965,0.2865042051271054,0.8690079217804894,0.315564337516828,0,0,0,0,0,0,0,0,0,0,0
1326,Ravenclaw,Leone,Loera,0.2,0,0.72677574501647,0.2712197006559985,0.6368471080420646,0.7287802993440017,0.7907670984594061,0.7244494017317066,0.7071157569143468,0.5928465501946569,0.7043542626239403,0.5067250762010337,0.5440520620633458,0.7852396831287793,0.3566031180787771,0,0,0,0,0,0,0,0,0,0,0
1217,Ravenclaw,Christa,Dunn,1.0,0,0.6674063993319209,0.2491337685881344,0.7848307219667678,0.7508662314118657,0.7774934698011622,0.7658016206801989,0.7288044071237467,0.7176271831097794,0.7393699223066503,0.6182638211365964,0.6331244390590617,0.8967936693132493,0.3597515959525774,0,0,0,0,0,0,0,0,0,0,0
399,Gryffindor,Fritz,Penny,0.8,1,0.7111717674713515,0.8075039905000054,0.1570127382458042,0.1924960094999946,0.6363878671570979,0.4488176018440332,0.7230010013966426,0.3430995889952672,0.2557590887517167,0.5756692883314394,0.3125740892239997,0.1665937691426185,0.6576410300951058,0,0,0,0,0,0,0,0,0,0,0
56,Hufflepuff,Kirby,Toscano,0.4,0,0.4784266118181959,0.8182358638283764,0.6531431194230716,0.1817641361716236,0.6333445105435446,0.2392454559257394,0.4423339798483708,0.6051841485975065,0.7159906282796614,0.7114465206025457,0.6138009124322693,0.4896916911982281,0.535675511356234,0,0,0,0,1,0,0,0,0,0,0
642,Slytherin,Kylie,Duval,0.0,0,0.3810602663037595,0.2067435727576859,0.2130150909895252,0.7932564272423142,0.1042699504237966,0.2362703608687211,0.2214750478077745,0.6490501642401514,0.9134564007611928,0.990235828925058,0.5596034347004244,0.3157244170397161,0.2729838884787424,0,0,0,0,0,0,0,0,0,0,0
1056,Ravenclaw,Joseph,Abrams,0.4,0,0.7662032383279465,0.3041783494438897,0.6189979675738535,0.6958216505561104,0.8124100431792739,0.771274590976474,0.7390853958827277,0.7512773260279281,0.7798537432572253,0.6883810064718331,0.4530928705566182,0.8162830797079682,0.2508794024406132,0,0,0,0,0,0,0,0,0,0,0
74,Ravenclaw,Alexander,Ashworth,0.4,0,0.6125373088164793,0.3846653782192622,0.6524246832360464,0.6153346217807378,0.8766458766458767,0.8688746131156221,0.7371542142051556,0.7056211031538443,0.9121776632748484,0.7551276395243517,0.522206901705234,0.8665994961368044,0.2822121856950536,0,0,0,0,0,0,0,0,0,0,0
603,Gryffindor,Rebeca,Santoro,0.4,0,0.4747537231492507,0.7109677515002542,0.1819861364018351,0.289032248499746,0.7611812996428381,0.3634979131039469,0.5605233220696471,0.2686916683738701,0.2837765054938774,0.390863670437014,0.4511379328628631,0.2653142351178156,0.6787684023103314,0,0,0,0,0,0,0,0,0,0,0
171,Gryffindor,Roy,Delossantos,0.8,0,0.6015882343844239,0.7186916838210112,0.2328061846810355,0.2813083161789888,0.6928940775094622,0.2801219184983864,0.7505079806008175,0.2149353486950925,0.2812371039874325,0.5427292517292553,0.6794039446155182,0.2381183118393257,0.7980848569071092,0,0,0,0,0,0,0,0,0,0,0
449,Gryffindor,Tad,Book,0.6,0,0.6855620679523066,0.6982155646393887,0.2138508464838772,0.3017844353606114,0.6806866037635269,0.2557429602726683,0.6727544555611046,0.1668892057361823,0.1869906954651321,0.3348275737387434,0.4206037192587598,0.1818034304695187,0.7743518478308073,0,0,0,0,0,0,0,0,0,0,0
393,Hufflepuff,Santo,Farley,0.6,0,0.5653542211156303,0.8029570017293449,0.5703047629134991,0.197042998270655,0.8481262327416174,0.2197499184358908,0.2695189674932328,0.7007110312614592,0.8204472638764829,0.6471540416179604,0.4294824950725758,0.451142563413827,0.3180614061753594,0,0,0,0,0,0,0,0,0,0,0
898,Hufflepuff,Jenny,Pulliam,0.4,1,0.6636793838825913,0.7026707857773579,0.8142945901741406,0.2973292142226422,0.6540860387014232,0.2587005156218275,0.2303363649946201,0.7471346885354666,0.7261855817918955,0.5122398961166419,0.4253783753384356,0.4890445970020864,0.3537586311721023,0,0,0,0,0,0,0,0,0,0,0
21,Gryffindor,Pansy,Mosher,0.6,0,0.4349628071694786,0.8351671051329098,0.2068828546231423,0.1648328948670903,0.7819713204328589,0.4910663865927048,0.4590815701851126,0.3318060501011178,0.2832904833713749,0.500675875358525,0.7655079606418737,0.2759557763754758,0.6912754592434969,0,0,0,0,0,0,1,0,0,0,0
23,Hufflepuff,Rosie,Tuggle,0.6,0,0.5362958724463758,0.8270030002619055,0.4759409147169514,0.1729969997380945,0.9674289674289674,0.1729326373215977,0.3857353425735406,0.4525976692566225,0.8680763231394115,0.6056466842750887,0.7945478016848356,0.4272295553325891,0.4449776349502758,0,0,0,0,0,0,0,0,0,0,0
812,Slytherin,Chanda,Hahn,0.2,1,0.4498167421864126,0.1460027225327029,0.2747241436057583,0.8539972774672971,0.2729889652966576,0.1792155317382596,0.149575999082751,0.7117008112132156,0.8417307855339274,0.7734525157622205,0.3769700320204585,0.4066643122357226,0.1921874321448734,0,0,0,0,0,0,0,0,0,0,0
593,Hufflepuff,Virgil,Poling,0.2,1,0.7542412198629819,0.5861729949254795,0.6701083968906281,0.4138270050745207,0.7506263660109813,0.1752427370587189,0.2483676581255043,0.6259398038966089,0.8544210509266941,0.4538976212564898,0.609858341037472,0.4875098187069464,0.2778694575932601,0,0,0,0,0,0,0,0,0,0,0
1037,Slytherin,Casey,Huynh,0.6,1,0.5722327315671748,0.2208598055653174,0.1391228157393879,0.7791401944346827,0.3025747641132256,0.350531308082101,0.3424442306112398,0.7636117424878018,0.6988399510979451,0.9253409507706056,0.5681776722504707,0.391819325685738,0.2304902940026925,1,0,0,0,0,0,0,0,0,0,0
1576,Ravenclaw,April,Nason,0.2,0,0.4672764950589982,0.2936706041240161,0.5741292542145972,0.706329395875984,0.7730156191694654,0.7590978205188247,0.7714516315942204,0.7308871645269801,0.8176168447238608,0.9073019441570352,0.468022108123656,0.8527432582891226,0.3734094758327181,0,0,0,0,0,0,0,0,0,0,0
782,Ravenclaw,Peter,Holtz,0.6,1,0.5614725577223451,0.1867464088247963,0.7903467550918762,0.8132535911752038,0.6646942800788955,0.8447764122479774,0.6421835564826996,0.6026862485277628,0.7716499551069347,0.5104922880017068,0.5997290888929738,0.8783768912415736,0.3928866113692622,0,0,0,0,0,0,0,0,0,0,0
179,Ravenclaw,Rose,Torres,0.2,1,0.6165890849481156,0.2113937580122255,0.795860315682779,0.7886062419877747,0.7391118929580468,0.6865297844565921,0.6527001174746045,0.6503436309274586,0.7070841187780279,0.5177119067241119,0.3888608611456859,0.8707717798431143,0.4036131497806922,0,0,0,0,0,0,0,0,0,0,0
803,Ravenclaw,Freeman,Wasson,0.2,1,0.5205991061348839,0.2771787349525837,0.6136067362464406,0.7228212650474164,0.7942321019244096,0.7511732911358852,0.7208003960169447,0.7892351749187654,0.8958126727242903,0.8983001609034229,0.3217805425002061,0.8818869210612458,0.2874886003387328,0,0,0,0,0,0,0,0,0,0,0
571,Hufflepuff,Shantel,Wylie,0.2,1,0.6616148338307842,0.6049712895719956,0.662428300624421,0.3950287104280043,0.7416706647475878,0.176736890490923,0.4756135873228857,0.7029617081394585,0.773854092879982,0.764676223733706,0.3959236608230185,0.5410805153621011,0.4146871064402658,0,0,0,0,0,0,0,0,0,0,0
1504,Hufflepuff,Suzanne,Turk,0.2,1,0.6294635262824181,0.6931062744600003,0.7804717848869588,0.3068937255399998,0.7100058638520176,0.1662154952213419,0.1815156482863112,0.6065756007181757,0.8364951309388444,0.4434633576905916,0.2198750369795105,0.4697084117753739,0.3729100621010119,0,0,0,0,0,0,0,0,0,0,0
259,Ravenclaw,Renae,Galindo,0.8,0,0.6506270974127399,0.3014207210141828,0.6706352537971031,0.6985792789858174,0.8137427368196599,0.8465950370871108,0.7153125398106526,0.6007233554707354,0.8106332220360861,0.5693250529421032,0.5901485094404756,0.8400119256231902,0.3392756329526208,0,0,0,0,0,0,0,0,0,0,0
1486,Hufflepuff,Burt,Mosier,0.8,1,0.6276850749269288,0.6111659053700753,0.7352887357584237,0.3888340946299248,0.6949197718428488,0.3395524709239024,0.1807436937732264,0.7139310200976603,0.697686647887578,0.3709700369483497,0.4995630038292794,0.5188238438349757,0.2958266382941764,0,0,0,0,0,0,0,0,0,0,0
583,Gryffindor,Lesley,Reich,0.6,1,0.7277732242549835,0.6653672907042714,0.3216740850986403,0.3346327092957287,0.7667786129324591,0.1855802543881887,0.7223406678207509,0.0605194136884656,0.239557026558156,0.247733457381672,0.2939638635907812,0.2461347000262211,0.8422069744213315,0,0,0,0,0,0,0,0,0,0,0
521,Gryffindor,Tuan,Tirado,0.8,1,0.4627607750954951,0.6809414616299128,0.1889575332181755,0.3190585383700874,0.729036729036729,0.2711909988649357,0.5865236814651122,0.183507029329066,0.1920177203278841,0.3339954664777276,0.4014420674310567,0.2362533891733987,0.7842315542623876,0,0,0,0,0,0,0,0,0,0,0
1063,Slytherin,Ashleigh,Glynn,0.2,0,0.7730928042311678,0.2611404331570814,0.2349384246779402,0.7388595668429188,0.0962204808358653,0.2616183746594133,0.2002993098365535,0.4972238747742954,0.8622792114763589,0.6355726111147575,0.3746717807434178,0.1793312779787531,0.2082338124810006,0,0,0,0,0,0,0,0,0,0,0
308,Hufflepuff,Jovita,Regalado,0.6,1,0.294627530426983,0.9770068814363184,0.7339082150731139,0.0229931185636818,0.8242976704515167,0.1729457195149743,0.2399459376826846,0.7791458914893711,0.7719146530387352,0.8173253125598876,0.4546563721758316,0.4777085173317378,0.487883788595996,0,0,0,0,0,0,0,0,0,0,0
1352,Ravenclaw,Marty,Wooley,0.2,0,0.537061379768956,0.2716131893857182,0.7217473426362364,0.7283868106142819,0.7718961565115411,0.6835546692625066,0.7835778673821221,0.6971815894093571,0.7918817867182434,0.8164294500698268,0.5077364037686961,0.8856942492556317,0.4354887740478569,0,0,0,0,0,0,0,0,0,0,0
1191,Hufflepuff,Juli,Loftin,1.0,0,0.5219213460557042,0.6909818807788882,0.1979471075121792,0.3090181192211118,0.6956660802814649,0.243732969994498,0.6558300135056628,0.1856202184938024,0.2279092715303449,0.4337623228105712,0.2879690851135976,0.2216133391801083,0.802167021322795,0,0,0,0,0,0,0,0,0,0,0
352,Gryffindor,Ines,Bess,0.6,0,0.4946646459335323,0.7435295445878944,0.2743740115604572,0.2564704554121057,0.7452955914494376,0.2404820410740045,0.7086271186969428,0.1847445708105231,0.3056366794597427,0.5214049145506215,0.4785694306695776,0.2683936174334199,0.8423155426238763,0,0,0,0,0,0,0,0,0,0,0
386,Ravenclaw,Rochelle,Hefner,0.8,0,0.9364783570202434,0.3043502781976903,0.727752558690884,0.6956497218023099,0.8552161629084706,0.6943874511702233,0.7359336318612709,0.7052603952189459,0.6232014878843405,0.4374309511064286,0.4866116261862504,0.8040031689367843,0.2933295696356451,0,0,0,0,0,0,0,0,0,0,0
1098,Ravenclaw,Mina,Ridgeway,0.8,0,0.8582342297759151,0.7546126123282888,0.5220189465058446,0.2453873876717112,0.6333445105435446,0.1372921522196662,0.8358518403872276,0.06881518426443,0.2513808649206773,0.3993073726422091,0.6547194108075414,0.1789795170122611,0.8942545707213273,0,0,1,0,1,0,0,0,0,0,0
1194,Ravenclaw,Louie,Duff,0.8,1,0.7932588961229761,0.2264182704658664,0.6700866161455454,0.7735817295341337,0.7268511114664962,0.6784588238487731,0.7188797219714925,0.6244798550728942,0.6072490297035456,0.4756243642304803,0.6677997700906123,0.7714087114319229,0.3754288444000521,0,0,0,0,0,0,0,0,0,0,0
751,Ravenclaw,Colin,Lash,1.0,0,0.5075700168566258,0.2942947532804403,0.7812671246177034,0.7057052467195598,0.7971107201876432,0.7468725047692911,0.7340525508669717,0.7006045793121606,0.8485405121642896,0.7692097211231209,0.6980266465665065,0.920343406292618,0.4085421461762279,0,0,0,0,0,0,0,0,0,0,0
683,Hufflepuff,Ruth,Shackelford,0.2,1,0.5427833536953126,0.7562421652748766,0.799601141975417,0.2437578347251235,0.7254651100804946,0.3546249686410979,0.148802505649954,0.7110260482258001,0.6708819117218169,0.3682946138984065,0.7258146270829428,0.4994716567127393,0.3610327007426065,0,0,0,0,0,0,0,0,0,0,0
895,Slytherin,Gail,Vidal,0.4,0,0.3949167220821799,0.2649511982001523,0.2567719592058305,0.7350488017998479,0.1201023508715816,0.3258446262476646,0.3353677369489807,0.5861207596556591,0.8022498982053956,0.9494609526236965,0.5028080951907272,0.3196434777677518,0.3832023277022626,0,0,0,0,0,0,0,0,0,0,0
1330,Gryffindor,Fermin,Shockley,1.0,0,0.6921732675564078,0.7953910339753718,0.2591625503871068,0.2046089660246282,0.6225811610426996,0.0989776769861748,0.7141390221620112,0.147785117529818,0.2364488469108548,0.501899387638259,0.3736865176591843,0.1142796423885166,0.8687627567637991,0,0,0,0,0,0,0,0,0,0,0
723,Hufflepuff,Maria,Strain,0.2,0,0.4951363221625968,0.7822164345325607,0.7121943048411089,0.2177835654674393,0.7618743003358389,0.276656309856762,0.3671746608544869,0.7469763424563273,0.6806142652203497,0.7054050919685968,0.1017762817032546,0.5158123993915917,0.4553350414730533,0,0,0,0,0,0,0,0,0,0,0
1521,Ravenclaw,Kraig,Friday,0.8,1,0.6289841176561558,0.1425312209801529,0.7122774496661125,0.8574687790198472,0.7077669385361693,0.7812674085612774,0.663271610928296,0.6838654070100261,0.7673930175572664,0.5727750996765157,0.5674901636146117,0.8838658221408967,0.315651192078864,0,0,0,0,0,0,0,0,0,0,0
791,Hufflepuff,Lynn,Redman,0.2,1,0.4899633484372825,0.762956219693622,0.6671944128403928,0.237043780306378,0.7550509088970628,0.4034223880460704,0.182810924777154,0.8333617804584154,0.6398899711902797,0.5198202161959256,0.4411460058531719,0.5048460477283206,0.2940244061319321,0,0,0,0,0,0,0,0,0,0,0
1089,Hufflepuff,Tiffany,Piazza,0.8,1,0.6904721401728964,0.5652936759586646,0.5520575739511768,0.4347063240413354,0.7500399808092115,0.2200625563483998,0.4590815701851126,0.5732066102786042,0.8686393592480006,0.4407853093209785,0.6499912416912289,0.4585042775593347,0.2589351630694402,0,0,0,0,0,0,1,0,0,0,0
784,Hufflepuff,Kyla,Binder,0.4,0,0.5376645067503828,0.7616083461825636,0.7260288538013905,0.2383916538174365,0.7273841889226504,0.3164384797412374,0.2176080364063233,0.4989285684299461,0.7100295508806179,0.3354806883153408,0.511795171951926,0.4382340869571078,0.4660615798844834,0,0,0,0,0,0,0,0,0,0,1
588,Slytherin,Aileen,Martino,0.6,0,0.6473098990148926,0.2643304270148754,0.2472622857357993,0.7356695729851247,0.2083266698651314,0.2479358083636647,0.2101857329729462,0.6079232697158783,0.8151879045558595,0.706525664835204,0.5446131476915071,0.2722509164594374,0.2108828766230946,0,0,0,0,0,0,0,0,0,0,0
1092,Hufflepuff,Vernon,Stowe,0.2,1,0.4675935233441071,0.682961491549918,0.6281767465917116,0.3170385084500821,0.6232208539900848,0.4156981696886168,0.3511159846247575,0.6787000512088398,0.5995819820697169,0.6085107989861401,0.4403125122131293,0.474534527318043,0.4591349285621227,0,0,0,0,0,0,0,0,0,0,0
17,Gryffindor,Freddie,Ward,1.0,0,0.6430725453505096,0.8159243883041137,0.2498974116884702,0.1840756116958863,0.6974785436323897,0.2837285975574455,0.7421094884416137,0.1760264468960011,0.1505320959815867,0.4256107128224606,0.5474362691508193,0.1719687216282184,0.8551700178051853,0,0,0,0,0,0,0,0,0,0,0
1230,Ravenclaw,Sofia,Mckay,1.0,1,0.6773270649366717,0.2711192631395365,0.8051901266297706,0.7288807368604636,0.7580894503971427,0.5592194986667958,0.6634268136575054,0.6509394505114626,0.612221060041777,0.4954209616438157,0.5203942116709872,0.8166648793204423,0.4534676683892822,0,0,0,0,0,0,0,0,0,0,0
841,Gryffindor,Spencer,Lovelace,0.4,0,0.6752702472820624,0.8158097312766803,0.2403572150224754,0.1841902687233197,0.6770616770616771,0.2317270006943505,0.6710138732766755,0.5697747007282028,0.2435568504088628,0.4682666828844145,0.1501879473738722,0.1520163230563733,0.7729404611977245,0,0,0,0,0,0,0,1,0,0,0
1435,Ravenclaw,Darlene,Hess,0.8,0,0.5830614106985448,0.7847558916051016,0.6271395718822576,0.2152441083948985,0.7931126392664855,0.3211795601263673,0.2743337209838942,0.8132463491150042,0.7093909738359215,0.6321313614318259,0.5927683444761863,0.4832114849815198,0.2960003474182481,0,0,0,0,0,0,0,0,0,0,0
568,Ravenclaw,Zachery,Gatlin,1.0,1,0.5405486909051544,0.2587437518793997,0.6811046008040552,0.7412562481206004,0.7235993389839545,0.748857601523646,0.6930762926526683,0.6376359432432867,0.7346454766118494,0.6437610532827492,0.4388899044941187,0.8313304761995667,0.4113432058018847,0,0,0,0,0,0,0,0,0,0,0
1459,Hufflepuff,Nikita,Strickland,0.8,0,0.5058766218703122,0.7540218331217374,0.7519821535479282,0.2459781668782625,0.6435844128151821,0.289433051591817,0.2717326731150887,0.6641324339159299,0.6975603516820345,0.578312178383528,0.6409416976430621,0.4622591083070056,0.4641942068007123,0,0,0,0,0,0,0,0,0,0,0
1047,Ravenclaw,Lourdes,Musselman,0.8,1,0.7284072808252015,0.2632777246719688,0.73073530910001,0.7367222753280314,0.7779199317660856,0.6871986551866474,0.7097210929446706,0.6383735256207024,0.7463276524347365,0.5601891451509541,0.6112157410044936,0.8269762762073156,0.36474573326964,0,0,0,0,0,0,0,0,0,0,0
368,Slytherin,Adele,Lapointe,0.8,1,0.5317569552912794,0.2014709167210378,0.3301369859850468,0.7985290832789623,0.6333445105435446,0.1858595764980719,0.2677574389589318,0.723885456696526,0.6928519878321051,0.7384523673405251,0.64413832518967,0.4247694744472194,0.2680983193642246,0,0,0,0,1,0,0,0,0,0,0
489,Hufflepuff,Antwan,Swanson,0.2,1,0.6596121429565593,0.7904192283551078,0.5480212361148858,0.2095807716448922,0.894237432698971,0.1494936334616229,0.4590815701851126,0.7314629155697735,0.9001039321446882,0.6447103384847889,0.2992052155730399,0.4452055794398667,0.2272115342858383,0,0,0,0,0,0,1,0,0,0,0
1156,Ravenclaw,Cary,Mcintire,0.4,1,0.6582667058441458,0.130218430642887,0.7196548840721155,0.869781569357113,0.6807932192547578,0.7683200974547347,0.6987615760196894,0.6766485650135001,0.8180638236409093,0.6359224772261517,0.6628985768165695,0.8830839751403537,0.3189299517957181,0,0,0,0,0,0,0,0,0,0,0
437,Ravenclaw,Abbie,Rutter,0.6,0,0.5002860986963178,0.0667011496248817,0.6149612655205066,0.9332988503751184,0.553014553014553,0.7556868185301087,0.6373979893540058,0.7736347991977988,0.7478584061222455,0.7619976575139641,0.6533369094414272,0.8531188817313945,0.3084856907109046,0,0,0,0,0,0,0,0,0,0,0
1387,Ravenclaw,Adolph,Damico,0.2,1,0.7943646289222585,0.1959401786520871,0.5965280152451171,0.8040598213479131,0.7071805533343994,0.7718905308139415,0.6368273851341778,0.62303868361158,0.6726604537948255,0.4171066084550339,0.5916571901515476,0.7539784361824751,0.2696834151213792,0,0,0,0,0,0,0,0,0,0,0
1439,Hufflepuff,Melva,Trimble,0.6,1,0.8710700091242287,0.6405231744430309,0.6978454760354555,0.3594768255569692,0.7084066314835546,0.2221080234195166,0.3065042516944599,0.6514950023408304,0.7992589966977248,0.4634443679899074,0.417386541527058,0.4492498479819928,0.2823858948191254,0,0,0,0,0,0,0,0,0,0,0
663,Ravenclaw,Antoine,Murdock,1.0,0,0.6747367118754156,0.3040184145653896,0.8293458970080824,0.6959815854346105,0.8494056186363879,0.7125160530991587,0.7229188494180351,0.6426428852182208,0.7901895413425617,0.5667885854639397,0.6366746577201067,0.8968065831236706,0.3965996438962957,0,0,0,0,0,0,0,0,0,0,0
707,Slytherin,Arleen,Oneill,0.4,1,0.5371387037409338,0.2260209376527464,0.1885085164151622,0.7739790623472537,0.6333445105435446,0.3129071282022682,0.2419774134710245,0.6968327491934516,0.7502769317381426,0.8308698482780278,0.2702214947275064,0.2972236992002986,0.215312459286924,0,0,0,0,1,0,0,0,0,0,0
518,Ravenclaw,Liz,Poland,0.8,1,0.5303419266040857,0.2810661833988928,0.7781901894480682,0.7189338166011073,0.8032411109334187,0.8600615930438162,0.7721997712071744,0.4970051201179654,0.7545628762205774,0.5255033712851674,0.7406777845203192,0.8961684724478244,0.5035827506839797,0,0,0,0,0,0,0,0,0,0,0
774,Gryffindor,Huey,Marquardt,1.0,0,0.7276649706942147,0.7150643423762516,0.5220189465058446,0.2849356576237484,0.7584092968708354,0.1696837669325183,0.7056618471729132,0.0,0.1117993277999103,0.1247651873170421,0.608727899219421,0.1935763338141389,0.915186520171972,0,0,1,0,0,0,0,0,0,0,0
1320,Gryffindor,Gale,Redmon,1.0,0,0.4067318250003866,0.7527412261727328,0.5220189465058446,0.2472587738272673,0.6723705954475185,0.1806612346131223,0.6121592751653585,0.1299154820927802,0.0824660129228482,0.3635749938257927,0.3723477092622355,0.1622488334056699,0.9201155165675078,0,0,1,0,0,0,0,0,0,0,0
279,Gryffindor,Ralph,Bostick,0.4,0,0.5722327315671748,0.8106157826235931,0.2860813811492441,0.1893842173764069,0.754837677914601,0.2867194246654679,0.7868060319358534,0.1975443852264768,0.2421619315658172,0.5644537289861484,0.506198494080907,0.2595097580681841,0.8890650106396839,1,0,0,0,0,0,0,0,0,0,0
1090,Ravenclaw,Fredric,Carlin,0.2,1,0.6349844578816325,0.217891607962013,0.6843789845331657,0.7821083920379871,0.7562236793006024,0.7475602638502887,0.6320456009743759,0.7104127574065836,0.7845070625754686,0.5918801608150289,0.6740300607933182,0.85366884161436,0.2861640682676857,0,0,0,0,0,0,0,0,0,0,0
1305,Slytherin,Shelby,Hough,0.2,1,0.7403692992901659,0.3151831371998226,0.1515548199751908,0.6848168628001776,0.1827389519697212,0.3338604347865768,0.279840395152212,0.621692491426894,0.7461045849103296,0.7359561787340071,0.7156901735053388,0.2048138754962698,0.1868458765796673,0,0,0,0,0,0,0,0,0,0,0
1183,Slytherin,Johnathon,Faison,0.6,0,0.8168891019593895,0.3208314260588632,0.1780508283248452,0.6791685739411369,0.0,0.2852148851750143,0.1868531886514165,0.5066741615301597,0.8817367651076753,0.7043638163113835,0.49680370753254,0.0867642426695885,0.1823945802753289,0,0,0,0,0,0,0,0,0,0,0
132,Slytherin,Angeline,Trice,0.8,1,0.6351313734283903,0.1804508949033791,0.0156217799961273,0.819549105096621,0.1542193080654619,0.2872441842326673,0.1625795783291125,0.884548766142896,0.7386640747717514,0.8947323226075221,0.367327607633084,0.2503636922043817,0.0023885004559864,0,0,0,0,0,0,0,0,0,0,0
877,Ravenclaw,Hilario,Keefer,0.2,0,0.645121630607921,0.158706041543414,0.8528804981559382,0.841293958456586,0.6589903512980436,0.551107373994871,0.6366205443393125,0.7242250490037331,0.5368631048689805,0.4929246548938759,0.4482021310386898,0.8543285688859144,0.4556824597211969,0,0,0,0,0,0,0,0,0,0,0
1497,Slytherin,Nelda,Gonsalves,0.8,1,0.5588358102779023,0.2709332874137736,0.2015143056907241,0.7290667125862265,0.2525187909803294,0.2154062509814308,0.2594437128826204,0.71211780254983,0.8044267874782054,0.8833339628068851,0.5031416714471302,0.3126972514358192,0.2111651539497112,0,0,0,0,0,0,0,0,0,0,0
864,Hufflepuff,Audra,Costello,0.2,0,0.5746562949445587,0.7607107724599781,0.6574037115046872,0.2392892275400219,0.7821845514153207,0.3303264081450611,0.2669584046502503,0.6465733346698158,0.7040643639863972,0.473651271961314,0.6756644519103066,0.4683050174645256,0.3759933990532852,0,0,0,0,0,0,0,0,0,0,0
523,Gryffindor,Laverne,Baughman,0.6,0,0.556291851599833,0.7420128924790231,0.3455713821164892,0.257987107520977,0.8460472306626153,0.3045332692146701,0.7497692301261627,0.1078402832446795,0.2383408459919248,0.3298250324712563,0.5433804106637977,0.3194483669363787,0.8790984496460678,0,0,0,0,0,0,0,0,0,0,0
12,Hufflepuff,Rocky,Trask,0.8,1,0.3944837078391043,0.845121187363683,0.5477791725419587,0.1548788126363169,0.8432219201449971,0.3477850940602361,0.3285456795492791,0.730630736777936,0.6780034315280264,0.702401313374894,0.3727549064387062,0.4785209644482806,0.4104529465410171,0,0,0,0,0,0,0,0,0,0,0
1096,Ravenclaw,Larry,Grimes,1.0,0,0.621166664089201,0.284112380811399,0.7004697519721453,0.7158876191886011,0.7823444746521669,0.7457274268440662,0.7857007135862372,0.600627462789703,0.8089017913457203,0.6948863877567473,0.7554079203215993,0.8502688599182836,0.4214183349980457,0,0,0,0,0,0,0,0,0,0,0
872,Hufflepuff,Jess,Lavoie,0.4,0,0.5626401496992097,0.7225477747305719,0.7134511522222331,0.2774522252694282,0.7390585852124314,0.2312739355760968,0.4590815701851126,0.6144651290146502,0.7748142718945303,0.5207934844740529,0.6543879460733462,0.4764996723822449,0.4148391019238286,0,0,0,0,0,0,1,0,0,0,0
678,Ravenclaw,Richie,Darnell,0.6,0,0.5313548706369949,0.2384609068164731,0.6539673230221903,0.761539093183527,0.7404978943440482,0.7142798172885093,0.6464991431216356,0.6580406745648859,0.7941653654424804,0.6576311349752066,0.499500358886597,0.8354365064437103,0.3587093412081469,0,0,0,0,0,0,0,0,0,0,0
1103,Ravenclaw,Preston,Foltz,0.2,1,0.4223899293258896,0.2361434418146606,0.7131876598884165,0.7638565581853395,0.7110187110187111,0.6548597333936678,0.6470360310206289,0.6857541026511788,0.7597129498275603,0.7276474930829608,0.5381908458745243,0.8629302895669333,0.4361836105441438,0,0,0,0,0,0,0,0,0,0,0
495,Hufflepuff,Delma,Rosas,0.6,0,0.6300279912778559,0.715743725835081,0.7273999700373,0.2842562741649191,0.6089343781651474,0.2893537273070903,0.2435882908720157,0.6273222182564154,0.7378762878993627,0.4983181100077196,0.4500196206250574,0.4220890165796486,0.3996178399270422,0,0,0,0,0,0,0,0,0,0,0
701,Hufflepuff,Kay,Barry,1.0,0,0.5640861079751944,0.7885471694805173,0.693269630183114,0.2114528305194828,0.6516871901487287,0.2054272077383913,0.2725368721932386,0.5005267703855872,0.8059236777136598,0.546096592197335,0.6513550319743916,0.3800930243526391,0.4911625483128501,0,0,0,0,0,0,0,0,0,0,0
866,Slytherin,Susana,Nowell,1.0,0,0.3730263056152668,0.1668593621779762,0.2659887227317415,0.4929142768321042,0.1959592728823498,0.3125247220632186,0.2689273573319089,0.6305166412620922,0.7886464452513022,0.8407758674749629,0.4095716427792339,0.3976316633156265,0.3151952056281756,0,0,0,1,0,0,0,0,0,0,0
544,Ravenclaw,Clifford,Bromley,1.0,1,0.6268035816463821,0.2621831034782562,0.6875023332462517,0.737816896521744,0.8011088011088011,0.3955723885441402,0.7073804626119159,0.512106454733611,0.6712008586229268,0.4448454006801532,0.5910963859738094,0.8125667096565549,0.4540756503235333,0,0,0,0,0,1,0,0,0,0,0
421,Slytherin,Meagan,Benavides,1.0,0,0.6864512936300512,0.2392337190258753,0.2550658773296277,0.7607662809741248,0.17165094088171,0.1829097709319107,0.4590815701851126,0.6383411920786979,0.824674832252523,0.7152727383397816,0.6033034327931082,0.2552992944006282,0.1838928214704477,0,0,0,0,0,0,1,0,0,0,0
1465,Ravenclaw,Nicholas,Hurd,0.2,0,1.0,0.1052326834380581,0.6921370239439707,0.8947673165619419,0.6854309931233008,0.8766918826747694,0.7433172248701335,0.6676910930467004,0.6859543604063073,0.3885834790765125,0.5923160497469641,0.825913974932609,0.2110131584661484,0,0,0,0,0,0,0,0,0,0,0
1163,Hufflepuff,Ronda,Jamison,0.6,0,0.4939841949801277,0.7967283691256619,0.631351972524201,0.4929142768321042,0.7734420811343888,0.2152755680912178,0.1860221466500587,0.5801125473742891,0.8301407546172175,0.5201350274631595,0.511795171951926,0.42143434253826,0.3894775698093543,0,0,0,1,0,0,0,0,0,0,1
1581,Slytherin,Ramon,Crain,0.8,0,0.3337147982617571,0.1563325203254716,0.2408336250031997,0.8436674796745286,0.1480356095740711,0.2054951105349593,0.1517625587779578,0.6886961315554581,0.9234911831827768,0.9367036188142122,0.3958432620975101,0.3689102259972973,0.2343336083727798,0,0,0,0,0,0,0,0,0,0,0
961,Ravenclaw,Irwin,Friedman,0.8,0,0.862092695977607,0.1927272801689624,0.6992480523785675,0.8072727198310377,0.7249320326243404,0.583148639301142,0.6933903803022149,0.7624291693525255,0.5513334235826459,0.5060816559030027,0.5046069634213077,0.7874577704362461,0.3168888695878751,0,0,0,0,0,0,0,0,0,0,0
182,Ravenclaw,Aretha,Trice,0.0,0,0.8026073643350912,0.3456017587280258,0.6956859652839412,0.6543982412719743,0.8161415853723545,0.7362369981966924,0.7029512484059628,0.6738701280252427,0.6739578763551222,0.5035795953325115,0.3997788096777286,0.7827568627076674,0.3237720936292179,0,0,0,0,0,0,0,0,0,0,0
677,Gryffindor,Cherie,Payne,0.6,1,0.4968606467377016,0.7609371051497719,0.2179929736703779,0.2390628948502282,0.7095260941414788,0.2145927995631604,0.6406396370235999,0.1806763931692763,0.1671921976007379,0.4089430222243786,0.2352956423335714,0.1940437576044096,0.8480479437182439,0,0,0,0,0,0,0,0,0,0,0
300,Gryffindor,Glenda,Madigan,0.2,1,0.5944666965652692,0.6628988194901881,0.180664814821812,0.3371011805098118,0.725625033317341,0.3371836638199888,0.6338597969466226,0.2309621649959507,0.2323646203524336,0.3608079088321215,0.511795171951926,0.244835458403775,0.703261388804447,0,0,0,0,0,0,0,0,0,0,1
1544,Hufflepuff,Eddie,Blackwell,0.2,1,0.5911340333730263,0.7755640767475614,0.6745860292774215,0.2244359232524385,0.7514792899408285,0.2836420679027629,0.2390363996821958,0.5714174916124312,0.7549014840885101,0.4412368853373741,0.6060901929822586,0.4294518536651925,0.4007469492335085,0,0,0,0,0,0,0,0,0,0,0
201,Gryffindor,Marty,Canady,0.0,1,0.6140915206532329,0.5075954586018546,0.1164429500169074,0.2992334499001176,0.568953568953569,0.2256661605138068,0.6375108090555192,0.2021023011970599,0.1213073789802321,0.4206216275552745,0.4659988459672543,0.1029943757548266,0.7861206409866678,0,1,0,0,0,0,0,0,0,0,0
1588,Slytherin,Jessie,Tilley,0.6,1,0.5177535839661012,0.2391536043501623,0.3691257677893347,0.7608463956498378,0.077669385361693,0.2127510967487252,0.4590815701851126,0.5330539077339695,0.8443005663570835,0.7576255876967556,0.5312172233591174,0.2845810787972639,0.3516958353237504,0,0,0,0,0,0,1,0,0,0,0
1338,Ravenclaw,Tanya,Farrar,0.2,1,0.6733294155854198,0.1654323938488221,0.8109031023438102,0.834567606151178,0.7608614531691454,0.7862233513285027,0.7184841525175069,0.7165021247770047,0.7406836787744998,0.5667356887849573,0.4407248838170869,0.9381650261448516,0.3427063881530377,0,0,0,0,0,0,0,0,0,0,0
1256,Ravenclaw,Ida,Leroy,0.2,0,0.4880225167406399,0.3054861290728006,0.9030970941640354,0.6945138709271995,0.7914067914067914,0.6715107439853699,0.6616417811857543,0.5995204328103189,0.7099563395816145,0.5260204801641118,0.511795171951926,0.9049507057397396,0.5246666956181874,0,0,0,0,0,0,0,0,0,0,1
567,Ravenclaw,Cyrus,Reynolds,0.4,1,0.5282541793606854,0.201316160817374,0.6303493766598103,0.7986838391826262,0.6778612932459087,0.6438335365362673,0.6737194766500054,0.6916988676171226,0.670126723548048,0.6893057659213453,0.5824863031904802,0.808523564054465,0.4073478959482347,0,0,0,0,0,0,0,0,0,0,0
1402,Slytherin,Adriana,Byars,1.0,1,0.6065215037966071,0.242340380146339,0.2519350978352812,0.757659619853661,0.1629084706007783,0.3196999416122367,0.2549945453233978,0.6090430209455374,0.7317359333253607,0.7098625309032504,0.5501880404545099,0.2849833720654068,0.2601945542189603,0,0,0,0,0,0,0,0,0,0,0
151,Gryffindor,Dan,Whitt,1.0,0,0.522277036326802,0.823440434008882,0.2965462180711077,0.1765595659911182,0.749720134335519,0.2636091463929872,0.7169601488483185,0.1987926771908242,0.3046180151005489,0.5396735603667465,0.3587885363583142,0.2438161095854724,0.8463108524775265,0,0,0,0,0,0,0,0,0,0,0
90,Gryffindor,Tabatha,Bartlett,0.8,1,0.5576527535066421,0.726542879996256,0.2324378809371706,0.2734571200037441,0.7431099738792046,0.2241040984081737,0.681105024438677,0.1511540228490279,0.1295324358595235,0.3365735955818179,0.511795171951926,0.215838620041448,0.8571459590915014,0,0,0,0,0,0,0,0,0,0,1
762,Ravenclaw,Paulette,Royster,1.0,0,0.4115259112630097,0.217046118840934,0.6884930867778605,0.7829538811590662,0.6713577482808253,0.581908541606264,0.6032956082233927,0.7640226519471625,0.7094064623598015,0.7660923463312546,0.5981541345021563,0.841064120437565,0.4120380422981717,0,0,0,0,0,0,0,0,0,0,0
344,Slytherin,Lynwood,Maple,0.8,0,0.8235003015634907,0.2847443214537383,0.1680126735287983,0.7152556785462619,0.2793858947705101,0.2170812628127625,0.2378905124945439,0.7986044108709988,0.6420974750850807,0.7026869460308782,0.3713076371336007,0.2493530461713639,0.0934555087505971,0,0,0,0,0,0,0,0,0,0,0
605,Ravenclaw,Verla,Breedlove,0.6,0,0.4398960765816618,0.2469304324048419,0.7011556252390291,0.7530695675951584,0.7115517884748654,0.7488652015201297,0.6427134891087054,0.5400262634954539,0.7327642376749804,0.5526649482641116,0.3402813829023294,0.8306853471484906,0.4755938680679203,0,0,0,0,0,0,0,0,0,0,0
119,Hufflepuff,Rudy,Sigler,0.0,0,0.6040316718989222,0.6904051897774607,0.6310678373098076,0.3095948102225393,0.8986619755850526,0.2124826842822958,0.2423527420010811,0.6721233629912634,0.8218441181896216,0.4920479545989318,0.5703675386046203,0.5269572985206953,0.2912233465062753,0,0,0,0,0,0,0,0,0,0,0
1045,Gryffindor,Rodrick,Lemons,1.0,1,0.5137791318064426,0.8980536515289707,0.3159616137497122,0.1019463484710293,0.7323951170105016,0.223670129366764,0.792004155304091,0.179258489226464,0.2175869602280368,0.5974482933708637,0.6748813636803024,0.2070847409854584,0.9529899682980848,0,0,0,0,0,0,0,0,0,0,0
508,Hufflepuff,Sharron,Pinson,0.2,1,0.544871100938713,0.8706501655428306,0.6493775152788754,0.1293498344571694,0.9015939015939016,0.2037237117111898,0.243583633957035,0.6353006891208038,0.8186610771901028,0.5515525165689821,0.4832218652973356,0.4552786323039535,0.3746037260607114,0,0,0,0,0,0,0,0,0,0,0
458,Hufflepuff,Jodi,Blanchette,0.8,0,0.4272613395604905,0.8477068572579806,0.5220189465058446,0.1522931427420192,0.6868703022549177,0.3634161708585942,0.1620345174487668,0.6319728893578068,0.6320201013153413,0.3907298980924191,0.2654316677651464,0.4590208299762108,0.4895340252746775,0,0,1,0,0,0,0,0,0,0,0
548,Hufflepuff,Germaine,Harrison,0.2,0,0.715989050925568,0.6633609441789176,0.8166803777565638,0.3366390558210825,0.6601631217015832,0.2643912115678053,0.3180600159023444,0.6381417022109306,0.7162487356680742,0.4658959704891112,0.6545649145974477,0.4933870061239541,0.4180527207191558,0,0,0,0,0,0,0,0,0,0,0
366,Slytherin,Cornell,Anthony,0.4,1,0.4984844501492352,0.2081275224178773,0.5220189465058446,0.7918724775821228,0.131830054906978,0.3351504851180671,0.2695026222879524,0.5237991179391528,0.8354295889870025,0.7718515276533606,0.417509264115837,0.3074281360486771,0.3128718460937161,0,0,1,0,0,0,0,0,0,0,0
241,Gryffindor,Dorothea,Horton,0.2,0,0.5938713019810402,0.680333306869919,0.2095689018866448,0.3196666931300811,0.7028093181939337,0.3888099424819048,0.7698403605101014,0.2404099037450408,0.3208277714248301,0.5614330338111984,0.3894712237615607,0.2810045147804169,0.7451687149867547,0,0,0,0,0,0,0,0,0,0,0
1533,Ravenclaw,Wallace,Moriarty,0.2,0,0.5722327315671748,0.2120179139151743,0.6673555887183804,0.7879820860848259,0.6363345594114825,0.6598461872619035,0.5409153756626178,0.5760723641509724,0.6391518458401365,0.5016031062714236,0.7481322335000494,0.7778687047279708,0.46907977591523,1,0,0,0,0,0,0,0,0,0,0
1239,Slytherin,Sonja,Gillespie,0.2,0,0.5832547206284893,0.2986578644107528,0.0623237858982253,0.7013421355892473,0.2073138226984381,0.3448525125079165,0.3449194038889899,0.7291780740241078,0.7592518508833992,0.980045851510326,0.6545749144826314,0.2576841383035408,0.1879532722456247,0,0,0,0,0,0,0,0,0,0,0
889,Slytherin,Bruno,Rawlings,0.0,1,0.50020877472434,0.2054263022550311,0.175014231944684,0.794573697744969,0.1750093288554827,0.259190041164795,0.2027175757457596,0.7734046434993428,0.7607041571700618,0.882296717135828,0.4150454712189158,0.3176656996281388,0.1745342424110826,0,0,0,0,0,0,0,0,0,0,0
93,Hufflepuff,Glenna,Rodman,0.8,1,0.8574532576589394,0.60698717974342,0.6474738531424288,0.3930128202565802,0.6333445105435446,0.3450714990945963,0.2696738610291554,0.55352730348017,0.7380033832183129,0.2441220300214637,0.5450052800905555,0.4541997676637068,0.2689451513440744,0,0,0,0,1,0,0,0,0,0,0
1115,Hufflepuff,Andria,Crowe,0.8,0,0.692482563444319,0.6227514341269655,0.736682358131013,0.3772485658730346,0.7384722000106616,0.17871222066491,0.3115252109589685,0.6879012000357186,0.8070278385299121,0.5678575568933403,0.4876232599897513,0.523717616514855,0.3478090936726452,0,0,0,0,0,0,0,0,0,0,0
1474,Gryffindor,Modesto,Doll,0.6,1,0.5722327315671748,0.7202673621042098,0.2826947829855299,0.2797326378957902,0.7554773708619863,0.2440714708846736,0.7365942443669579,0.0807007482756446,0.0859961870877536,0.2105268099311897,0.4747325081197249,0.2076981469804985,0.8799887089069354,1,0,0,0,0,0,0,0,0,0,0
1420,Hufflepuff,Ernestine,Sowers,1.0,1,0.7155251070937012,0.6085990191105406,0.6161072201113211,0.3914009808894595,0.8352790660482968,0.2056213153041202,0.3887846652429468,0.7465634552814132,0.7910212194952283,0.6479888998840986,0.3142414947870718,0.5481937790244913,0.2885308550831632,0,0,0,0,0,0,0,0,0,0,0
1451,Gryffindor,Clarissa,Badillo,0.2,1,0.3736371649938914,0.7605546521779181,0.0936565582181314,0.2394453478220819,0.6944933098779252,0.2815980775856764,0.4763381442417882,0.3030614553212691,0.10384785679372,0.373436596277455,0.56965480331139,0.1654158050441348,0.7263429886654796,0,0,0,0,0,0,0,0,0,0,0
699,Gryffindor,Manual,Fredericks,0.8,1,0.4879451927686621,0.861659536145895,0.1953962719868479,0.1383404638541051,0.6944933098779252,0.318216021584025,0.6256473593957855,0.5697747007282028,0.1839915448500633,0.5839482928558049,0.4222022830941858,0.1682256817509333,0.7884005732401096,0,0,0,0,0,0,0,1,0,1,0
1278,Hufflepuff,Gilda,Martens,0.4,1,0.714272458747661,0.6408786646110873,0.7741409771485953,0.4929142768321042,0.721360413668106,0.1259373563291351,0.354539817843645,0.6458120250521036,0.8280748779976018,0.6060404474635401,0.5635522470829852,0.5114944142155227,0.4045034090415599,0,0,0,1,0,0,0,0,0,0,0
1262,Hufflepuff,Patrice,Osborne,0.2,1,0.4770889071029801,0.796242749360041,0.579672347831583,0.2037572506399589,0.6333445105435446,0.2318116936775378,0.3106877133236095,0.5676347588046866,0.7960201723788821,0.6304694016740187,0.4609385333123058,0.4318498921135363,0.4479089764189864,0,0,0,0,1,0,0,0,0,0,0
48,Slytherin,Lorna,Graves,0.8,0,0.718648995561604,0.2919866800997321,0.2597634596769637,0.708013319900268,0.0949944026867103,0.306272430496564,0.2596671565454649,0.5098893057876153,0.7900611668131691,0.676476658401734,0.4566792668020697,0.1983288967844057,0.2761323663525427,0,0,0,0,0,0,0,0,0,0,0
1384,Ravenclaw,Carlotta,Neeley,0.4,1,0.5087994680110728,0.2419501618252131,0.7363066018773969,0.758049838174787,0.7362332746948131,0.7112384454919266,0.6366558728058506,0.6903004226396001,0.7786729129890929,0.6523964679770501,0.4151491385105473,0.8706942969805831,0.380900681808312,0,0,0,0,0,0,0,0,0,0,0
109,Slytherin,Caryn,Irvine,0.6,0,0.6922119295423967,0.3158237130147682,0.0329432130805974,0.6841762869852319,0.0925422463884002,0.3883234665977582,0.3040000256989444,0.6850694738851303,0.7628283611697928,0.913579568808402,0.5492511561599811,0.1595852196386492,0.151387501628523,0,0,0,0,0,0,0,0,0,0,0
818,Ravenclaw,Dewey,Clough,0.6,0,0.3877178602910474,0.2776042150733164,0.7443396254476071,0.7223957849266838,0.7294631910016526,0.674319049050081,0.6505211189402129,0.5285371417326429,0.789992250347869,0.6278271868043332,0.4659124911453719,0.8443846541260468,0.522234767881183,0,0,0,0,0,0,0,0,0,0,0
194,Slytherin,Vickie,Candelaria,0.2,1,0.3937877920913041,0.1124811366721158,0.2313934731636432,0.8875188633278843,0.2648328802174955,0.1780752397198837,0.1494640731833919,0.7529722359057412,0.8610342832872511,0.8517836638780529,0.754200977373299,0.4239696604060893,0.1712554826942285,0,0,0,0,0,0,0,0,0,0,0
291,Hufflepuff,Matilda,Steiner,0.0,0,0.6270974127398976,0.6768540146510758,0.8304040044251179,0.3231459853489242,0.7090463244309398,0.2585445306964824,0.209394998613439,0.5697747007282028,0.7391512546559728,0.3783371995170215,0.2961926353863291,0.5109893719340229,0.3939288661136926,0,0,0,0,0,0,0,1,0,0,0
70,Ravenclaw,Milo,Wicks,0.2,1,0.5722327315671748,0.3920772275483286,0.6847451121857103,0.6079227724516715,0.8797377258915721,0.7907504615435578,0.7248606257123427,0.714791912319551,0.8262939007703306,0.7049733162773056,0.7333384888292244,0.8530604888494866,0.3190819472792808,1,0,0,0,0,0,0,0,0,0,0
211,Gryffindor,Charmaine,Renfro,0.6,1,0.5197717396347216,0.828781157681922,0.137312392469977,0.1712188423180782,0.6036036036036037,0.2001076730000689,0.547668108920076,0.2025242085256909,0.0435661200252309,0.3507071276450873,0.3044202847068081,0.0581511690647989,0.8314152950883745,0,0,0,0,0,0,0,0,0,0,0
527,Gryffindor,Richard,Pappas,1.0,1,0.4340581166973385,0.6948143587122582,0.1594406400563713,0.3051856412877419,0.7111253265099419,0.3024149846830621,0.6323671382135896,0.3158549969337325,0.3422744477025426,0.6129553645286538,0.4626904717775069,0.2713331937144561,0.7057584574629783,0,0,0,0,0,0,0,0,0,0,0
946,Hufflepuff,Tameka,Kang,0.6,1,0.5451571996350308,0.8230549377838645,0.7282706816004219,0.1769450622161356,0.7342075803614265,0.2427156470210939,0.2283958261528038,0.7037790930456523,0.7544607263804636,0.5832125048916419,0.6266386430968051,0.449302345428707,0.3939722933947105,0,0,0,0,0,0,0,0,0,0,0
183,Slytherin,Eloy,Connell,1.0,1,0.7671697879776689,0.2774164979765603,0.2617175495594143,0.4929142768321042,0.2108321339090569,0.3929890100877605,0.3800919955744348,0.572634559464463,0.568890304674845,0.5913141793946237,0.4669461928592243,0.2700906605638623,0.304837799105398,0,0,0,1,0,0,0,0,0,0,0
1578,Gryffindor,Ivory,Boykin,0.4,1,0.6686435828835655,0.6990085432517444,0.1850222437850059,0.3009914567482555,0.6778612932459087,0.3560541112255935,0.7298751923647581,0.2513046876599305,0.2470594230492001,0.5839482928558049,0.5822915660807129,0.2208632152356014,0.7218048377991053,0,0,0,0,0,0,0,0,0,1,0
148,Gryffindor,Scarlett,Reyes,1.0,1,0.5066498615900902,0.6383917126090046,0.1874655462478053,0.3616082873909954,0.7478010554933632,0.2872273743029739,0.6099293381059373,0.1480259617865806,0.1440835724882157,0.2476644183957346,0.3429951731969702,0.2488401433096081,0.7917227602379816,0,0,0,0,0,0,0,0,0,0,0
1192,Ravenclaw,Herman,Perea,0.4,1,0.4581290691740253,0.3221235833620249,0.7760387886922293,0.6778764166379753,0.8050535742843435,0.6529053943624611,0.7138038612255699,0.6913079504884855,0.7303153247783896,0.5839482928558049,0.7095007732488998,0.8885257425581361,0.4796543188430973,0,0,0,0,0,0,0,0,0,1,0
906,Hufflepuff,Rafaela,Wilkins,0.2,1,0.4877673476331132,0.8040602074691352,0.8905128436211186,0.1959397925308648,0.5709792632869556,0.29000681821887,0.1149383908215086,0.7943829776432632,0.6800757756996701,0.5271478084966785,0.4528807571615064,0.4620519258702358,0.4099318191688018,0,0,0,0,0,0,0,0,0,0,0
1449,Slytherin,Ollie,Prescott,0.8,0,0.9107062771600452,0.3826345011007133,0.0,0.6173654988992868,0.0704728397036089,0.2928150890025579,0.2321725998142643,0.7035688470419942,0.8075058740393125,0.8595939800879018,0.4678235731477561,0.0434937135009399,0.0421896035089243,0,0,0,0,0,0,0,0,0,0,0
257,Slytherin,Keenan,Kozlowski,0.4,0,0.7581383480506627,0.2986286868498622,0.1630557009306487,0.701371313150138,0.2438829361906285,0.3326949185240793,0.3314781478799951,0.7486200641567654,0.5811024388035158,0.7376092080874993,0.6839260053402676,0.2579623466976304,0.1838493941894298,0,0,0,0,0,0,0,0,0,0,0
1351,Ravenclaw,Stacia,Tillery,0.4,1,0.4929016593724386,0.35341816266268,0.6323510777699923,0.6465818373373201,0.801695186310571,0.3955723885441402,0.7418809822831267,0.6447858322365273,0.803023257386144,0.7843245273287253,0.4049271675637638,0.8245330394224943,0.4240456854996309,0,0,0,0,0,1,0,0,0,0,0
756,Hufflepuff,Ora,Farley,0.8,0,0.5491239193974916,0.7711043595562224,0.6400254938916621,0.2288956404437777,0.7623540700463778,0.2529256130197327,0.1792719967749644,0.5602943041490208,0.8023032810249027,0.433179799362147,0.5463972438158279,0.4182968480757579,0.3727146393364312,0,0,0,0,0,0,0,0,0,0,0
907,Slytherin,Brooks,Ramsay,0.8,0,0.6574084097551923,0.2488876722896965,0.0819856485881148,0.7511123277103036,0.2431366277520123,0.3925859020180289,0.3000640504212151,0.8034654816066152,0.6059287153269768,0.7979610987188085,0.6125011408264778,0.2872096006881382,0.1260476831545577,0,0,0,0,0,0,0,0,0,0,0
769,Slytherin,Orval,Street,0.6,0,0.574192351112692,0.2498891050910223,0.3681278290499325,0.7501108949089778,0.2303960765499227,0.2873437786555277,0.3502838145080911,0.618537550885568,0.6076370700798953,0.6960035084268954,0.3855710048672601,0.3625720716952303,0.382268641160377,0,0,0,0,0,0,0,0,0,0,0
1346,Slytherin,Morton,Grantham,0.2,0,0.5300248983189768,0.1999405658019537,0.1494033113290033,0.8000594341980465,0.2825843595074364,0.2110190408283929,0.1645465261612371,0.8485368303940578,0.7699319492161867,0.8598743009304879,0.573501010836103,0.3507323534184259,0.0897859035045815,0,0,0,0,0,0,0,0,0,0,0
1175,Ravenclaw,Evelyn,Beebe,0.0,1,0.5812288325626711,0.2968960373353874,0.7410010643400586,0.7031039626646127,0.7537182152566768,0.6323528590687217,0.6542371140906018,0.5697747007282028,0.7314736986451682,0.6508122921427436,0.449102175391729,0.8282120717176888,0.3995526990055152,0,0,0,0,0,0,0,1,0,0,0
862,Gryffindor,Bobby,Penn,1.0,0,0.4726118491254659,0.7581276055499252,0.3353788958719371,0.2418723944500748,0.8804307265845727,0.3253100778437179,0.7160573280245369,0.1866835308762162,0.330795439944007,0.4394440190645567,0.6487000635033526,0.3610875449667303,0.8218395796239198,0,0,0,0,0,0,0,0,0,0,0
837,Ravenclaw,Gabriel,Stclair,0.6,1,0.3893648608941744,0.3220448752982088,0.6488653092598929,0.6779551247017913,0.7463084386161309,0.700605680185692,0.6915108018034362,0.6007964382929012,0.7804380561973749,0.7515396849660269,0.7599014972703416,0.8196572337832021,0.4810874191166892,0,0,0,0,0,0,0,0,0,0,0
448,Ravenclaw,Marianna,Marcus,0.6,1,0.6043023058008444,0.2230109257516872,0.5642717450670415,0.776989074248313,0.727810650887574,0.7669957206817908,0.7703886940974811,0.6115437449373483,0.6815158124169955,0.6563668886928455,0.7616944360812489,0.7987761638010177,0.4018977721804838,0,0,0,0,0,0,0,0,0,0,0
163,Slytherin,Lucio,Negron,0.6,0,0.7075066111996041,0.2349571499534925,0.2130180597848007,0.7650428500465075,0.1997441228210459,0.4318860125123824,0.3335222111052519,0.669028177041295,0.5305808983872091,0.6150243629190039,0.5755697544136448,0.292310836539795,0.2420636643939723,0,0,0,0,0,0,0,0,0,0,0
413,Ravenclaw,Debbie,Ellison,1.0,1,0.4288387485888375,0.2042322602454467,0.7268702967879103,0.7957677397545534,0.7273841889226504,0.6961227207934714,0.6585461067847722,0.6978725534856025,0.7885240294214256,0.7252072841619907,0.4259170895514976,0.9014850320515156,0.4108003647891606,0,0,0,0,0,0,0,0,0,0,0
1152,Ravenclaw,Chasity,Slack,0.8,0,0.772242240539412,0.5075954586018546,0.7252344615818803,0.7849949264263569,0.7687509995202303,0.7724839772787714,0.8080871499374702,0.6492196983505641,0.7728726596568426,0.6283101238808417,0.413345633677417,0.8695098759768879,0.3536934902505754,0,1,0,0,0,0,0,0,0,0,0
926,Gryffindor,Luke,Mcgregor,1.0,0,0.7690874224827181,0.6434624417732917,0.2391200268141719,0.3565375582267084,0.6789274481582174,0.3289940417858547,0.775750080482307,0.2098472138481908,0.3692027297703723,0.5031852146498961,0.4306915898533839,0.2540413208245299,0.7021322794979807,0,0,0,0,0,0,0,0,0,0,0
1071,Slytherin,Vilma,Cummings,1.0,1,0.601619163973215,0.237404519461457,0.1739562813330292,0.7625954805385431,0.1523535369689216,0.2422379839534275,0.1921128129110077,0.6772171760429296,0.6419646504520408,0.8297779507805869,0.5801433454595605,0.2562700760623438,0.164176835888305,0,0,0,0,0,0,0,0,1,0,0
1188,Hufflepuff,Alana,Mccauley,0.6,0,0.5631118259282742,0.7780261397950581,0.775312692378441,0.2219738602049419,0.6484354176661868,0.3227791944720675,0.1431011638792435,0.5529816299300615,0.7158758051531388,0.3222591963602347,0.5245560559064637,0.4107032468126751,0.4273895861380119,0,0,0,0,0,0,0,0,0,0,0
1412,Slytherin,Johnnie,Bui,0.8,0,0.4055874302151153,0.1850214723835908,0.3433810814589318,0.8149785276164094,0.2301828455674609,0.2929709008642051,0.2572836441093857,0.5942267121631855,0.7615590936365099,0.7368609326632695,0.7164824246338304,0.4108733722282336,0.3469188344117775,0,0,0,0,0,0,0,0,0,0,0
1058,Gryffindor,Ferdinand,Sheehan,0.8,0,0.501329972318018,0.6790081451056952,0.2096608693900703,0.3209918548943048,0.694706540860387,0.2209568363360133,0.646131745360689,0.1415883507712449,0.2052521967289312,0.3834950606243821,0.6483822028689171,0.2191324839040588,0.8382116645676814,0,0,0,0,0,0,0,0,0,0,0
958,Hufflepuff,Suzan,Graves,0.6,0,0.6979261710715556,0.640505861794565,0.6305383357343786,0.359494138205435,0.8358654512500666,0.2117353219775545,0.3982275417476131,0.5569521558040387,0.7953930645054413,0.5199570533085737,0.5074021250870734,0.5069858099682268,0.3921700612324662,0,0,0,0,0,0,0,0,0,0,0
98,Slytherin,Allison,Ketchum,0.4,1,0.4652274098015866,0.1534448018467855,0.2671444784781605,0.8465551981532146,0.2764006610160456,0.2118759042065645,0.1962030048729765,0.718227435684682,0.7841263795459809,0.7758176793310592,0.372761558302659,0.4078577167597116,0.2128805315499196,0,0,0,0,0,0,0,0,0,0,0
350,Gryffindor,Socorro,Shrader,0.4,1,0.5180706122512101,0.6306389897346693,0.1589620055523478,0.3693610102653308,0.6975318513780052,0.3047254581376907,0.6335848982887538,0.2574079353767576,0.3185068636111565,0.4950916980311843,0.5208937396303391,0.2642974129145964,0.6962478829200504,0,0,0,0,0,0,0,0,0,0,0
1062,Gryffindor,Malik,Rawlins,0.0,0,0.3932929186706462,0.8605108631840951,0.4011289044098586,0.1394891368159049,0.941787941787942,0.4093191296923282,0.7297837970987627,0.1615942431635379,0.6419646504520408,0.4101980615376746,0.8327692084244338,0.3877750571436111,0.8850697007860339,0,0,0,0,0,0,0,0,1,0,0
1314,Hufflepuff,Dionne,Ingraham,1.0,1,0.5425668465737749,0.7747954450674127,0.6380796267738791,0.2252045549325873,0.8412495335572258,0.3659946312186209,0.2416242019190603,0.7802617861255097,0.672820003929852,0.5165975209082746,0.2560058362452314,0.5103549108132955,0.3019064576366874,0,0,0,0,0,0,0,0,0,0,0
1565,Gryffindor,William,Sawyer,0.4,0,0.4659001283577935,0.7978608248456427,0.2754124160236658,0.2021391751543573,0.7661922277306893,0.3955723885441402,0.6651520097608268,0.2017098625309998,0.2674274721202072,0.5432915231034685,0.8214416954830817,0.2272002465976322,0.8797498588613367,0,0,0,0,0,1,0,0,0,0,0
309,Slytherin,Stacey,Crouse,0.6,1,0.4766481604627066,0.1778620173424801,0.2460610848545778,0.82213798265752,0.2137107521722906,0.2667082960983627,0.2177921984321658,0.7216710017493014,0.7395327025959313,0.7974290679550212,0.6880926416977963,0.3691317259195338,0.227450384331437,0,0,0,0,0,0,0,0,0,0,0
951,Gryffindor,Al,Foust,0.2,0,0.3638015557583162,0.7859928305004538,0.3219210631849178,0.2140071694995462,0.8387973772589157,0.2039723272039099,0.6401824408124819,0.1037201145429305,0.1892689388192091,0.3327931670546137,0.6324918122070359,0.2865973176331344,0.9415903070308768,0,0,0,0,0,0,0,0,0,0,0
1288,Ravenclaw,Rex,Ault,1.0,1,0.5640861079751944,0.2026099260011899,0.7295438824700949,0.7973900739988103,0.694706540860387,0.6897009912478047,0.5997175309341835,0.617077891821605,0.7212951025574966,0.508731041591552,0.8541101742897313,0.8276730605000789,0.3939505797542016,0,0,0,0,0,0,0,0,0,0,0
1264,Slytherin,Stan,Taylor,1.0,1,0.7617880395280144,0.3082778984941824,0.1056544472881739,0.6917221015058177,0.131830054906978,0.2967592724845866,0.266809776884121,0.7122404805393646,0.7325492850267435,0.8298523561689467,0.4406118600346674,0.1748962263038597,0.1388587310548486,0,0,0,0,0,0,0,0,0,0,0
25,Hufflepuff,Lucio,Wray,0.6,0,0.5480336513926047,0.7437907586721821,0.7489679118665129,0.2562092413278179,0.6402793325870249,0.3207790730785261,0.2674825866955294,0.6747918823704829,0.6782744039089997,0.5378143415377221,0.7289718174647597,0.4600471971697425,0.4369435879619577,0,0,0,0,0,0,0,0,0,0,0
1400,Gryffindor,Alisha,Broome,0.6,0,0.6231306929774368,0.741503711641143,0.2182027031824467,0.258496288358857,0.7044618583080121,0.2269033724635921,0.645574451065861,0.1724797586096739,0.161293873026558,0.3354379669851129,0.2143150079511787,0.1756106969022016,0.8018630303556694,0,0,0,0,0,0,0,0,0,0,0
1310,Ravenclaw,Gaye,Kimble,0.6,0,0.3964477367273402,0.1212193716126654,0.6834324693634548,0.8787806283873347,0.5824937363398901,0.5928355487258711,0.4905674983695204,0.6108314039106498,0.5989930444311842,0.4681118504798742,0.4782333598919748,0.7893468363129607,0.4565727189820646,0,0,0,0,0,0,0,0,0,0,0
1476,Slytherin,Stefanie,Phipps,0.6,0,0.6005520931599214,0.313128857528946,0.260730010492915,0.6868711424710542,0.1450503758196066,0.2865502348079357,0.3002462152998218,0.6087350712362458,0.7496887887549359,0.8172513475576103,0.6597148559655138,0.2546246881735886,0.3076822860120727,0,0,0,0,0,0,0,0,0,0,0
1028,Ravenclaw,Kira,Paterson,0.4,0,0.4989870559670909,0.1621574240226095,0.6908473314594106,0.8378425759773906,0.6769017538248308,0.6634276120784808,0.6315990835631404,0.6291913839386233,0.7471076328626192,0.6163325155548572,0.65830838307873,0.8445932402378613,0.4111043557562862,0,0,0,0,0,0,0,0,0,0,0
732,Slytherin,Waldo,Osborn,0.8,0,0.6314584847594451,0.2914088950174629,0.3095099646501085,0.7085911049825372,0.219361373207527,0.3409761996269588,0.3781171078905566,0.5478467699313996,0.6615985212940099,0.6964977717522662,0.5969960040151738,0.3085943092767767,0.3691753159334695,0,0,0,0,0,0,0,0,0,0,0
272,Hufflepuff,Tera,Cochrane,0.8,1,0.5176607951997279,0.701511010940974,0.8614204625293695,0.298488989059026,0.6870302254917641,0.428368830932756,0.1155337472309216,0.7818080632108086,0.5826385341369426,0.2995146512993544,0.4886323237086348,0.5483947852910581,0.3466365570851609,0,0,0,0,0,0,0,0,0,0,0
1501,Hufflepuff,Bud,Park,0.2,1,0.6745897963286578,0.724243882226783,0.6498232988712812,0.275756117773217,0.7168825630364092,0.2637340245872893,0.2754122317499306,0.7024703744731229,0.7620983091401377,0.5666622358947137,0.8712552814254665,0.4436952250905235,0.3198419246970947,0,0,0,0,0,0,0,0,0,0,0
985,Slytherin,Kevin,Easterling,0.4,1,0.5907783431019284,0.2478152605173662,0.1102694133957164,0.7521847394826339,0.1521403059864599,0.3844780252954563,0.3068986377734819,0.5827749862912163,0.8238526714743882,0.8398752099389034,0.6483993198669918,0.2500004211025141,0.220002605636861,0,0,0,0,0,0,0,0,0,0,0
1211,Hufflepuff,Violeta,Bess,0.2,1,0.5934614849295579,0.7164187622221091,0.838319450490843,0.283581237777891,0.6616024308332001,0.3455162781022642,0.2320451850860416,0.462830366514428,0.6610639881018675,0.236501374072359,0.6748047230897799,0.4579616167866061,0.5142658618143918,0,0,0,0,0,0,0,0,0,0,0
169,Gryffindor,Jayson,Somerville,1.0,0,0.5174288232837945,0.7025847064018185,0.3389081934308312,0.2974152935981816,0.8410363025747641,0.2311161631834284,0.7000279689304507,0.1868356569429394,0.4638532285546876,0.5205248863861187,0.4162633201306525,0.3584416175052882,0.7796934033960136,0,0,0,0,0,0,0,0,0,0,0
1442,Hufflepuff,Willard,Morley,0.6,1,0.7022872430911031,0.6194728747678665,0.664068882984438,0.3805271252321335,0.7203475665014127,0.2213334789627868,0.4590815701851126,0.5697747007282028,0.7812133032157349,0.6612461496934858,0.6664873995411837,0.5170535288671393,0.2668823554957224,0,0,0,0,0,0,1,1,0,0,0
1456,Hufflepuff,Rico,Windsor,0.6,0,0.6360437962977282,0.706307387527974,0.5499000492997688,0.2936926124720261,0.8731275654352578,0.2150490353622858,0.3103405374733037,0.6625579780588889,0.826472929923809,0.5894351289445504,0.2248476781709162,0.483216538211685,0.29680375211708,0,0,0,0,0,0,0,0,0,0,0
641,Slytherin,Kenya,Cole,0.4,1,0.5164545412368743,0.1716206613247668,0.2208012398640891,0.8283793386752334,0.1920144997068074,0.2499191219313801,0.2036693886504048,0.7087051535151014,0.7780819472821361,0.8013954756147483,0.7739696459503794,0.3413574885221495,0.1993312198723238,0,0,0,0,0,0,0,0,0,0,0
154,Slytherin,Renaldo,Cushing,0.2,0,0.4754264417054575,0.1789472687653611,0.2137582292895201,0.821052731234639,0.1085345700730316,0.1713760983616924,0.085762967589494,0.6835340196389098,0.9544684034135346,0.8659885025294911,0.552321129136053,0.2879018932207549,0.1535588656794198,0,0,0,0,0,0,0,0,0,0,0
569,Hufflepuff,Vickie,Olmstead,0.4,1,0.3612807942718402,0.853443639429726,0.665001286765575,0.1465563605702742,0.7452955914494376,0.3541223480984175,0.2139505794435971,0.8693023434896121,0.6517879878844831,0.707643341425303,0.2785959628371259,0.491629885701549,0.3697615842272115,0,0,0,0,0,0,0,0,0,0,0
817,Ravenclaw,Marquita,Hills,0.8,1,0.5722327315671748,0.2336999354186969,0.7552492474109975,0.7663000645813032,0.7473745935284396,0.7381537272547954,0.7142069547119212,0.6390566482579442,0.648484520390823,0.4957414757072391,0.5593051482581971,0.8425545426012571,0.401050940200634,1,0,0,0,0,0,0,0,0,0,0
426,Hufflepuff,Daisy,Swenson,0.4,1,0.8432875059926078,0.6718871822497257,0.6794959904257798,0.3281128177502744,0.6699184391492083,0.1492584245285066,0.2248811327071675,0.5697747007282028,0.9052996620833093,0.4347847666334395,0.4034427049599033,0.3801859476406748,0.2965431884309723,0,0,0,0,0,0,0,1,0,0,0
1284,Slytherin,Samatha,Duffy,0.8,1,0.6237492847532592,0.259855065009424,0.3297939451817182,0.740144934990576,0.1687723226184765,0.3096195552842318,0.2812675954932484,0.5601539431275463,0.6952003645291881,0.64884558718151,0.4655106286964376,0.2950704616799526,0.3277456898423589,0,0,0,0,0,0,0,0,0,0,0
1304,Gryffindor,Trena,Crain,0.4,0,0.7531122898721061,0.6425941251742084,0.1555788776400756,0.3574058748257916,0.6457167226397995,0.3846329976780847,0.6754901896363156,0.2297561857810466,0.6419646504520408,0.3561508853586922,0.4993292213315936,0.1937691987654396,0.6559256524948973,0,0,0,0,0,0,0,0,1,0,0
69,Hufflepuff,Tia,Shoemaker,0.8,1,0.6420132069344138,0.7694211703221693,0.7985438129255865,0.2305788296778308,0.6658137427368197,0.3220254947105087,0.1795654363078752,0.8594557421359824,0.6794509476392459,0.5297017021237944,0.7294930778337153,0.4802592756250708,0.2914839101923829,0,0,0,0,0,0,0,0,0,0,0
729,Ravenclaw,Myron,Lange,0.2,1,0.5368216754558248,0.3238055680441197,0.6989374230076641,0.6761944319558805,0.8302148302148303,0.739630727930298,0.6773590365530264,0.682683824361083,0.8444357374180349,0.6996504254566617,0.5586942063025251,0.8678114291714,0.353954053936683,0,0,0,0,0,0,0,0,0,0,0
468,Slytherin,Erin,Fenton,0.2,0,0.7911866136739713,0.2885005955350656,0.5220189465058446,0.7114994044649345,0.2178154485846793,0.3054957764172332,0.2920925158187628,0.6346696077340604,0.6639870621216291,0.6434134272496191,0.4539715041959674,0.2391356955125626,0.2063447257567204,0,0,1,0,0,0,0,0,0,0,0
665,Hufflepuff,Kirby,Riley,0.4,1,0.5052502976972921,0.7355381897449967,0.804866691539256,0.2644618102550033,0.6791406791406791,0.396882909331006,0.0659368583850448,0.5791317425504883,0.6577101613102492,0.182358466178814,0.7525389774273228,0.4625797076874792,0.3940591479567464,0,0,0,0,0,0,0,0,0,0,0
1171,Hufflepuff,Houston,Mills,0.8,1,0.6561480290119542,0.6681534147634325,0.7160233793815712,0.3318465852365675,0.6751425982195214,0.2468759555060838,0.1757314283508851,0.5595006101927705,0.8074875254603705,0.3688516874216571,0.4669603540799057,0.4355387501340509,0.351326703435098,0,0,0,0,0,0,0,0,0,0,0
884,Gryffindor,Eusebio,Myrick,0.6,0,0.3713483754233487,0.775022812759536,0.2823051861108367,0.224977187240464,0.7550509088970628,0.2089566420078516,0.7376373867186714,0.1328231051464414,0.2156380008449583,0.5258464452000685,0.6757662153456973,0.2677636480728391,0.9661918617275372,0,0,0,0,0,0,0,0,0,0,0
188,Hufflepuff,Daron,Kitchens,0.6,0,0.5714164205186892,0.7024825930714454,0.7296039762643004,0.4929142768321042,0.8137427368196599,0.2693877960232794,0.2757818882929334,0.5974395908236937,0.7320311386582585,0.4232100632688168,0.5998404023093975,0.5211932473123837,0.4151213792504452,0,0,0,1,0,0,0,0,0,0,0
695,Gryffindor,Lesley,Skinner,0.8,0,0.7052410188206548,0.6600610422761017,0.28671842798955,0.3399389577238984,0.7305293459139613,0.1496370619381132,0.7190116320202882,0.0932235833558976,0.2395324917842793,0.3231541206140145,0.589618125129029,0.2259711887274789,0.8382116645676814,0,0,0,0,0,0,0,0,0,0,0
1428,Ravenclaw,Merle,Pogue,0.2,1,0.6814870946290769,0.1575504580604927,0.7238117737132678,0.8424495419395075,0.6294578602270909,0.6667189490243716,0.6348916154753125,0.6966727145112117,0.6657088989338126,0.548857934983942,0.433179275153926,0.8096439774760694,0.3540843357797368,0,0,0,0,0,0,0,0,0,0,0
1308,Ravenclaw,Nita,Girard,1.0,1,0.5618669099794318,0.2034871961157617,0.5183612566858244,0.7965128038842385,0.6708779785702863,0.7357108883403786,0.7855766872853073,0.6421905875139287,0.6954903414145212,0.7759300755999684,0.481372760489294,0.7815856362494035,0.4081295870065575,0,0,0,0,0,0,0,0,0,0,0
222,Gryffindor,Jessie,Erwin,0.6,1,0.4237353664383032,0.729098860879764,0.1163580555143819,0.270901139120236,0.6903353057199211,0.3927113379256934,0.5709175834567967,0.2751456476998215,0.1581017594407859,0.4059865963367149,0.6383578921148709,0.2093659936699874,0.7255830112476658,0,0,0,0,0,0,0,0,0,0,0
1009,Ravenclaw,Valarie,Caballero,0.4,1,0.5236920650139957,0.1665701161459611,0.6949852216621829,0.8334298838540389,0.6558985020523482,0.6791563510589926,0.6447852158847986,0.605414071740175,0.705034611401091,0.5785039607889213,0.4902637196610852,0.8263580977171191,0.4330785599513614,0,0,0,0,0,0,0,0,0,0,0
758,Hufflepuff,Marcie,Penny,0.8,0,0.7220203207398358,0.6046278444381409,0.7030479159518281,0.3953721555618592,0.7287701903086518,0.2170891347857217,0.2332581896292576,0.6322333370172738,0.8170997314047884,0.427027844600339,0.491972202330052,0.4902559685666626,0.2989751161679767,0,0,0,0,0,0,0,0,0,0,0
1524,Hufflepuff,Alberto,Radford,0.8,0,0.5411131559005923,0.8757432019581738,0.6215141406918979,0.1242567980418261,0.726477957247188,0.2827512841991294,0.4590815701851126,0.552483594919654,0.7562666750831439,0.5790390309651808,0.6959333434903767,0.3698293524173249,0.4637382203500239,0,0,0,0,0,0,1,0,0,0,0
714,Slytherin,Alton,Ernst,0.8,1,0.6772265437731005,0.2604063901524154,0.2107584812570684,0.7395936098475846,0.1002718695026387,0.2552373698555862,0.2046607829749324,0.6459015074266162,0.787709133770418,0.7657264105858762,0.3857097362525047,0.2151642945494176,0.1947930690059495,0,0,0,0,0,0,0,0,0,0,0
1360,Hufflepuff,Dianne,Vaught,0.8,0,0.3987442586950806,0.8728460197416882,0.7092706580401852,0.1271539802583117,0.7532917532917532,0.3346015205433348,0.1376516587017817,0.7264993266609138,0.6973797005074049,0.517733289646252,0.402965784254341,0.4532643586131469,0.3899769835410605,0,0,0,0,0,0,0,0,0,0,0
465,Gryffindor,Kisha,Cagle,0.6,0,0.7122697678734361,0.7370699485297351,0.2420852016319095,0.262930051470265,0.601951063489525,0.1090007305256992,0.7088357326166659,0.0206218317550212,0.0216437860292854,0.2374357704999937,0.5690489100266661,0.0765095542545667,0.960285751509098,0,0,0,0,0,0,0,0,0,0,0
175,Gryffindor,Maggie,Damron,0.4,1,0.668171906654501,0.7276995487902655,0.2705406886864407,0.2723004512097344,0.7745082360466976,0.2297252989511322,0.6261194072494516,0.1727206972773312,0.2544861195212077,0.2927025023509634,0.340465600185987,0.2268176047801311,0.7482954792200461,0,0,0,0,0,0,0,0,0,0,0
727,Ravenclaw,Bryant,Swearingen,0.2,0,0.6724015279216863,0.2162998332824197,0.5220189465058446,0.7837001667175805,0.7581960658883736,0.728393768401898,0.7284969756109682,0.6648645505359884,0.7005953478467891,0.5637682630461953,0.4316063895462654,0.8783869977019039,0.3943848525643809,0,0,1,0,0,0,0,0,0,0,0
1008,Gryffindor,Adela,Leblanc,0.6,1,0.6885467732706494,0.8201277255993019,0.2889318958942241,0.1798722744006981,0.6796204488512181,0.2472838392540432,0.7370988636788113,0.1396840054654016,0.2078168524135256,0.4180838315058467,0.4082521792497514,0.159810088380996,0.8607721370564989,0,0,0,0,0,0,0,0,0,0,0
496,Slytherin,Robin,Townes,1.0,0,0.5602663037594915,0.1164403243197388,0.3331870233768965,0.8835596756802613,0.2475611706380937,0.1890974018206293,0.1338638354733678,0.6527487752447728,0.7848002294263621,0.6010159854883264,0.6700488716129818,0.3905127849530527,0.1999609154470839,0,0,0,0,0,0,0,0,0,0,0
72,Slytherin,Robbin,Cortez,0.4,1,0.481504105902912,0.2313325785970143,0.2837541349840025,0.7686674214029859,0.1600298523375447,0.3955723885441402,0.2670931044670712,0.6552143854468263,0.7562188568130783,0.8420728474134302,0.5818822024878509,0.3323697572035199,0.3079428496981804,0,0,0,0,0,1,0,0,0,0,0
420,Hufflepuff,Stephenie,Lawler,0.4,0,0.5379506054467006,0.5075954586018546,0.687400978647474,0.2208575490356195,0.6552055013593475,0.3136314993529149,0.3049899128110427,0.5795855007404106,0.6982236359696852,0.5453622598051758,0.5621190603510153,0.4168712756991852,0.4819342510965388,0,1,0,0,0,0,0,0,0,0,0
749,Ravenclaw,Corinne,Ashworth,0.4,1,0.4506209114949817,0.2642365779705894,0.655806148582731,0.7357634220294107,0.7098992483607868,0.5936297456240275,0.546561981924911,0.755351964832634,0.6943274754474665,0.673175542224965,0.3305360857338694,0.802986065998555,0.3663091153862857,0,0,0,0,0,0,0,0,0,0,0
820,Gryffindor,Sidney,Alcorn,0.2,0,0.1693858930145523,0.9617671822644728,0.6034176518406231,0.0382328177355271,0.8361319899781438,0.3783380039427185,0.3278722897065077,0.904770684907302,0.5834975803155643,0.9062761076659084,0.5785345907231063,0.5201677223238799,0.4800668780127676,0,0,0,0,0,0,0,0,0,0,0
282,Hufflepuff,Alejandra,Cardwell,0.2,1,0.7474521751233317,0.7529545425497561,0.6737425968786173,0.247045457450244,0.7651260728183806,0.2676945295187209,0.1732524316998247,0.5801013180321245,0.8131291503725492,0.3321780592167027,0.1992864688275198,0.4060351850801695,0.2852738090068181,0,0,0,0,0,0,0,0,0,0,0
519,Gryffindor,Wes,Ness,0.4,1,0.689366407373614,0.7343713830182983,0.232164106109147,0.2656286169817018,0.7391652007036622,0.3134452436826052,0.4590815701851126,0.1815024825179068,0.1855312061108395,0.242562605650367,0.4501889300892876,0.1969468383342532,0.7289486255265559,0,0,0,0,0,0,1,0,0,0,0
89,Gryffindor,Aisha,Steffen,0.8,1,0.711821288835965,0.6084040431398123,0.3118253456583112,0.3915959568601877,0.7450823604669758,0.2221918147869085,0.8135690061030989,0.0706948644638809,0.2921522999372893,0.3751329439653089,0.2886978550425105,0.2920107308149911,0.8543883267468625,0,0,0,0,0,0,0,0,0,0,0
1562,Ravenclaw,Mari,Stanford,0.8,1,0.3737454185546603,0.3296454013887472,0.6239735259910345,0.6703545986112529,0.7474812090196705,0.7837341491978734,0.6585970943962799,0.6386891462020071,0.8757554556443495,0.7954323143066656,0.6892318184203522,0.8333060084591073,0.4009640856385982,0,0,0,0,0,0,0,0,0,0,0
1,Slytherin,Erich,Paredes,0.6,1,0.7083571748913599,0.209122528764935,0.1966453931775105,0.7908774712350651,0.1660536275920891,0.2749829179268788,0.1817678379927306,0.6249143169396459,0.7919543221557792,0.6551532656852214,0.5345732370084205,0.2488623213753325,0.1476961827419985,0,0,0,0,0,0,0,0,0,0,0
1022,Ravenclaw,Bess,Conte,0.6,0,0.4595363654640211,0.2762718707563575,0.7206302905565644,0.7237281292436425,0.7729090036782345,0.871614924567606,0.6081767527133956,0.7168513353695523,0.9498770658818356,0.7159372553065197,0.708590807298524,0.9138264237897092,0.2822990402570895,0,0,0,0,0,0,0,0,0,0,0
110,Slytherin,Octavia,Hamby,0.2,1,0.6034517421090887,0.2008650210248229,0.2764281458781955,0.7991349789751773,0.0806546191161576,0.2421968601727084,0.1435266598379055,0.4939934850383783,0.938459594526988,0.6808654466795943,0.511795171951926,0.2444098641298706,0.2342901810917618,0,0,0,0,0,0,0,0,0,0,1
11,Hufflepuff,Neville,Hall,1.0,0,0.5483816092665048,0.7086894442148486,0.7127890948808979,0.2913105557851515,0.6258862412708567,0.2606544177553853,0.2885954598037048,0.6583750211739213,0.7286122629584904,0.6073434244846352,0.3758169172189656,0.4529794125788375,0.4388978156077648,0,0,0,0,0,0,0,0,0,0,0
453,Hufflepuff,Elissa,Little,0.2,1,0.6646072715463248,0.7158621385361504,0.6927993959596608,0.2841378614638495,0.7583026813796043,0.3195542773908032,0.2151683923060649,0.6541498656044097,0.7261229119020207,0.3853105708623819,0.5538361952748064,0.4667188646627059,0.3165631649802406,0,0,0,0,0,0,0,0,0,0,0
213,Slytherin,Steve,Vick,0.6,1,0.6026321080061241,0.5075954586018546,0.0661155851704825,0.7470716304837189,0.2212804520496828,0.315554636081488,0.2590760886876372,0.7503845532625146,0.7842559170060451,0.8974876385984897,0.1968127863993037,0.2686965305083156,0.1187953272245624,0,1,0,0,0,0,0,0,0,0,0
1342,Hufflepuff,Tonia,Fournier,0.6,1,0.5722327315671748,0.7729773436126929,0.5387965802871019,0.2270226563873071,0.8697691774614851,0.1347897657276123,0.3805509022995234,0.6910812424460603,0.8668335939981348,0.801647314378967,0.547508619009429,0.4702443349078826,0.3598601641551222,1,0,0,0,0,0,0,0,0,0,0
882,Hufflepuff,Luz,Wallace,0.4,0,0.5354298439602245,0.8110090901945919,0.5960709945628646,0.1889909098054082,0.802921264459726,0.3435293854367253,0.3690636565784625,0.5177408523386261,0.6907070908643769,0.5101425445743606,0.5456405841206723,0.4314439492902738,0.4848438789247405,0,0,0,0,0,0,0,0,0,0,0
1020,Ravenclaw,Judi,Deaton,0.2,1,0.5948610488223559,0.3212620713158196,0.7200929002181555,0.4929142768321042,0.8091582706967323,0.8143947065529961,0.6927660892497035,0.7025797893835962,0.7673785504375785,0.6321188815234126,0.6185738928555725,0.8670714116872232,0.3447040430798628,0,0,0,1,0,0,0,0,0,0,0
347,Ravenclaw,Bob,Christmas,0.4,1,0.8455840279603483,0.2202582355540318,0.6223136290690839,0.7797417644459683,0.7751479289940828,0.7810291929120311,0.8465711924151891,0.7372288692111104,0.7417505272410171,0.7146010102133603,0.4210469480881024,0.8392140767271241,0.2791939896643071,0,0,0,0,0,0,0,0,0,0,0
1077,Hufflepuff,Felicia,Billups,0.6,0,0.6275304269829732,0.6904294475681767,0.6477621686890257,0.3095705524318234,0.8152886614425076,0.2989444658714705,0.2542647973130513,0.6638043818986068,0.7478498482238982,0.447887479184942,0.4144654080325384,0.5004957780261976,0.3136752507925479,0,0,0,0,0,0,0,0,0,0,0
1260,Hufflepuff,Kelsey,Shelley,0.4,1,0.5324219414502884,0.8059351364636727,0.6724660216230807,0.1940648635363271,0.6324964017271709,0.3758715418574262,0.1772545034751146,0.635388870885365,0.6783939238259536,0.4484260657434426,0.5710629881053063,0.386163638190966,0.3930386068528249,0,0,0,0,0,0,0,0,0,0,0
1350,Slytherin,Estela,Burleson,1.0,0,0.7365340302800675,0.2836794324497697,0.3158800190155617,0.7163205675502304,0.261474492243723,0.2668229079133807,0.2950870797267895,0.6319308811171641,0.6265841429008192,0.6035347871841092,0.2168347534743321,0.2982351874383442,0.2711382290354801,0,0,0,0,0,0,0,0,0,0,0
952,Slytherin,Joseph,Schreiber,1.0,0,0.319216553515921,0.1025859708564109,0.2051277291227118,0.8974140291435893,0.3396769550615704,0.1544757754521263,0.1336526645590137,0.9474077240254658,0.7619570895778216,0.9370926996830544,0.454571975483121,0.4887414031921822,0.1141920354366613,0,0,0,0,0,0,0,0,0,0,0
1394,Ravenclaw,Suzette,Culp,0.8,0,0.5725917448927517,0.213719756419355,0.753081794551613,0.7862802435806452,0.6950263873340796,0.6987829855760936,0.6901151073049325,0.6175364944894198,0.625217781785273,0.5331901472873598,0.511795171951926,0.8387345813314592,0.4688843531506492,0,0,0,0,0,0,0,0,0,0,1
1357,Hufflepuff,Danilo,Pickard,1.0,1,0.5961446267571873,0.6931119744540206,0.722079902475482,0.3068880255459795,0.7975904898981822,0.2460058229827149,0.2654140640050735,0.6224990180607399,0.7557965577941023,0.4522347450628944,0.6166492868165748,0.5130367723559119,0.3873279193989664,0,0,0,0,0,0,0,0,0,0,0
1454,Ravenclaw,Willard,Crawley,0.2,1,0.3641185840434251,0.3121914970985525,0.7799627089779467,0.6878085029014476,0.794392025161256,0.6609405688539225,0.6926665942807535,0.6312279936846534,0.815575458485267,0.7548021785427728,0.5206039432735584,0.9024544100381856,0.507426065054067,0,0,0,0,0,0,0,0,0,0,0
1279,Hufflepuff,Anita,Mccall,0.8,1,0.3832021403275443,0.7120393162478794,0.8087471044666117,0.2879606837521207,0.5827069673223519,0.4224962699493398,0.2737235556459199,0.666403023635419,0.5592547908206865,0.5022826203194908,0.6758595373879398,0.5105924126310536,0.5398879576149738,0,0,0,0,0,0,0,0,0,0,0
1302,Hufflepuff,Alice,Novak,0.8,0,0.6899231399718541,0.7412946462096646,0.7034071990142351,0.2587053537903355,0.8032944186790341,0.0726891071154224,0.5076087438568279,0.4503976653906997,0.8568112072717428,0.6755184164611002,0.5928312107233237,0.4598419798780376,0.5608633343466366,0,0,0,0,0,0,0,0,0,0,0
1106,Hufflepuff,Ruth,Sowell,0.2,1,0.8103088319440793,0.6272902103367449,0.7536529279098239,0.3727097896632551,0.6431046431046431,0.2402425131077375,0.060790608578424,0.7658460310097689,0.8334888543263258,0.3503653948931939,0.5057811994362107,0.4466230105011741,0.1494115603422069,0,0,0,0,0,0,0,0,0,0,0
127,Slytherin,Russ,Blais,0.2,1,0.5346179422544577,0.2192872254633555,0.2346444537221213,0.7807127745366446,0.1679193986886294,0.3141563206686581,0.2511101125772786,0.613734348615121,0.7788474772727118,0.769807157351332,0.511795171951926,0.3097138804933526,0.2606722543101576,0,0,0,0,0,0,0,0,0,0,1
821,Hufflepuff,Alana,Kersey,0.4,0,0.4501415028687193,0.7294932546656844,0.6455037173143484,0.2705067453343158,0.7335145796684259,0.2589170219321425,0.392535360825848,0.6714923336353505,0.7089779313107337,0.7341764876858285,0.5675689164477496,0.5017346616216718,0.488622052373301,0,0,0,0,0,0,0,0,0,0,0
1416,Slytherin,Trinidad,Ruffin,0.8,1,0.5082813973988216,0.1729294977153948,0.3810084545421683,0.8270705022846054,0.1888693427154965,0.2277748053596962,0.237518764374269,0.7252975743858787,0.6115161162638422,0.7072462656292277,0.4053215287798076,0.3923440194178795,0.3153254874712294,0,0,0,0,0,0,0,0,0,0,0
1202,Hufflepuff,Adelaida,Faber,0.2,1,0.5061936501554212,0.7210944415576895,0.7284230634657441,0.2789055584423106,0.766032304493843,0.2674374978139349,0.27198902231053,0.5868911621143683,0.7326092707304361,0.4753604103884938,0.8076127757859333,0.5029283468806687,0.4558344552047597,0,0,0,0,0,0,0,0,0,0,0
809,Ravenclaw,Floyd,Tinker,0.6,0,0.4754496388970509,0.2689693426294938,0.8470605682540566,0.7310306573705064,0.6542459619382696,0.5862519149948489,0.5858407034644312,0.7669558418935241,0.7168430401964401,0.7007949791978048,0.3038314685366448,0.855640443583774,0.4385938246406393,0,0,0,0,0,0,0,0,0,0,0
1293,Slytherin,Lourdes,Shivers,0.6,0,0.5704344060745712,0.2795448800920924,0.1030119325900309,0.7204551199079079,0.2435097819713204,0.24367432076554,0.2781489833011465,0.8469775243018987,0.7305012442832027,0.9890941605619428,0.7515286210816757,0.293746796111708,0.1422677726147566,0,0,0,0,0,0,0,0,0,0,0
301,Hufflepuff,Luann,Lemke,0.6,1,0.4518503626494285,0.7747838918756494,0.6270351685418369,0.2252161081243506,0.8051068820299591,0.3615567084889132,0.2953596718717204,0.7893493849249253,0.6491669673117263,0.6335056544287219,0.5104133002410409,0.5187609591929212,0.3698918660702653,0,0,0,0,0,0,0,0,0,0,0
1193,Gryffindor,Venus,Wenger,1.0,1,0.4163586595116218,0.6772515949199203,0.1728292913228588,0.3227484050800798,0.6333445105435446,0.2261290096481659,0.5983816542113191,0.185988820735429,0.2001578306597868,0.4119419469528303,0.6247469985853296,0.22601498338891,0.8150214965041039,0,0,0,0,1,0,0,0,0,0,0
545,Ravenclaw,Alina,Cates,0.4,1,0.4456644448912051,0.2804773386393608,0.7354957562365781,0.7195226613606394,0.7566501412655259,0.8118855773949274,0.7070385162079811,0.6210293597873596,0.862533208264056,0.7216362708667309,0.4997079341634747,0.8951477199544763,0.4257176358188214,0,0,0,0,0,0,0,0,0,0,0
369,Hufflepuff,Alpha,Gipson,0.8,1,0.5175448092417612,0.8637655787920944,0.6869553727836406,0.1362344212079056,0.7872487872487872,0.1647114027091403,0.2139220160901363,0.5541962537985816,0.8513365204664667,0.5493266199459305,0.5955505295397476,0.4067215821775942,0.4397663612281235,0,0,0,0,0,0,0,0,0,0,0
77,Ravenclaw,Bess,Browne,1.0,1,0.5468351298269489,0.3371126028319435,0.7230069459524034,0.6628873971680566,0.8201396662935125,0.697069108743849,0.7830050267204611,0.6581968571917791,0.7360416550196288,0.7365999935074159,0.5429515817515538,0.8624381610958548,0.4651930342641248,0,0,0,0,0,0,0,0,0,0,0
1582,Ravenclaw,Elizebeth,Wong,0.8,0,0.5362417456659914,0.1025406763471885,0.7574038018164309,0.8974593236528117,0.6094674556213018,0.7789481132993948,0.6411779083509446,0.7137049388334376,0.7225029956631469,0.6130783916534773,0.5526023170178869,0.8955797711335913,0.3659616971381422,0,0,0,0,0,0,0,0,0,0,0
631,Ravenclaw,Douglas,Yamamoto,0.4,1,0.435303032646181,0.2183559354963712,0.6843792478189491,0.7816440645036289,0.6762620608774454,0.7047124898815001,0.6364901945135716,0.6244719803065581,0.7531158961704097,0.6596633825226861,0.1036423157066325,0.8355875418786455,0.4375515698962088,0,0,0,0,0,0,0,0,0,0,0
930,Slytherin,Felix,Cothran,0.4,1,0.5701019129950667,0.2389176047217695,0.2007318682829137,0.7610823952782306,0.0880643957567034,0.2661072759423223,0.1910212606066697,0.5838219526494826,0.9039467758223568,0.8235484845853113,0.330764859356926,0.2354833330432399,0.2162895731098276,0,0,0,0,0,0,0,0,0,0,0
131,Gryffindor,Nelson,Doolittle,0.4,0,0.4370660192072746,0.7039987128364387,0.1143425665885115,0.2960012871635613,0.6943866943866943,0.3322954676036596,0.5383847412572985,0.2568264922736125,0.1343518178236291,0.3460620527586744,0.4542962866133579,0.1983406876547906,0.727537238893473,0,0,0,0,0,0,0,0,0,0,0
1527,Hufflepuff,Vicente,Palmer,0.6,1,0.579829268669873,0.6743515200389653,0.6947564579065539,0.3256484799610348,0.7983901060824138,0.3007272488575297,0.3011624197250707,0.876324232013438,0.689122878236766,0.642759529338018,0.5174071525335071,0.5752936909298452,0.2913536283493291,0,0,0,0,0,0,0,0,0,0,0
675,Ravenclaw,Sherwood,Drake,1.0,1,0.2525632896710638,0.3362009619611437,0.8263964402531506,0.6637990380388564,0.75227890612506,0.6767026534156068,0.5891219540828254,0.7630132066806778,0.8867591062988486,0.860277397569283,0.5824900786032503,0.931621935286088,0.4450862031528206,0,0,0,0,0,0,0,0,0,0,0
1460,Ravenclaw,Catherine,Sweeney,0.4,0,0.5533535406646769,0.2354887260476586,0.8451954738812175,0.7645112739523415,0.7478010554933632,0.8510774490595479,0.652044996265895,0.5697747007282028,0.8970724122219095,0.621026969379135,0.5900533649319387,0.9425697584387543,0.3403396013375603,0,0,0,0,0,0,0,1,0,0,0
1546,Hufflepuff,Bryce,Coughlin,0.4,1,0.5653387563212348,0.7194150356305852,0.7140641859781386,0.2805849643694148,0.6333445105435446,0.2805544103094292,0.2699148340618899,0.7225387870607624,0.7222241956764548,0.5839482928558049,0.5125363508512941,0.5018059683140009,0.3729969166630477,0,0,0,0,1,0,0,0,0,1,0
376,Ravenclaw,Irma,Putnam,1.0,0,0.5558588373567573,0.2338735408692445,0.6321504967444342,0.7661264591307557,0.7143770989924836,0.6413662633397087,0.6808871709614194,0.6693410583762924,0.6827049543687254,0.6664790452339732,0.4615294314743486,0.8010725761760411,0.4071090459026361,0,0,0,0,0,0,0,0,0,0,0
645,Slytherin,Carmella,Ennis,0.8,1,0.5706354484017135,0.2685829800133325,0.2213505921055636,0.7314170199866676,0.2739485047177355,0.2414453062703465,0.2876326000974092,0.6493288067515227,0.8027721951159588,0.8276224719090984,0.7154362532673826,0.3235765752462466,0.2441047466018152,0,0,0,0,0,0,0,0,0,0,0
61,Ravenclaw,Patti,Montano,0.4,0,0.5306898844779858,0.3097605308276742,0.7210566984367642,0.6902394691723259,0.8002558771789541,0.846429251901759,0.8030504157795353,0.6379398272432917,0.8863905646675361,0.7924669408156463,0.7619134808123509,0.9049029807881804,0.4100621010118557,0,0,0,0,0,0,0,0,0,0,0
652,Hufflepuff,Cristy,Pardo,0.6,1,0.7678425065338756,0.7340800803269838,0.6889242246320701,0.2659199196730164,0.9561277253584946,0.0476459898297734,0.3002639020455966,0.4377205851536072,0.955971409818886,0.3991428028360875,0.4235175444468064,0.469607347172072,0.3780996221826551,0,0,0,0,0,0,0,0,0,0,0
511,Hufflepuff,Felicia,Huffman,0.4,0,0.4862595301795462,0.8243625175018907,0.6404987566666419,0.1756374824981093,0.7765872381256997,0.1592569143734073,0.2267829215011589,0.8460928561054156,0.8373643332958912,0.8136514892978611,0.7704314427317829,0.4693827591647352,0.3130455552177879,0,0,0,0,0,0,0,0,0,0,0
1327,Ravenclaw,Augusta,Graham,0.4,1,0.4411487249277021,0.2317768061356347,0.69004035174156,0.7682231938643653,0.6211951596566981,0.6990020357491725,0.6215156929539095,0.6384372015359496,0.7042942410755094,0.6559548270232647,0.8332153363019812,0.8025304330786692,0.452208277239762,0,0,0,0,0,0,0,0,0,0,0
664,Ravenclaw,Claudette,Gann,0.8,0,0.6842398280314863,0.1610377987758648,0.7570812241180409,0.8389622012241355,0.7293565755104217,0.3955723885441402,0.6716376350982375,0.697983331270466,0.6419646504520408,0.548938781405368,0.357469734989047,0.8693762461125221,0.355322013288748,0,0,0,0,0,1,0,0,1,0,0
1245,Hufflepuff,Eve,Kelsey,0.0,0,0.7350880720040827,0.6159040465745881,0.5678435108886423,0.384095953425412,0.65611173303481,0.1837118437645962,0.2499455110638671,0.7379072077360508,0.875191149870623,0.6603610024863298,0.8627034712031468,0.4268191207491808,0.2203934511660225,0,0,0,0,0,0,0,0,0,0,0
625,Gryffindor,Jacqueline,Kell,0.8,1,0.5745016470006031,0.7951866612402595,0.2499130919955488,0.2048133387597405,0.7357001972386588,0.3649144142871556,0.755676352786486,0.1672605613756351,0.1262468397760801,0.3918183023309243,0.4800498485873479,0.2215372599926226,0.8677205020193687,0,0,0,0,0,0,0,0,0,0,0
256,Ravenclaw,Gwendolyn,Rosales,0.6,0,0.3681471629834681,0.3200377844195349,0.7027049519118865,0.6799622155804652,0.7551575243882936,0.8194140125459185,0.7270749160215559,0.6647688182607262,0.8854071726979426,0.5839482928558049,0.5035719487856151,0.8956625879612969,0.4350762148781865,0,0,0,0,0,0,0,0,0,1,0
427,Hufflepuff,Sandy,Calloway,0.4,0,0.570511730046549,0.7666167237074271,0.877438015170028,0.233383276292573,0.6344687883149422,0.2831163229587274,0.2134681303407331,0.5548104687079768,0.6948633175604302,0.5839482928558049,0.4644193374063956,0.4526764995039417,0.50610153298302,0,0,0,0,0,0,0,0,0,1,0
1517,Hufflepuff,Nadia,Dunbar,0.4,1,0.5158823438442386,0.7294778789393036,0.7557461324394317,0.2705221210606965,0.6882029958953035,0.3117265061566589,0.1829073631539924,0.6897338290540267,0.7010742995185825,0.4592790684567428,0.9569820569250084,0.4838818801834198,0.3871542102748947,0,0,0,0,0,0,0,0,0,0,0
252,Slytherin,Mirna,Billingsley,1.0,0,0.5469897777709045,0.2245693271956511,0.1768055389604832,0.7754306728043491,0.3453275760968068,0.3110640671362721,0.3290443005010538,0.7957785778942542,0.6272537279981582,0.8234001675507309,0.3737549195271308,0.3924282399206306,0.2042167889868415,0,0,0,0,0,0,0,0,0,0,0
857,Slytherin,Hillary,Alcorn,0.8,0,0.3633376119264494,0.1270272576627387,0.2559164513371497,0.8729727423372614,0.3073191534729996,0.217516849350112,0.218635426686225,0.8288187427528162,0.7107494516271101,0.8654592114846782,0.6939897977695129,0.4700107633802511,0.2179832370695271,0,0,0,0,0,0,0,0,0,0,0
827,Ravenclaw,Karrie,Eddy,1.0,1,0.5901829485176995,0.2438270198100687,0.8463822988090168,0.7561729801899315,0.7999360307052614,0.8531687476177406,0.7796866309675524,0.7199593600734738,0.8495228809602772,0.7158579320752811,0.7181360437515726,0.9803317052574374,0.3750597125113997,0,0,0,0,0,0,0,0,0,0,0
1119,Ravenclaw,Ellis,Hooker,0.6,0,0.5760249292485656,0.3067277993976893,0.7213811838098722,0.6932722006023109,0.7323951170105016,0.7478677763910887,0.605869775036532,0.633791173640075,0.7205996639774103,0.5222972111248768,0.71311687761075,0.8026503069275861,0.3818995092717245,0,0,0,0,0,0,0,0,0,0,0
859,Gryffindor,Filiberto,Albritton,0.4,0,0.5362108160772002,0.7444749518295192,0.2914566307161672,0.2555250481704809,0.7588890665813743,0.2347511659998311,0.7452577808102305,0.2000320131695848,0.3693027384192656,0.5838250337729697,0.5387424682648898,0.2863665534555947,0.8237938072697268,0,0,0,0,0,0,0,0,0,0,0
295,Gryffindor,Alvina,Gragg,1.0,0,0.5529823855991834,0.6991886755558104,0.1536613715601591,0.3008113244441896,0.6404925635694867,0.1193402202059834,0.5647606412836303,0.1529334899376878,0.0847531598549172,0.2958725259167336,0.4500397931505572,0.1172835069866521,0.8290050809918791,0,0,0,0,0,0,0,0,0,0,0
904,Slytherin,Janette,Coleman,0.8,1,0.5149544561805051,0.2438568764128024,0.2904768665290591,0.7561431235871977,0.2566767951383336,0.1891549543271817,0.246663044005478,0.5697747007282028,0.774923115308714,0.8268375202370781,0.3583624378742846,0.3571067225366772,0.2656446779867112,0,0,0,0,0,0,0,1,0,0,0
1397,Gryffindor,Rolf,Cottle,0.2,0,0.8366531091969133,0.8332422751994937,0.1868094788712594,0.1667577248005064,0.5510421664267818,0.2362572570708166,0.687983110446844,0.1773431941767701,0.0859061525173095,0.3593969168101988,0.2575720111482145,0.0179757433722675,0.7961740565423199,0,0,0,0,0,0,0,0,0,0,0
1054,Ravenclaw,Ramiro,Nixon,0.4,1,0.3684409940769837,0.235049571736207,0.6006818254483177,0.7649504282637932,0.7007836238605469,0.6298587343516537,0.5957814009967629,0.6265625244139418,0.7366416321192013,0.6855753349168677,0.2832555498454826,0.8005717449196795,0.4367915924783949,0,0,0,0,0,0,0,0,0,0,0
940,Gryffindor,Ashleigh,Allen,0.4,0,0.8968343565872292,0.6038922273308674,0.1116626901019729,0.3961077726691326,0.5329175329175329,0.1678603963575534,0.6694294388103752,0.1733073299764471,0.1271934692358713,0.3084633267614978,0.4393182792852214,0.0651164853773557,0.7050419073261823,0,0,0,0,0,0,0,0,0,0,0
1038,Hufflepuff,Randy,Prather,0.8,0,0.5616658676522895,0.8036504466752917,0.5949225194536235,0.1963495533247082,0.7382056612825844,0.2807838698979872,0.2690636471564299,0.5368894244935362,0.7704131850540482,0.513072125154308,0.547132806039825,0.3864850797764682,0.4211577713119382,0,0,0,0,0,0,0,0,0,0,0
245,Hufflepuff,Dennis,Seidel,1.0,0,0.6909670135935543,0.6314925596551628,0.6457442797795717,0.3685074403448373,0.7210938749400289,0.2395977680864664,0.2499497687990935,0.6380451675534009,0.8045564591439709,0.4802751197998106,0.6387707531094309,0.465845778784182,0.3031875624267164,0,0,0,0,0,0,0,0,0,0,0
66,Hufflepuff,Bart,Burnside,0.8,1,0.6850053353540665,0.6920570634390124,0.6683944515728121,0.3079429365609877,0.7750946212484674,0.0865854325997064,0.3933515716151942,0.6817294163926355,0.8779705234495322,0.7602498078581568,0.5506526535533016,0.489336561411625,0.3799452816259174,0,0,0,0,0,0,0,0,0,0,0
1172,Hufflepuff,Santiago,Loy,0.4,0,0.5235606142616334,0.7979226911873362,0.6402926846234747,0.2020773088126639,0.8519110826803135,0.3337204043320801,0.2582472654308779,0.725210066932282,0.6939456107807009,0.525944530392234,0.7958851557632417,0.4978060559033244,0.3466148434446519,0,0,0,0,0,0,0,0,0,0,0
333,Hufflepuff,Hal,Sawyers,1.0,1,0.6448587291031965,0.6043847111624222,0.7132779215276994,0.3956152888375779,0.7443360520283597,0.2762138314496499,0.3648852869294015,0.6455495743453944,0.7081968684907124,0.5116389376883685,0.4621257460798545,0.5415788200033801,0.4031354496894949,0,0,0,0,0,0,0,0,0,0,0
1122,Slytherin,Liz,Oswalt,0.8,1,0.5983638247529499,0.2167762672408532,0.2605539821383158,0.783223732759147,0.6333445105435446,0.2194244649113824,0.1146451340084663,0.6434414225348413,0.8398051983739967,0.7362418805831623,0.5656414646968253,0.2399352288186842,0.1895166543622704,0,0,0,0,1,0,0,0,0,0,0
1295,Slytherin,Garrett,Getz,0.8,1,0.5670630808963395,0.2832952083935815,0.1643056052128281,0.7167047916064186,0.1549123087584625,0.3918531385091905,0.3343442193973532,0.6314627017004301,0.7222812219752518,0.8464393862709256,0.6862509171990374,0.2665918601445566,0.271203369957007,0,0,0,0,0,0,0,0,0,0,0
278,Hufflepuff,Eunice,Bishop,0.6,1,0.5055131992020166,0.8376765277649627,0.5626526644507402,0.1623234722350373,0.8682765605842528,0.3047254691634115,0.2892289278565279,0.5965510281177161,0.7429740347385109,0.535684562495726,0.4952626484138253,0.440231235812355,0.3988578625092283,0,0,0,0,0,0,0,0,0,0,0
551,Slytherin,Harriett,Nakamura,0.2,1,0.7488130770301409,0.5075954586018546,0.1802166280523549,0.6760748838886218,0.0868383176075484,0.2850956024848909,0.2636889830258658,0.6209139527827029,0.7635658209331307,0.788960743831567,0.6060675167017544,0.1619700635415626,0.2124679723802492,0,1,0,0,0,0,0,0,0,0,0
1598,Hufflepuff,Charlotte,Dillon,1.0,0,0.8280082891297961,0.7163140692713801,0.6270834316992099,0.28368593072862,0.8244042859427475,0.1169201953727905,0.2157520841365243,0.6107418981507756,0.9427601231976372,0.4717268783409535,0.4366882332755227,0.4171216913273652,0.2272549615668563,0,0,0,0,0,0,0,0,0,0,0
1259,Gryffindor,Darrin,Lees,1.0,1,0.5647124321482145,0.7047266593254068,0.2798982272865136,0.2952733406745932,0.7386854309931232,0.1123947098018964,0.6321717795052892,0.0477548178029955,0.1287858269061697,0.2164502859936461,0.5402073409976276,0.1940145611634561,0.9150345246884092,0,0,0,0,0,0,0,0,0,0,0
1285,Gryffindor,Marshall,Giron,0.8,1,0.7297836475264061,0.6181059383516754,0.1514373779795194,0.3818940616483247,0.6719441334825951,0.2926272670254141,0.6339899283496029,0.2116108675932787,0.1852968167646798,0.2894829988577319,0.362296117674054,0.1898627711128166,0.6765970382594346,0,0,0,0,0,0,0,0,0,0,0
651,Slytherin,Lynwood,Labelle,1.0,1,0.5197098804571393,0.216946654346372,0.1760787336707812,0.783053345653628,0.1310304387227464,0.2569375645129138,0.1921696201112099,0.5697747007282028,0.8386776227623569,0.8745751661704981,0.7389147444262436,0.279203318961573,0.1878229904025709,0,0,0,0,0,0,0,1,0,0,0
1317,Slytherin,Lia,Layton,0.8,1,0.5783446484078995,0.2489152981993838,0.2088261853736648,0.7510847018006163,0.0001599232368463,0.2366207266565757,0.1623484635993386,0.6447957291473939,0.8656567751936498,0.8733419433059316,0.3513718326766891,0.1956007139652757,0.2117514222434533,0,0,0,0,0,0,0,0,0,0,0
1165,Hufflepuff,Leone,Moya,0.2,1,0.7772914959095619,0.6591541015513659,0.573621013876521,0.3408458984486341,0.8008955701263394,0.2885776147118081,0.1956089777902097,0.9169125726448504,0.7951027697688762,0.5741397902752077,0.4838319124846807,0.4943794043813755,0.0779085421461762,0,0,0,0,0,0,0,0,0,0,0
1251,Hufflepuff,Nestor,Tafoya,1.0,1,0.5752284923371944,0.7826937614879435,0.5905063219413711,0.2173062385120565,0.7511061357215203,0.3976726236813581,0.3488404438572653,0.882996982137679,0.6241523175921884,0.7231886748900767,0.3605731385117973,0.4858124948414946,0.3062057584574629,0,0,0,0,0,0,0,0,0,0,0
1462,Gryffindor,Lawanda,Epstein,0.4,0,0.554467005861157,0.7943785705510128,0.3028619433458405,0.2056214294489871,0.776374007143238,0.1280861118723017,0.6389257051141918,0.1268502603547188,0.1907693471394703,0.332022713675922,0.5343093229286745,0.2044626759997955,0.8834628913883703,0,0,0,0,0,0,0,0,0,0,0
1048,Ravenclaw,Garland,Bueno,1.0,0,0.7346395929666115,0.2761377877124147,0.7713483554003226,0.7238622122875854,0.8197665120742044,0.7982807087346401,0.7337391592196231,0.633007940938687,0.7915418229584669,0.5363021767976147,0.5828833375825417,0.8760257355397612,0.3444217657532462,0,0,0,0,0,0,0,0,0,0,0
1363,Gryffindor,Lina,Townsend,0.2,0,0.7085040904381176,0.6511546249059611,0.199876219644345,0.348845375094039,0.6229543152620075,0.1182971575774609,0.6498983871692768,0.1235187661231646,0.1980298602737968,0.3397772224140932,0.5858832550204942,0.137710347723997,0.8009944847353108,0,0,0,0,0,0,0,0,0,0,0
22,Ravenclaw,Joseph,Coulter,1.0,0,0.4967523931769327,0.3540489444854436,0.7415190871192874,0.6459510555145566,0.8292552907937524,0.8407796308979802,0.7430854788222113,0.662485958453709,0.8990863771136415,0.7686406302589004,0.5773838184911558,0.90552003633834,0.390302688148695,0,0,0,0,0,0,0,0,0,0,0
130,Slytherin,Oma,Whitlow,0.8,0,0.5512348638324853,0.283601530072842,0.2381416497809692,0.7163984699271582,0.2194679886987579,0.3504504319511797,0.3743366273578865,0.6182481838322511,0.6889345501449335,0.8212093053861137,0.5335640026860782,0.3193933428745811,0.3325444043948409,0,0,0,0,0,0,0,0,0,0,0
337,Ravenclaw,Mirna,Hubbard,0.4,1,0.7742913257968236,0.2043993206151218,0.7562898917727041,0.7956006793848782,0.7697105389413083,0.867145361031223,0.7718639681220911,0.6418954117904564,0.7505452577986189,0.5196608986405618,0.3749681604800083,0.8897797858441056,0.3298736266122378,0,0,0,0,0,0,0,0,0,0,0
228,Hufflepuff,Juan,Daniel,0.4,0,0.8706601920727464,0.5804747468004895,0.5583812714126498,0.4195252531995107,0.7992963377578762,0.3024981526109973,0.2407647152367023,0.6975441670169722,0.8061094548437328,0.3791577904432583,0.1238655069475538,0.4714652514627698,0.1351891258088331,0,0,0,0,0,0,0,0,0,0,0
1049,Ravenclaw,Clayton,Graham,0.4,1,0.6967121847115043,0.1631985209056062,0.7543878876058535,0.836801479094394,0.7131510208433285,0.7510100652319622,0.7614522474275088,0.6197553778525934,0.6675804743256318,0.532111063044137,0.5287238579710224,0.8695458100580621,0.4176618751899943,0,0,0,0,0,0,0,0,0,0,0
80,Hufflepuff,Concepcion,Wilkinson,0.6,0,0.5447396501863507,0.7267094921718464,0.5988257708688364,0.2732905078281537,0.7147502532117918,0.3129585774570285,0.2640634077675483,0.7236637751254008,0.730700261142571,0.6131208244671289,0.6186157773885597,0.4555807031738215,0.3363442914839102,0,0,0,0,0,0,0,0,0,0,0
983,Ravenclaw,Walker,Baldridge,1.0,0,0.4278799313363128,0.3765401111203245,0.6893250137854423,0.6234598888796756,0.8198198198198199,0.7033971103578645,0.6633052421041182,0.6122003946714958,0.8144124074071015,0.7007543707430424,1.0,0.8328565517094236,0.4465193034264125,0,0,0,0,0,0,0,0,0,0,0
299,Hufflepuff,Randal,Bays,0.2,0,0.642005474537216,0.6861441756692787,0.7115247576486109,0.3138558243307214,0.7212004904312597,0.1942902131493395,0.3847668675062465,0.5902040069653778,0.7754023261058334,0.605360879181146,0.8865500936948858,0.4809605516779815,0.4591783558431407,0,0,0,0,0,0,0,0,0,0,0
32,Ravenclaw,Carroll,Kersey,0.6,1,0.6234554536597436,0.3354882065088737,0.673995031729705,0.6645117934911264,0.814115891038968,0.905749630559017,0.7945929592223372,0.7030580647545144,0.8759202278778215,0.781389079293889,0.3321892920313115,0.8814821011780203,0.3179094106917966,0,0,0,0,0,0,0,0,0,0,0
1580,Hufflepuff,Silvia,Landers,1.0,1,0.6711179499868549,0.7208134165561114,0.6824284797251129,0.2791865834438887,0.6333445105435446,0.3954055356522545,0.2298724125196651,0.5793324420361755,0.6741272620509353,0.3244167502644752,0.6899039127163791,0.420286978555776,0.3643331740999696,0,0,0,0,1,0,0,0,0,0,0
1355,Ravenclaw,Sabina,Fox,0.2,0,0.369237430988355,0.2063744903659438,0.6962072259181633,0.7936255096340563,0.6577642731488885,0.748956846406881,0.5936970175971819,0.678024342760951,0.8535142311535444,0.7385183692088593,0.471546194171816,0.870568246961465,0.3843748642897469,0,0,0,0,0,0,0,0,0,0,0
556,Gryffindor,Chester,Fry,0.8,0,0.6727649505899819,0.882531765941944,0.220083466126753,0.117468234058056,0.6025374486912949,0.3955723885441402,0.6477968264692762,0.1602484381302285,0.082831423974956,0.3548894649575517,0.4696471068989911,0.0524216482626152,0.8561688452685978,0,0,0,0,0,1,0,0,0,0,0
1277,Gryffindor,Colleen,Hairston,0.4,0,0.4515719963503085,0.842956633526188,0.299072028385891,0.1570433664738121,0.799882722959646,0.3478695658912769,0.6458887668307189,0.1682160127014408,0.2351908309348334,0.3764019591302701,0.6105352738533046,0.2574514089809379,0.8466799843661789,0,0,0,0,0,0,0,0,0,0,0
339,Ravenclaw,Christin,Curran,0.8,1,0.5019408316966426,0.8250337273252206,0.6475889817720892,0.1749662726747793,0.7416173570019723,0.2556657339213068,0.28919278902442,0.6795354992681018,0.7487268523403088,0.6628541862748496,0.4948319030565974,0.4373099073069151,0.422656012507057,0,0,0,0,0,0,0,0,0,0,0
969,Hufflepuff,Corey,Villarreal,0.2,0,0.4100026290150472,0.8951306260638227,0.7863959476235021,0.1048693739361774,0.5903832826909751,0.4328392034963158,0.0732966644167495,0.7272528791932837,0.6105668400325823,0.4246951844215519,0.5689527496676499,0.3977762418453502,0.4160333521518218,0,0,0,0,0,0,0,0,0,0,0
325,Ravenclaw,Bret,Blanco,0.8,1,0.6783168117779874,0.3184383964178504,0.8029101892097044,0.6815616035821498,0.7901807132576364,0.3955723885441402,0.6970015075404221,0.8214227913694854,0.7274961158073842,0.6761665682023802,0.3958312446690146,0.8860176559861971,0.3191688018413167,0,0,0,0,0,1,0,0,0,0,0
990,Slytherin,Jaime,Gill,0.4,1,0.444233951409616,0.1814705922121108,0.3205209426549262,0.8185294077878895,0.3735806812729889,0.1285428438282727,0.2029807199822533,0.7927767184710812,0.7513648807413206,0.803496221110556,0.3476172365678813,0.4604188903218856,0.2234767881182959,0,0,0,0,0,0,0,0,0,0,0
937,Hufflepuff,Zenaida,Mclaurin,0.6,0,0.4606575630576991,0.8110600371105,0.625624601749293,0.1889399628895001,0.8392238392238393,0.2511159163089231,0.2945033127291858,0.561492801583356,0.76178118630041,0.5512773907224987,0.296852065865408,0.4612403209587216,0.4619577018282885,0,0,0,0,0,0,0,0,0,0,0
262,Ravenclaw,Jung,Pullen,0.4,1,0.4723876096067302,0.2146290213407453,0.7812000100387833,0.7853709786592548,0.7130977130977131,0.6011337614266066,0.6695742197521238,0.6587281913737176,0.6827622198606608,0.6457370407580632,0.4230973745114024,0.8726265960487111,0.4914013983584488,0,0,0,0,0,0,0,0,0,0,0
1203,Ravenclaw,Hellen,Friday,1.0,0,0.512889906128698,0.2961649645040634,0.732996899835815,0.7038350354959366,0.7857028626259396,0.6597926160430985,0.8251249231852704,0.6750109681945649,0.6830428318495885,0.7910808342141429,0.1924050027371509,0.8786099012991858,0.5167629304729231,0,0,0,0,0,0,0,0,0,0,0
336,Slytherin,Mohamed,Bechtel,0.8,0,0.8465196480212795,0.3595924906675777,0.2143017024277425,0.6404075093324225,0.1153046537661922,0.4522628985192369,0.4477538753669182,0.5264404221039547,0.5530723335837191,0.6542061178769631,0.5259753529253554,0.1690356022523935,0.3382768054892083,0,0,0,0,0,0,0,0,0,0,0
624,Gryffindor,Stephan,Pointer,0.8,1,0.2570326152513802,0.7333693169104449,0.2326848387931057,0.2666306830895552,0.7955647955647955,0.2498598516643222,0.6775187224544839,0.2281908807926938,0.2880625231080262,0.6028677537824265,0.1121678577504732,0.3295649337268865,0.8762105354583749,0,0,0,0,0,0,0,0,0,0,0
1457,Gryffindor,Carol,Parham,0.4,0,0.3790421106351391,0.7692489628943923,0.1796299773024564,0.2307510371056078,0.777120315581854,0.3825693931452565,0.6212806085393487,0.2589423878617902,0.1555410895845547,0.4173898140540131,0.6336734751454595,0.2635882762814296,0.7883571459590916,0,0,0,0,0,0,0,0,0,0,0
927,Ravenclaw,Abdul,Tam,0.2,1,0.4537293351684889,0.2602592456385209,0.5532745068218708,0.7397407543614791,0.7574497574497574,0.7321579322897487,0.7063594677632907,0.733292860320164,0.6419646504520408,0.8763297298552624,0.390141430726507,0.8439506378018677,0.3343900638381031,0,0,0,0,0,0,0,0,1,0,0
1287,Hufflepuff,Sheri,Mccool,0.0,0,0.6141069854476284,0.7320025582135217,0.6976040412572763,0.2679974417864784,0.7285036515805746,0.1940391621335683,0.3326328038071073,0.5697747007282028,0.7963371379844135,0.5839482928558049,0.8180268910202395,0.4563504785689702,0.4405480522864463,0,0,0,0,0,0,0,1,0,1,0
236,Slytherin,Roosevelt,Cruz,1.0,1,0.5376490419559872,0.3001075540265457,0.2442844560485105,0.6998924459734545,0.1748494056186364,0.2647349783280817,0.2679299144621618,0.581636477544257,0.8562624379999868,0.8508853350483444,0.6912518148458076,0.2748305904587155,0.2895731098275937,0,0,0,0,0,0,0,0,0,0,0
945,Gryffindor,Maurine,Culp,0.4,1,0.5722327315671748,0.7976383133086291,0.3589626469781933,0.2023616866913709,0.8336798336798337,0.1565275189019493,0.7079321461032714,0.1232855561377085,0.2977887870443212,0.4483378527449934,0.6659707961137106,0.2888507775517553,0.9171624614582882,1,0,0,0,0,0,0,0,0,0,0
281,Ravenclaw,Adela,Marshall,1.0,0,0.4890741227595379,0.2901567627701842,0.7033046457230349,0.7098432372298159,0.777973239511701,0.7819083511196112,0.7643281507431758,0.6966084942807157,0.8332555046595995,0.8181720829883843,0.4020944495398466,0.897165923935411,0.4062839275632953,0,0,0,0,0,0,0,0,0,0,0
1354,Hufflepuff,Ahmad,Barnette,0.8,0,0.4379243152962281,0.858544209438487,0.7681281639003708,0.1414557905615129,0.653552961245269,0.2764735649843757,0.2792768904951024,0.6780297242216805,0.6959253366440732,0.6612658215849498,0.431390734357031,0.4404036071079861,0.5149606983106788,0,0,0,0,0,0,0,0,0,0,0
923,Ravenclaw,Clifford,Negron,0.8,1,0.6734531339405843,0.1513266801531564,0.8549413738820492,0.8486733198468438,0.7263713417559572,0.6744750053809956,0.676730357618572,0.6743488306367329,0.6643229223189102,0.4789924423640876,0.4075935900045584,0.9073720451938442,0.4071959004646719,0,0,0,0,0,0,0,0,0,0,0
1159,Gryffindor,Max,Craft,0.0,0,0.4625829299599462,0.8865357410166318,0.3659927079845775,0.1134642589833681,0.8208859747321287,0.1853486917657048,0.732042794831694,0.1103073710908736,0.1837181829752453,0.4257049371018622,0.3756609319181614,0.2442043661031571,0.9889043296999176,0,0,0,0,0,0,0,0,0,0,0
630,Gryffindor,Wallace,Conklin,0.8,1,0.6594806922041971,0.6894080947839023,0.2018038913077914,0.3105919052160977,0.6581374273681966,0.2267043428248778,0.4590815701851126,0.1634275650961832,0.1688813088599496,0.4049862562487301,0.3966673423731596,0.1791201652518552,0.818995092717245,0,0,0,0,0,0,1,0,0,0,0
1109,Hufflepuff,Roxann,Schuster,0.8,0,0.6375748109428885,0.7772375940271248,0.9008815616145848,0.2227624059728753,0.6345220960605576,0.3955723885441402,0.2196574664546418,0.6013672622681488,0.6709742508599666,0.3516116829152381,0.511795171951926,0.4551494941997343,0.4728796630042993,0,0,0,0,0,1,0,0,0,0,1
1319,Hufflepuff,Della,Kirkwood,0.6,1,0.4417209223203377,0.7581304239728676,0.7290867249068939,0.2418695760271325,0.7078735540274002,0.2749802803302312,0.3098138806042307,0.5656750690131355,0.7055362995293482,0.5536879812139339,0.5270186198503211,0.4766074746257667,0.53302644721414,0,0,0,0,0,0,0,0,0,0,0
947,Hufflepuff,Juliana,Beckman,0.2,0,0.4458886844099408,0.707922512643205,0.7927229950177538,0.292077487356795,0.6305240151393998,0.374135292535359,0.2245777074541112,0.7704642753797691,0.6120316611390823,0.5338833308767076,0.4681259629986964,0.5234026318345643,0.4272158770139402,0,0,0,0,0,0,0,0,0,0,0
796,Gryffindor,Benton,Pina,1.0,1,0.630445540726536,0.8127978140811273,0.2541357887985864,0.1872021859188727,0.7459352843968229,0.3725220779176626,0.6698573233166524,0.5697747007282028,0.199885953836916,0.3526006613617031,0.6927062865006076,0.2088744266689275,0.7659703825943458,0,0,0,0,0,0,0,1,0,0,0
689,Ravenclaw,Barb,Gonzalez,0.8,1,0.7542644170545753,0.2020197184893105,0.6355091433704899,0.7979802815106897,0.7443360520283597,0.8249881283620435,0.7238413206633955,0.6664842038993698,0.7417742760704388,0.558845519008172,0.429521201647296,0.8282830976750094,0.2820601902114908,0,0,0,0,0,0,0,0,0,0,0
384,Gryffindor,Rachael,Coyle,0.8,1,0.6272211310950621,0.912416604460528,0.285121872679264,0.0875833955394718,0.6741830587984434,0.1442969415434747,0.7434275642506467,0.1881587407030755,0.1769847007217365,0.5489093227851749,0.3248998252007222,0.1193067641977518,0.9170104659747254,0,0,0,0,0,0,0,0,0,0,0
477,Hufflepuff,Brady,Hopkins,0.6,1,0.5593925428761425,0.7773126397008268,0.6819976703781947,0.2226873602991733,0.7510528279759049,0.2780332652992919,0.2409785330899549,0.6354025769498025,0.7500854893673766,0.5076180222544803,0.6532028087815243,0.4499443863946837,0.3908455291614192,0,0,0,0,0,0,0,0,0,0,0
816,Slytherin,Darrel,Matney,0.8,0,0.4894143482362402,0.1207474944952258,0.2490046118233246,0.8792525055047744,0.2360466975851591,0.2021508912432612,0.1336170783193682,0.7146238337904856,0.6419646504520408,0.7409611573586156,0.6484768667140111,0.3849792171872716,0.1609632170929778,0,0,0,0,0,0,0,0,1,0,0
986,Ravenclaw,Fidel,Eagle,1.0,0,0.2197315311692931,0.2943626491098967,0.5577348654272483,0.7056373508901034,0.7173090250013326,0.6390152687878188,0.5987478684775157,0.6631938193020626,0.8330323033246737,0.8734672838425587,0.4584682527454555,0.8126745119000759,0.4442393711729709,0,0,0,0,0,0,0,0,0,0,0
633,Hufflepuff,Marjory,Bayer,0.2,0,0.7226543773100537,0.7575425750270902,0.6547256931757847,0.2424574249729099,0.7878884801961725,0.1551971236353396,0.231963189743798,0.6481400171215573,0.8840954815069475,0.5435609605065579,0.2776212032314922,0.4259106622595019,0.2902028054023537,0,0,0,0,0,0,0,0,0,0,0
1128,Slytherin,Wilbert,Cochrane,0.2,1,0.6722855419637196,0.244461086143894,0.2382383517268961,0.755538913856106,0.1876432645663414,0.3660132895401726,0.3410508460775555,0.6744311398594857,0.5676834975765419,0.6937248800410997,0.4345989798708985,0.2960047477904755,0.2742215659877535,0,0,0,0,0,0,0,0,0,0,0
298,Ravenclaw,Marietta,Mireles,0.2,0,0.8646443870528742,0.2677653031524182,0.7765695336205346,0.7322346968475819,0.8029745722053414,0.729768103718056,0.7086796090369946,0.6530171930659048,0.7164677324107454,0.4457864770907033,0.3448275570637481,0.830821503627939,0.3145220827723976,0,0,0,0,0,0,0,0,0,0,0
457,Ravenclaw,Sallie,Leon,0.2,1,0.4646629448061488,0.1782809162159214,0.5818921399294866,0.8217190837840788,0.6719974412282105,0.7060198108418371,0.5637116769752202,0.6757997298244571,0.7815465245135172,0.6477299771428912,0.5250298640653694,0.8077226270732987,0.320341338428801,0,0,0,0,0,0,0,0,0,0,0
49,Gryffindor,Efren,Sotelo,0.8,0,0.5994695575522323,0.811319164157614,0.299612571905438,0.1886808358423861,0.7603816834586066,0.3009132257729887,0.6677582447367945,0.1532365460732949,0.2384052255962365,0.3466914847487096,0.2058366211325397,0.2200956857205259,0.8194727928084423,0,0,0,0,0,0,0,0,0,0,0
610,Ravenclaw,Lenard,Gossett,0.4,1,0.4400893865116063,0.1941375600421218,0.6635583143376044,0.8058624399578783,0.6829788368249907,0.694325363452229,0.7104053240619472,0.6730224279103887,0.7552246681471746,0.7749180628906318,0.1837513913565497,0.8627371438806225,0.4392018065748904,0,0,0,0,0,0,0,0,0,0,0
1518,Ravenclaw,Sung,Hammonds,0.6,1,0.3896509595904922,0.5075954586018546,0.735035608212109,0.7865375009146642,0.6850578389039927,0.7514853333798156,0.6536616140492809,0.609018408512451,0.738248612413871,0.6376824011768014,0.4237758796823433,0.8753323200671074,0.4765709818908238,0,1,0,0,0,0,0,0,0,0,0
1493,Hufflepuff,Rosalind,Shank,0.8,1,0.6694322873977391,0.8438224610691315,0.5570787522205797,0.1561775389308685,0.9154006077083,0.2322864695335524,0.1894871579256692,0.7831753150110768,0.8398300469786601,0.5704691003912484,0.5680903424912814,0.439523502854233,0.1851087853389499,0,0,0,0,0,0,0,0,0,0,0
52,Slytherin,Adelina,Bivins,0.6,1,0.5054126780384455,0.1551555262712907,0.4065023927028153,0.8448444737287095,0.217175755637294,0.1738778045252457,0.1700372017736222,0.5606972930226082,0.8316246586928955,0.6336138053426076,0.71298110587298,0.3890209591143152,0.3066183176271334,0,0,0,0,0,0,0,0,0,0,0
1234,Hufflepuff,Dennis,Passmore,1.0,0,0.5086138904783261,0.803047258195558,0.6547803723852658,0.1969527418044419,0.8714217175755637,0.2429192781919797,0.307777516225759,0.6199385225242677,0.7625952812557514,0.5641570345547056,0.1516967697962772,0.4925579956418697,0.4271724497329222,0,0,0,0,0,0,0,0,0,0,0
1255,Ravenclaw,Kareem,Mullins,0.8,0,0.8456149575491394,0.5075954586018546,0.6672966271608846,0.86377642891089,0.635908097446559,0.8854560749169691,0.6399698242043429,0.6851342825103235,0.7098073543666038,0.4231746708087731,0.4890813241737417,0.8018883921126942,0.2111651539497112,0,1,0,0,0,0,0,0,0,0,0
1568,Ravenclaw,Elaine,Sargent,0.8,1,0.5281381934027187,0.1660009356588974,0.7579961228410734,0.8339990643411026,0.7088864011940936,0.7811954312837757,0.7350308543077523,0.6141456599688435,0.7895668892641773,0.6479750495902636,0.4916252000627722,0.912263291258642,0.4326225735006732,0,0,0,0,0,0,0,0,0,0,0
305,Gryffindor,Brain,Kellum,0.8,1,0.5722327315671748,0.8102802858524625,0.1373799465015526,0.1897197141475376,0.698598006290314,0.3704599204851546,0.5077666755440325,0.2936839481832951,0.1845564047818591,0.4117412271402508,0.4370595339023409,0.1810589212251954,0.7172449732922223,1,0,0,0,0,0,0,0,0,0,0
860,Gryffindor,Jodi,Fishman,0.4,1,0.7224146729969225,0.6970054578723892,0.2811351919890451,0.3029945421276109,0.642731488885335,0.1272756909438235,0.8565910815146551,0.0917565437727836,0.2172333897573885,0.5175185474979236,0.3324376163225205,0.1867631758765536,0.933491119121032,0,0,0,0,0,0,0,0,0,0,0
331,Hufflepuff,Ivette,Bueno,0.0,1,0.5722327315671748,0.750914397407211,0.8239500994938092,0.2490856025927889,0.7119249426941735,0.2552421515811042,0.2049801117611593,0.5221993940709617,0.7326873629851784,0.3828125665362708,0.6601829768548574,0.4833555020412243,0.5156989620879837,1,0,0,0,0,0,0,0,0,0,0
1220,Slytherin,Jamar,Parr,0.6,0,0.723381222646645,0.3087535853634667,0.2906083625029448,0.6912464146365336,0.1362012900474438,0.3195554234012135,0.2916299831046683,0.5453614774245096,0.7011833448178962,0.6494495854185284,0.7613066401461108,0.2248855864470116,0.3009510574542928,0,0,0,0,0,0,0,0,0,0,0
1415,Hufflepuff,Delmer,Cope,0.2,0,0.4124074045435565,0.8305974046107032,0.6393558631331495,0.1694025953892969,0.7323418092648861,0.4087414288299275,0.2064206549162559,0.9423246819936648,0.6236485816893859,0.7036803257712563,0.6050352103638678,0.4956424311876382,0.2989751161679767,0,0,0,0,0,0,0,0,0,0,0
980,Ravenclaw,Terrance,Gamble,0.2,1,0.5801076349689931,0.3318717281236986,0.6830581681187375,0.6681282718763015,0.8073458073458072,0.6923173346122719,0.8133556418413899,0.5923640078721115,0.7093332580316438,0.7022863165584275,0.5243254505756886,0.8265829664594658,0.493963607938507,0,0,0,0,0,0,0,0,0,0,0
1151,Slytherin,Cameron,Tillery,0.8,1,0.7509549510539257,0.5075954586018546,0.3302455718515875,0.6966067085746382,0.2695239618316541,0.2606682608632815,0.3310280347023038,0.6403914810001393,0.5917383834554134,0.6202590711544054,0.5791322793530397,0.2990313519243547,0.2974768749728579,0,1,0,0,0,0,0,0,0,0,0
1113,Hufflepuff,Leonard,Strange,0.4,1,0.6363994865688261,0.8471555525883776,0.2817923995522862,0.1528444474116225,0.7262647262647263,0.2193666988068899,0.666341334435605,0.1063676564928604,0.0707349395368008,0.5839482928558049,0.1996432289340487,0.137839205093207,0.9003126764233292,0,0,0,0,0,0,0,0,0,1,0
1477,Ravenclaw,Tommy,Herron,0.6,0,0.5929434143173067,0.3744468695495631,0.7666971036007735,0.625553130450437,0.8704621781544859,0.677152402419232,0.7089864516449237,0.812158723300518,0.8344893143295666,0.8037293125539314,0.6417141798198148,0.8972389150377948,0.3315890042124463,0,0,0,0,0,0,0,0,0,0,0
811,Hufflepuff,Nadine,Vieira,0.2,0,0.2495167251751388,0.8215715466546534,0.694651732426387,0.1784284533453467,0.6554187323418093,0.3825144761711373,0.3466352081251969,0.9038492259305012,0.553671362037205,0.8841064627514784,0.6092733999009492,0.5297755972777692,0.5031050505927824,0,0,0,0,0,0,0,0,0,0,0
365,Ravenclaw,Edgar,Lemus,1.0,1,0.2884570774631551,0.3593555212037059,0.841262682901193,0.6406444787962943,0.8155018924249694,0.7529854355683608,0.6110463912205654,0.6274750460510405,0.8777212751401922,0.6929546788573188,0.5085137202027035,0.9316853813981618,0.4834976332131846,0,0,0,0,0,0,0,0,0,0,0
297,Gryffindor,Lilly,Jackman,0.2,0,0.4799653588605539,0.7131539492094905,0.2149348011922613,0.2868460507905095,0.7130444053520977,0.2249176482457201,0.6000433590325643,0.1496913471646438,0.1724461056885405,0.3294476155763508,0.472730092209997,0.208067313517559,0.8335215182177445,0,0,0,0,0,0,0,0,0,0,0
607,Ravenclaw,Jolene,Bouchard,1.0,1,0.739843496280717,0.2366015685640171,0.7975311824203108,0.7633984314359831,0.7176288714750253,0.6039212270595841,0.6877869836121799,0.6697467860392642,0.5560035723861759,0.4665964750302318,0.791700184046568,0.809880356353792,0.4369653016024667,0,0,0,0,0,0,0,0,0,0,0
886,Slytherin,Max,Grier,0.4,1,0.5917912871348375,0.2201508048862021,0.2823301057643206,0.779849195113798,0.1264459725998187,0.2269605057671852,0.1691373552391634,0.5905902207013455,0.8377607213142285,0.7135679537403181,0.271996964652093,0.2716953418762867,0.2369175315933469,0,0,0,0,0,0,0,0,0,0,0
915,Gryffindor,Louis,Falk,0.4,1,0.4877132208527288,0.7800380564367153,0.81872136982059,0.2199619435632847,0.7263713417559572,0.2036931727802093,0.3851785982959992,0.5993505465934539,0.7084045469395548,0.6370863521298068,0.6147516328554415,0.5089506742974187,0.5823381248100057,0,0,0,0,0,0,0,0,0,0,0
903,Hufflepuff,Claudio,Ackerman,0.2,0,0.8649072885575986,0.5684236158872483,0.7163954389719522,0.4315763841127518,0.7072871688256304,0.1974588783180216,0.2452207531188361,0.752715125710961,0.8353943722878276,0.4831969645316007,0.4398095483406761,0.4995957415867934,0.1975289877100794,0,0,0,0,0,0,0,0,0,0,0
153,Slytherin,Sammie,Zimmerman,1.0,1,0.5252153472619582,0.233020402304911,0.2238914406755622,0.7669795976950892,0.2757076603230449,0.2797098059231117,0.2854600819217426,0.7519698234735086,0.6845883357145486,0.8254356353681203,0.5907653958774992,0.3660966997353792,0.2324010943674817,0,0,0,0,0,0,0,0,0,0,0
553,Hufflepuff,Oliver,Switzer,0.2,0,0.6210042837480476,0.6610664476759156,0.6376188594768799,0.3389335523240845,0.7623540700463778,0.2345998337008953,0.4590815701851126,0.6429399198995916,0.781629930284149,0.5505777725869817,0.6959633070101169,0.4878955486095477,0.3555825769748556,0,0,0,0,0,0,1,0,0,0,0
315,Gryffindor,Jimmie,Mckeown,0.4,0,0.5310919691322704,0.901430542805361,0.2110555440432976,0.0985694571946391,0.6669865131403593,0.203407762737251,0.6249084244554509,0.1802438792725098,0.0307132628441852,0.3693824088129954,0.2479830703311426,0.0849459220151837,0.9026143223172798,0,0,0,0,0,0,0,0,0,0,0
662,Slytherin,Eleanore,Hartley,0.4,1,0.3421044492213476,0.1711637204678115,0.1981265546290673,0.8288362795321886,0.2464950157257849,0.2569719841819703,0.2207602108575411,0.7521120359682817,0.8292317565074946,0.9446644811412198,0.7336304580861169,0.4088436581119226,0.2208060103356929,0,0,0,0,0,0,0,0,0,0,0
1584,Slytherin,Josef,Stoll,0.2,1,0.6389743748356865,0.312038583422023,0.2648915047746952,0.687961416577977,0.0948877871954795,0.432257939347339,0.3931486454609443,0.5674028063851411,0.5910915097488558,0.7356752734045441,0.473865343557467,0.2432442523717903,0.3774482129673862,0,0,0,0,0,0,0,0,0,0,0
402,Slytherin,Lincoln,Crowder,1.0,0,0.5657253761811236,0.1864212978666836,0.251781833536949,0.8135787021333166,0.2187216802601418,0.3017557166711487,0.243469479247665,0.6630890789370371,0.7118246399774488,0.7035852066662702,0.5456078798204524,0.346375346076083,0.2339644764841273,0,0,0,0,0,0,0,0,0,0,0
1197,Ravenclaw,Lorene,Cates,1.0,1,0.607820546525834,0.2792073984876588,0.721681939353247,0.7207926015123413,0.8078255770563463,0.7638466347553319,0.701934294688843,0.6430046636529302,0.7480053549021175,0.578144735491269,0.3952036854893681,0.8640880407447566,0.3806184044816954,0,0,0,0,0,0,0,0,0,0,0
955,Slytherin,Elise,Babb,0.2,0,0.4545257720798602,0.2124881125473337,0.4090348863191164,0.7875118874526664,0.2396183165413934,0.2838745204328929,0.3159913595824144,0.5443203704275329,0.7132714488412748,0.6925294347508967,0.5802359058028328,0.4114528092871635,0.4190732618230773,0,0,0,0,0,0,0,0,0,0,0
